Navn;Stasjon;Tid(norsk normaltid);Maksimumstemperatur (døgn);Middeltemperatur (døgn);Nedbør (døgn);Høyeste middelvind (døgn);Snødybde
Sirdal - Sinnes;SN42940;01.01.2014;2,8;1,4;14,1;5;-
Sirdal - Sinnes;SN42940;02.01.2014;2,7;1,7;9,5;5,5;-
Sirdal - Sinnes;SN42940;03.01.2014;3;2,4;3,2;5,8;-
Sirdal - Sinnes;SN42940;04.01.2014;2,8;1,8;24,3;5,8;-
Sirdal - Sinnes;SN42940;05.01.2014;3,1;1,8;14,7;6;-
Sirdal - Sinnes;SN42940;06.01.2014;3,8;1,6;8,7;6,3;-
Sirdal - Sinnes;SN42940;07.01.2014;4,1;3,3;20,7;6,1;-
Sirdal - Sinnes;SN42940;08.01.2014;2,9;1,2;31,6;3,5;-
Sirdal - Sinnes;SN42940;09.01.2014;2,1;0,2;10;3,1;-
Sirdal - Sinnes;SN42940;10.01.2014;1,4;-0,7;0,1;4,5;-
Sirdal - Sinnes;SN42940;11.01.2014;2,7;0,6;3,2;4,4;-
Sirdal - Sinnes;SN42940;12.01.2014;1,2;-5,7;11,6;6,9;-
Sirdal - Sinnes;SN42940;13.01.2014;-7,9;-9,2;0,3;9,1;-
Sirdal - Sinnes;SN42940;14.01.2014;-4;-6;5,3;10,1;-
Sirdal - Sinnes;SN42940;15.01.2014;-0,9;-2,7;0;7,3;-
Sirdal - Sinnes;SN42940;16.01.2014;-1,8;-3;1,2;7,2;-
Sirdal - Sinnes;SN42940;17.01.2014;-3,4;-5,1;4,3;10,4;-
Sirdal - Sinnes;SN42940;18.01.2014;-5,4;-6,2;2,2;13,2;-
Sirdal - Sinnes;SN42940;19.01.2014;-5,4;-6;1,3;13,9;-
Sirdal - Sinnes;SN42940;20.01.2014;-5,4;-6,6;2,1;12,9;-
Sirdal - Sinnes;SN42940;21.01.2014;-5,1;-6,6;0;9,5;-
Sirdal - Sinnes;SN42940;22.01.2014;-6,7;-7,3;0;10,6;-
Sirdal - Sinnes;SN42940;23.01.2014;-5,3;-6,4;1;8,6;-
Sirdal - Sinnes;SN42940;24.01.2014;-5,4;-6,9;2,6;8;-
Sirdal - Sinnes;SN42940;25.01.2014;-5,6;-5,9;1,5;6,8;-
Sirdal - Sinnes;SN42940;26.01.2014;-5,5;-6,8;3,7;8,5;-
Sirdal - Sinnes;SN42940;27.01.2014;-5,2;-6;3,9;10,9;-
Sirdal - Sinnes;SN42940;28.01.2014;-2,8;-3,5;2;9,6;-
Sirdal - Sinnes;SN42940;29.01.2014;-2,3;-4,9;2,5;9,9;-
Sirdal - Sinnes;SN42940;30.01.2014;-5,9;-6,9;1,6;9,4;-
Sirdal - Sinnes;SN42940;31.01.2014;-5,2;-5,8;0,5;9,6;-
Sirdal - Sinnes;SN42940;01.02.2014;-2,1;-3,7;1;9,6;-
Sirdal - Sinnes;SN42940;02.02.2014;2,7;2;9,4;8,1;-
Sirdal - Sinnes;SN42940;03.02.2014;2,5;1,3;15;5,8;-
Sirdal - Sinnes;SN42940;04.02.2014;1,1;-0,4;0,3;7,1;-
Sirdal - Sinnes;SN42940;05.02.2014;0,2;-0,6;2;8,2;-
Sirdal - Sinnes;SN42940;06.02.2014;1,5;-0,1;0,8;7,9;-
Sirdal - Sinnes;SN42940;07.02.2014;2,2;0,5;3,9;8,5;-
Sirdal - Sinnes;SN42940;08.02.2014;1,6;0,5;6,2;5;-
Sirdal - Sinnes;SN42940;09.02.2014;2,5;1,2;13,2;8,5;-
Sirdal - Sinnes;SN42940;10.02.2014;2,4;0,9;35,8;6,1;-
Sirdal - Sinnes;SN42940;11.02.2014;2,1;-0,1;10,5;6;-
Sirdal - Sinnes;SN42940;12.02.2014;0,1;-1,1;3,2;6,6;-
Sirdal - Sinnes;SN42940;13.02.2014;1,4;0,2;14,7;10,5;-
Sirdal - Sinnes;SN42940;14.02.2014;2;0,8;20,8;7,5;-
Sirdal - Sinnes;SN42940;15.02.2014;2,6;0,8;13,8;8,4;-
Sirdal - Sinnes;SN42940;16.02.2014;3,1;1,2;27,4;5,6;-
Sirdal - Sinnes;SN42940;17.02.2014;2,7;-1,4;7,9;4,7;-
Sirdal - Sinnes;SN42940;18.02.2014;0,3;-2;6,7;3,4;-
Sirdal - Sinnes;SN42940;19.02.2014;-0,4;-2,5;6,6;3,4;-
Sirdal - Sinnes;SN42940;20.02.2014;-2,8;-6,5;4,9;9,4;-
Sirdal - Sinnes;SN42940;21.02.2014;1,7;0,7;7;9,7;-
Sirdal - Sinnes;SN42940;22.02.2014;2,2;1,1;7,7;5,3;-
Sirdal - Sinnes;SN42940;23.02.2014;3,4;2,5;12,5;7,4;-
Sirdal - Sinnes;SN42940;24.02.2014;4,5;3,1;29,9;7,9;-
Sirdal - Sinnes;SN42940;25.02.2014;4,3;2,7;3,2;6,7;-
Sirdal - Sinnes;SN42940;26.02.2014;2,8;2,1;2,9;6,8;-
Sirdal - Sinnes;SN42940;27.02.2014;2,7;2;13,2;7,1;-
Sirdal - Sinnes;SN42940;28.02.2014;2,4;1,3;7,8;6,1;-
Sirdal - Sinnes;SN42940;01.03.2014;2,5;0,7;7,9;3,6;-
Sirdal - Sinnes;SN42940;02.03.2014;1,2;0,2;3,2;6,5;-
Sirdal - Sinnes;SN42940;03.03.2014;2;1,3;4,4;6;-
Sirdal - Sinnes;SN42940;04.03.2014;1,8;0,9;1,1;8,7;-
Sirdal - Sinnes;SN42940;05.03.2014;3;2;0;5,3;-
Sirdal - Sinnes;SN42940;06.03.2014;3,5;2,2;2,8;5,5;-
Sirdal - Sinnes;SN42940;07.03.2014;3,8;2,3;16;7,2;-
Sirdal - Sinnes;SN42940;08.03.2014;3,4;1,6;28,8;9,1;-
Sirdal - Sinnes;SN42940;09.03.2014;6;3,3;1,6;6,1;-
Sirdal - Sinnes;SN42940;10.03.2014;3,5;1,2;3,2;6;-
Sirdal - Sinnes;SN42940;11.03.2014;6,2;-0,1;0;5,8;-
Sirdal - Sinnes;SN42940;12.03.2014;7,9;0,3;0;5,1;-
Sirdal - Sinnes;SN42940;13.03.2014;6,5;-0,4;0,2;4,8;-
Sirdal - Sinnes;SN42940;14.03.2014;3,4;1,5;0;7,2;-
Sirdal - Sinnes;SN42940;15.03.2014;4,1;1,3;26,9;10,2;-
Sirdal - Sinnes;SN42940;16.03.2014;4,9;3,7;5,7;8,7;-
Sirdal - Sinnes;SN42940;17.03.2014;4,8;1,5;15,5;9,5;-
Sirdal - Sinnes;SN42940;18.03.2014;4,7;2,1;3,4;4;-
Sirdal - Sinnes;SN42940;19.03.2014;5,1;2,5;9,1;6,3;-
Sirdal - Sinnes;SN42940;20.03.2014;4;3;32,1;8,5;-
Sirdal - Sinnes;SN42940;21.03.2014;3,7;1,5;19,3;7,8;-
Sirdal - Sinnes;SN42940;22.03.2014;3,4;1,1;6,2;8,3;-
Sirdal - Sinnes;SN42940;23.03.2014;3,2;0,5;14,2;4,1;-
Sirdal - Sinnes;SN42940;24.03.2014;6,4;-0,9;10;3,1;-
Sirdal - Sinnes;SN42940;25.03.2014;4,9;1,1;0,2;7,4;-
Sirdal - Sinnes;SN42940;26.03.2014;1,7;0,4;0;14;-
Sirdal - Sinnes;SN42940;27.03.2014;5,1;2,3;0;7,6;-
Sirdal - Sinnes;SN42940;28.03.2014;8,7;5,9;0,1;10,4;-
Sirdal - Sinnes;SN42940;29.03.2014;10,2;5,4;0;6,4;-
Sirdal - Sinnes;SN42940;30.03.2014;9,2;1,6;0,1;2,9;-
Sirdal - Sinnes;SN42940;31.03.2014;11,6;1,8;0;3,5;-
Sirdal - Sinnes;SN42940;01.04.2014;5,7;1,1;0;4,6;-
Sirdal - Sinnes;SN42940;02.04.2014;6,1;-0,1;0;4,5;-
Sirdal - Sinnes;SN42940;03.04.2014;6,8;-0,8;0;-;-
Sirdal - Sinnes;SN42940;04.04.2014;5,8;0,6;0;5,7;-
Sirdal - Sinnes;SN42940;05.04.2014;2,6;1,1;0;7,1;-
Sirdal - Sinnes;SN42940;06.04.2014;4,8;2,7;6,4;2,5;-
Sirdal - Sinnes;SN42940;07.04.2014;11;4,9;9,5;3;-
Sirdal - Sinnes;SN42940;08.04.2014;6,8;4,5;8,6;7,7;-
Sirdal - Sinnes;SN42940;09.04.2014;6,7;3,4;6,3;5,9;-
Sirdal - Sinnes;SN42940;10.04.2014;3,7;1,4;0,5;4,5;-
Sirdal - Sinnes;SN42940;11.04.2014;6,1;2,1;4,6;5;-
Sirdal - Sinnes;SN42940;12.04.2014;3,3;1,9;1,9;4,8;-
Sirdal - Sinnes;SN42940;13.04.2014;4,6;2,4;26,3;6,9;-
Sirdal - Sinnes;SN42940;14.04.2014;4,1;1,3;7,7;7,1;-
Sirdal - Sinnes;SN42940;15.04.2014;5,1;1,2;0,1;7,5;-
Sirdal - Sinnes;SN42940;16.04.2014;4,3;1,3;0;4,4;-
Sirdal - Sinnes;SN42940;17.04.2014;4;2,3;1,4;6,1;-
Sirdal - Sinnes;SN42940;18.04.2014;8,3;3,4;12,3;6,8;-
Sirdal - Sinnes;SN42940;19.04.2014;10,2;2,4;0;3,2;-
Sirdal - Sinnes;SN42940;20.04.2014;12,7;3,9;0,2;3,5;-
Sirdal - Sinnes;SN42940;21.04.2014;12,9;6,1;0;4,9;-
Sirdal - Sinnes;SN42940;22.04.2014;13,8;10,2;0;6,3;-
Sirdal - Sinnes;SN42940;23.04.2014;11,2;8,4;0;7,8;-
Sirdal - Sinnes;SN42940;24.04.2014;8,5;4,4;0;6,6;-
Sirdal - Sinnes;SN42940;25.04.2014;10,8;6,5;0,1;4,6;-
Sirdal - Sinnes;SN42940;26.04.2014;13,9;7;0;4,5;-
Sirdal - Sinnes;SN42940;27.04.2014;16,2;7,4;0,1;4,5;-
Sirdal - Sinnes;SN42940;28.04.2014;16,6;7,2;0;3,1;-
Sirdal - Sinnes;SN42940;29.04.2014;13,5;6,1;0;3,5;-
Sirdal - Sinnes;SN42940;30.04.2014;9,9;4,1;0;4,8;-
Sirdal - Sinnes;SN42940;01.05.2014;7;1,9;0;4,4;-
Sirdal - Sinnes;SN42940;02.05.2014;8,9;2,1;0,2;4;-
Sirdal - Sinnes;SN42940;03.05.2014;6,5;2,3;0;5,7;-
Sirdal - Sinnes;SN42940;04.05.2014;8,2;3,4;0,2;3,7;-
Sirdal - Sinnes;SN42940;05.05.2014;4,8;3;0,9;3,2;-
Sirdal - Sinnes;SN42940;06.05.2014;6,6;5;8,9;6;-
Sirdal - Sinnes;SN42940;07.05.2014;8;5,3;7,8;6,1;-
Sirdal - Sinnes;SN42940;08.05.2014;8;4,3;2,2;4,3;-
Sirdal - Sinnes;SN42940;09.05.2014;9,7;5,2;0;4,2;-
Sirdal - Sinnes;SN42940;10.05.2014;10,2;5,8;0,3;4;-
Sirdal - Sinnes;SN42940;11.05.2014;8;5,9;0;6,4;-
Sirdal - Sinnes;SN42940;12.05.2014;11,1;7;6,8;3,9;-
Sirdal - Sinnes;SN42940;13.05.2014;11,5;6,8;1,2;5,8;-
Sirdal - Sinnes;SN42940;14.05.2014;11,1;6,7;0;4,1;-
Sirdal - Sinnes;SN42940;15.05.2014;10,7;5,6;0,3;5,3;-
Sirdal - Sinnes;SN42940;16.05.2014;13,3;8,9;0,8;4,5;-
Sirdal - Sinnes;SN42940;17.05.2014;14,4;9,7;0;3,9;-
Sirdal - Sinnes;SN42940;18.05.2014;18,3;10,6;0;4,2;-
Sirdal - Sinnes;SN42940;19.05.2014;17,7;10;0,1;4,3;-
Sirdal - Sinnes;SN42940;20.05.2014;18,8;10,7;0;4,2;-
Sirdal - Sinnes;SN42940;21.05.2014;16;9,9;0,1;6,3;-
Sirdal - Sinnes;SN42940;22.05.2014;17,8;12,7;5,6;5,3;-
Sirdal - Sinnes;SN42940;23.05.2014;16,3;9,6;5,3;4,7;-
Sirdal - Sinnes;SN42940;24.05.2014;16,9;11,7;6,6;4,8;-
Sirdal - Sinnes;SN42940;25.05.2014;16;-;0;-;-
Sirdal - Sinnes;SN42940;26.05.2014;17,1;-;0;-;-
Sirdal - Sinnes;SN42940;27.05.2014;16,5;11,6;0;5,3;-
Sirdal - Sinnes;SN42940;28.05.2014;16,4;10,6;0;-;-
Sirdal - Sinnes;SN42940;29.05.2014;16,8;10,9;0;-;-
Sirdal - Sinnes;SN42940;30.05.2014;18,5;12;0;4,6;-
Sirdal - Sinnes;SN42940;31.05.2014;16,8;11,5;0;5,4;-
Sirdal - Sinnes;SN42940;01.06.2014;20,3;12;0;5;-
Sirdal - Sinnes;SN42940;02.06.2014;18,8;11,4;0;4,4;-
Sirdal - Sinnes;SN42940;03.06.2014;18,4;11,4;0,4;5,7;-
Sirdal - Sinnes;SN42940;04.06.2014;16,2;9,8;0;3,6;-
Sirdal - Sinnes;SN42940;05.06.2014;14,4;11,6;2,1;3,3;-
Sirdal - Sinnes;SN42940;06.06.2014;15,3;11,1;4,1;3,5;-
Sirdal - Sinnes;SN42940;07.06.2014;19,6;13,3;0;3,6;-
Sirdal - Sinnes;SN42940;08.06.2014;18;11,6;0;5,1;-
Sirdal - Sinnes;SN42940;09.06.2014;19,9;12,6;0,1;4,2;-
Sirdal - Sinnes;SN42940;10.06.2014;21,5;13,7;0;5,8;-
Sirdal - Sinnes;SN42940;11.06.2014;17,3;13,5;1,3;6;-
Sirdal - Sinnes;SN42940;12.06.2014;14,5;9,7;0,5;4,3;-
Sirdal - Sinnes;SN42940;13.06.2014;15,4;11,5;0,1;6,4;-
Sirdal - Sinnes;SN42940;14.06.2014;18;11,8;0;5,3;-
Sirdal - Sinnes;SN42940;15.06.2014;19;13,3;0;6,2;-
Sirdal - Sinnes;SN42940;16.06.2014;19,6;14,2;0;5,8;-
Sirdal - Sinnes;SN42940;17.06.2014;18;12,4;0;5,1;-
Sirdal - Sinnes;SN42940;18.06.2014;18,9;13,8;0;5,7;-
Sirdal - Sinnes;SN42940;19.06.2014;16;10,8;0,1;7,2;-
Sirdal - Sinnes;SN42940;20.06.2014;13,1;9,1;0,1;5,9;-
Sirdal - Sinnes;SN42940;21.06.2014;12,9;8,1;0;5,4;-
Sirdal - Sinnes;SN42940;22.06.2014;14,7;9;0;6,4;-
Sirdal - Sinnes;SN42940;23.06.2014;15,7;10,7;0;6,2;-
Sirdal - Sinnes;SN42940;24.06.2014;16,6;9,9;0,1;5,7;-
Sirdal - Sinnes;SN42940;25.06.2014;18,2;10,8;0,8;3,7;-
Sirdal - Sinnes;SN42940;26.06.2014;16,4;10;0;4,7;-
Sirdal - Sinnes;SN42940;27.06.2014;16,1;10,6;0;3,7;-
Sirdal - Sinnes;SN42940;28.06.2014;17,5;11,9;2,6;5,5;-
Sirdal - Sinnes;SN42940;29.06.2014;18,6;10,7;0;4,6;-
Sirdal - Sinnes;SN42940;30.06.2014;15,4;9,4;0;5;-
Sirdal - Sinnes;SN42940;01.07.2014;18,7;10,5;1,1;6,8;-
Sirdal - Sinnes;SN42940;02.07.2014;19,5;12,1;2,8;5,3;-
Sirdal - Sinnes;SN42940;03.07.2014;15,2;11,2;6,4;5;-
Sirdal - Sinnes;SN42940;04.07.2014;16,1;11,6;0;5,8;-
Sirdal - Sinnes;SN42940;05.07.2014;16,2;14,5;0,3;5,5;-
Sirdal - Sinnes;SN42940;06.07.2014;18,8;15,8;14,2;4,9;-
Sirdal - Sinnes;SN42940;07.07.2014;17;14,4;14,1;7;-
Sirdal - Sinnes;SN42940;08.07.2014;22;15,1;4,2;3,7;-
Sirdal - Sinnes;SN42940;09.07.2014;26,3;20,9;12,4;5,9;-
Sirdal - Sinnes;SN42940;10.07.2014;24,7;18,1;0;4,7;-
Sirdal - Sinnes;SN42940;11.07.2014;26,5;18,1;0;4,1;-
Sirdal - Sinnes;SN42940;12.07.2014;23,9;17,8;1;3,6;-
Sirdal - Sinnes;SN42940;13.07.2014;22,7;15,7;0;5,3;-
Sirdal - Sinnes;SN42940;14.07.2014;21,9;15,8;0,1;4,9;-
Sirdal - Sinnes;SN42940;15.07.2014;16,5;12,9;19,7;5,3;-
Sirdal - Sinnes;SN42940;16.07.2014;16,4;12,2;1,4;3,8;-
Sirdal - Sinnes;SN42940;17.07.2014;17,9;12,3;0;4,6;-
Sirdal - Sinnes;SN42940;18.07.2014;23;15,5;3,4;3,5;-
Sirdal - Sinnes;SN42940;19.07.2014;23,5;17;0;5,2;-
Sirdal - Sinnes;SN42940;20.07.2014;23,5;18,3;0;4,8;-
Sirdal - Sinnes;SN42940;21.07.2014;25,1;19,3;0;3,8;-
Sirdal - Sinnes;SN42940;22.07.2014;26,5;18,5;0;3,2;-
Sirdal - Sinnes;SN42940;23.07.2014;28,4;20;0,1;4,7;-
Sirdal - Sinnes;SN42940;24.07.2014;27,8;20;0;4,1;-
Sirdal - Sinnes;SN42940;25.07.2014;26;17,5;0;6,5;-
Sirdal - Sinnes;SN42940;26.07.2014;25,5;15,8;6,8;5,6;-
Sirdal - Sinnes;SN42940;27.07.2014;22,6;15,9;4,5;5;-
Sirdal - Sinnes;SN42940;28.07.2014;23,4;16,8;0;4,2;-
Sirdal - Sinnes;SN42940;29.07.2014;22,4;15,8;0;4,5;-
Sirdal - Sinnes;SN42940;30.07.2014;17,6;13,2;0,3;4,8;-
Sirdal - Sinnes;SN42940;31.07.2014;15,5;12,5;4,9;4,5;-
Sirdal - Sinnes;SN42940;01.08.2014;19,2;14,1;5,5;4,3;-
Sirdal - Sinnes;SN42940;02.08.2014;20,8;17,1;0,1;5,7;-
Sirdal - Sinnes;SN42940;03.08.2014;19,3;16,5;3,2;4,2;-
Sirdal - Sinnes;SN42940;04.08.2014;19,2;14,9;36,6;3,3;-
Sirdal - Sinnes;SN42940;05.08.2014;18,7;12,9;0;3,3;-
Sirdal - Sinnes;SN42940;06.08.2014;19,8;13,2;0;4,4;-
Sirdal - Sinnes;SN42940;07.08.2014;18,6;14,1;0;5,6;-
Sirdal - Sinnes;SN42940;08.08.2014;21,6;15,1;4,3;3,9;-
Sirdal - Sinnes;SN42940;09.08.2014;17,5;12,7;0;8,6;-
Sirdal - Sinnes;SN42940;10.08.2014;16,5;13,5;20,1;10,2;-
Sirdal - Sinnes;SN42940;11.08.2014;15,2;11,6;17,2;7,5;-
Sirdal - Sinnes;SN42940;12.08.2014;12,6;10,3;34,4;6,6;-
Sirdal - Sinnes;SN42940;13.08.2014;13,5;10,6;19,6;5,5;-
Sirdal - Sinnes;SN42940;14.08.2014;16;11;5,5;3,4;-
Sirdal - Sinnes;SN42940;15.08.2014;17,8;11,5;6,6;4,2;-
Sirdal - Sinnes;SN42940;16.08.2014;14,2;10;0;4,5;-
Sirdal - Sinnes;SN42940;17.08.2014;13,2;9,5;5,6;4,8;-
Sirdal - Sinnes;SN42940;18.08.2014;14,2;9;0,8;3,8;-
Sirdal - Sinnes;SN42940;19.08.2014;13,9;9,9;7,9;4,2;-
Sirdal - Sinnes;SN42940;20.08.2014;12,6;10,2;0,1;3,8;-
Sirdal - Sinnes;SN42940;21.08.2014;12,9;8,6;2,9;4,6;-
Sirdal - Sinnes;SN42940;22.08.2014;13,2;8;0;3,9;-
Sirdal - Sinnes;SN42940;23.08.2014;11,8;7,7;2;5,3;-
Sirdal - Sinnes;SN42940;24.08.2014;12,1;8,8;11,7;4,2;-
Sirdal - Sinnes;SN42940;25.08.2014;15,5;10;0,8;5,1;-
Sirdal - Sinnes;SN42940;26.08.2014;17,3;9,7;0;3,8;-
Sirdal - Sinnes;SN42940;27.08.2014;19,2;10,6;0;4;-
Sirdal - Sinnes;SN42940;28.08.2014;18,8;10,9;0;3,9;-
Sirdal - Sinnes;SN42940;29.08.2014;14,3;11,1;0;4,1;-
Sirdal - Sinnes;SN42940;30.08.2014;13,8;11,6;4,6;4,5;-
Sirdal - Sinnes;SN42940;31.08.2014;15;11,2;17,1;5,5;-
Sirdal - Sinnes;SN42940;01.09.2014;11,7;10,8;0,7;5,9;-
Sirdal - Sinnes;SN42940;02.09.2014;15,4;11,5;0,2;2,8;-
Sirdal - Sinnes;SN42940;03.09.2014;17,3;11,1;0;3,9;-
Sirdal - Sinnes;SN42940;04.09.2014;18,3;11;0;4,8;-
Sirdal - Sinnes;SN42940;05.09.2014;18,7;11,3;0;2,7;-
Sirdal - Sinnes;SN42940;06.09.2014;13,9;11,7;0;5,6;-
Sirdal - Sinnes;SN42940;07.09.2014;15,1;12,1;41,4;5,9;-
Sirdal - Sinnes;SN42940;08.09.2014;14,4;9,1;9,6;3,1;-
Sirdal - Sinnes;SN42940;09.09.2014;15,3;11,2;0,2;6,6;-
Sirdal - Sinnes;SN42940;10.09.2014;20,8;11,8;0,1;3,3;-
Sirdal - Sinnes;SN42940;11.09.2014;19,1;11,8;0;3,8;-
Sirdal - Sinnes;SN42940;12.09.2014;19,5;12,1;0;4,2;-
Sirdal - Sinnes;SN42940;13.09.2014;19,9;11,5;0;2,9;-
Sirdal - Sinnes;SN42940;14.09.2014;19,1;11,3;0,1;3,7;-
Sirdal - Sinnes;SN42940;15.09.2014;17,9;12,8;0;4,8;-
Sirdal - Sinnes;SN42940;16.09.2014;16,8;11,6;0;4,5;-
Sirdal - Sinnes;SN42940;17.09.2014;16,2;9,3;0;3,8;-
Sirdal - Sinnes;SN42940;18.09.2014;16,1;8,7;0;3,6;-
Sirdal - Sinnes;SN42940;19.09.2014;16,6;9,2;0;2,5;-
Sirdal - Sinnes;SN42940;20.09.2014;14,9;9,1;0,1;4,1;-
Sirdal - Sinnes;SN42940;21.09.2014;13,6;9,2;5,2;6,6;-
Sirdal - Sinnes;SN42940;22.09.2014;13,4;6,4;0;4,9;-
Sirdal - Sinnes;SN42940;23.09.2014;9,7;5;0,1;3,1;-
Sirdal - Sinnes;SN42940;24.09.2014;11,4;8;0,1;2,9;-
Sirdal - Sinnes;SN42940;25.09.2014;9,4;7;0,2;3,8;-
Sirdal - Sinnes;SN42940;26.09.2014;12,1;8,5;1,3;7,4;-
Sirdal - Sinnes;SN42940;27.09.2014;9,9;8,6;14;7,5;-
Sirdal - Sinnes;SN42940;28.09.2014;11,9;10,3;2;4;-
Sirdal - Sinnes;SN42940;29.09.2014;14,3;7,3;0,3;3,4;-
Sirdal - Sinnes;SN42940;30.09.2014;12,4;8;0;3,8;-
Sirdal - Sinnes;SN42940;01.10.2014;11,8;10,1;0;4,5;-
Sirdal - Sinnes;SN42940;02.10.2014;14,6;5,8;7,9;4,2;-
Sirdal - Sinnes;SN42940;03.10.2014;12,4;9,2;0;6,4;-
Sirdal - Sinnes;SN42940;04.10.2014;14;12,1;0,1;6,1;-
Sirdal - Sinnes;SN42940;05.10.2014;12,7;9,5;12,3;5,7;-
Sirdal - Sinnes;SN42940;06.10.2014;10,5;8,2;12,5;7,2;-
Sirdal - Sinnes;SN42940;07.10.2014;7,6;5,4;1,3;11;-
Sirdal - Sinnes;SN42940;08.10.2014;9,8;7;18,1;11;-
Sirdal - Sinnes;SN42940;09.10.2014;9,4;7,8;20,3;8,2;-
Sirdal - Sinnes;SN42940;10.10.2014;9,1;7,3;26,9;6,8;-
Sirdal - Sinnes;SN42940;11.10.2014;10,5;7,6;10,1;4,2;-
Sirdal - Sinnes;SN42940;12.10.2014;8,8;6,1;9;4;-
Sirdal - Sinnes;SN42940;13.10.2014;9,8;3,5;0,7;3,3;-
Sirdal - Sinnes;SN42940;14.10.2014;9,4;2,7;0;4,1;-
Sirdal - Sinnes;SN42940;15.10.2014;6,9;5;0;4,2;-
Sirdal - Sinnes;SN42940;16.10.2014;6,7;4,1;0;5,9;-
Sirdal - Sinnes;SN42940;17.10.2014;6,4;3,9;0;5,9;-
Sirdal - Sinnes;SN42940;18.10.2014;9,8;7,6;0;5,2;-
Sirdal - Sinnes;SN42940;19.10.2014;11,5;10;19,1;4,1;-
Sirdal - Sinnes;SN42940;20.10.2014;9,8;7,4;26,7;4,3;-
Sirdal - Sinnes;SN42940;21.10.2014;8,7;6,7;1,6;4,3;-
Sirdal - Sinnes;SN42940;22.10.2014;9,3;7,1;7,8;3,7;-
Sirdal - Sinnes;SN42940;23.10.2014;8,3;7,1;10,3;4,8;-
Sirdal - Sinnes;SN42940;24.10.2014;10,7;8,6;8,7;5,4;-
Sirdal - Sinnes;SN42940;25.10.2014;7,6;6,6;6,1;5,3;-
Sirdal - Sinnes;SN42940;26.10.2014;8,4;7,7;17,5;6,3;-
Sirdal - Sinnes;SN42940;27.10.2014;10,7;9,8;29,5;5,4;-
Sirdal - Sinnes;SN42940;28.10.2014;10,6;9,9;19,2;6,3;-
Sirdal - Sinnes;SN42940;29.10.2014;9,9;-;34,7;-;-
Sirdal - Sinnes;SN42940;30.10.2014;4,4;0,9;1,6;-;-
Sirdal - Sinnes;SN42940;31.10.2014;6,9;4,9;7,8;5,7;0
Sirdal - Sinnes;SN42940;01.11.2014;10,6;9,2;3;4,9;-
Sirdal - Sinnes;SN42940;02.11.2014;9,7;8,1;5,7;5,3;0
Sirdal - Sinnes;SN42940;03.11.2014;8,4;4,7;9,7;3,1;0
Sirdal - Sinnes;SN42940;04.11.2014;5,9;2,9;7;-;-
Sirdal - Sinnes;SN42940;05.11.2014;4,7;2,7;4;-;-
Sirdal - Sinnes;SN42940;06.11.2014;2,3;0,3;0,9;5,1;0
Sirdal - Sinnes;SN42940;07.11.2014;2,5;1,5;0;10,1;0
Sirdal - Sinnes;SN42940;08.11.2014;6,4;5,2;9,3;7;-
Sirdal - Sinnes;SN42940;09.11.2014;8;7,1;12,4;7;0
Sirdal - Sinnes;SN42940;10.11.2014;6,9;5;9;4,6;0
Sirdal - Sinnes;SN42940;11.11.2014;5,2;2,7;1,4;-;-
Sirdal - Sinnes;SN42940;12.11.2014;6,4;5,5;0,3;9,4;0
Sirdal - Sinnes;SN42940;13.11.2014;5,4;4,9;2,1;-;-
Sirdal - Sinnes;SN42940;14.11.2014;5,3;5;11,9;7,4;-
Sirdal - Sinnes;SN42940;15.11.2014;5,8;5;0;8;2
Sirdal - Sinnes;SN42940;16.11.2014;5,5;3,6;1;8,7;2
Sirdal - Sinnes;SN42940;17.11.2014;3,4;1,9;0;5,7;2
Sirdal - Sinnes;SN42940;18.11.2014;3,6;2,7;0,5;4,5;2
Sirdal - Sinnes;SN42940;19.11.2014;3,1;1,6;0,5;-;2
Sirdal - Sinnes;SN42940;20.11.2014;1,7;-0,4;0;4,1;2
Sirdal - Sinnes;SN42940;21.11.2014;0,4;-1,2;0,1;2,1;2
Sirdal - Sinnes;SN42940;22.11.2014;1,7;0;0,6;3,3;2
Sirdal - Sinnes;SN42940;23.11.2014;4,4;3,4;3,7;4,5;2
Sirdal - Sinnes;SN42940;24.11.2014;5,1;3,5;16,1;5,5;2
Sirdal - Sinnes;SN42940;25.11.2014;4,2;1,1;0,2;5,8;2
Sirdal - Sinnes;SN42940;26.11.2014;2,8;-0,1;0;3,3;2
Sirdal - Sinnes;SN42940;27.11.2014;2,4;1,2;0;5,3;2
Sirdal - Sinnes;SN42940;28.11.2014;1,7;0,9;1,6;5;2
Sirdal - Sinnes;SN42940;29.11.2014;1,3;-1,1;2,3;5,3;2
Sirdal - Sinnes;SN42940;30.11.2014;0,8;0;3,6;5,5;2
Sirdal - Sinnes;SN42940;01.12.2014;0,3;-0,2;2,3;5,2;4
Sirdal - Sinnes;SN42940;02.12.2014;-0,1;-1,7;0,5;5,1;3
Sirdal - Sinnes;SN42940;03.12.2014;3,4;-1,6;0,9;3,9;3
Sirdal - Sinnes;SN42940;04.12.2014;3,4;0,7;0,1;2,7;2
Sirdal - Sinnes;SN42940;05.12.2014;2,5;0,2;2;3,6;2
Sirdal - Sinnes;SN42940;06.12.2014;0,4;-3,3;3,8;2,8;5
Sirdal - Sinnes;SN42940;07.12.2014;3,1;0,4;15,7;4,8;8
Sirdal - Sinnes;SN42940;08.12.2014;0;-1,9;21,2;2,4;34
Sirdal - Sinnes;SN42940;09.12.2014;0,4;-3,7;1,2;7,5;37
Sirdal - Sinnes;SN42940;10.12.2014;3;0,3;8,1;7,1;43
Sirdal - Sinnes;SN42940;11.12.2014;0,1;-;12,4;4,8;58
Sirdal - Sinnes;SN42940;12.12.2014;-0,1;-;3,5;4,3;78
Sirdal - Sinnes;SN42940;13.12.2014;1,4;-2,5;1,3;5,1;83
Sirdal - Sinnes;SN42940;14.12.2014;3;-0,4;3,7;6;83
Sirdal - Sinnes;SN42940;15.12.2014;2,8;-1,4;50,4;5,1;75
Sirdal - Sinnes;SN42940;16.12.2014;0,4;-1,9;10,9;6,1;86
Sirdal - Sinnes;SN42940;17.12.2014;0,7;-2,9;9,4;5,7;87
Sirdal - Sinnes;SN42940;18.12.2014;2,7;1;6,4;3,8;87
Sirdal - Sinnes;SN42940;19.12.2014;2,3;0,4;12,4;6,6;78
Sirdal - Sinnes;SN42940;20.12.2014;1,1;-0,7;27,7;6,2;-
Sirdal - Sinnes;SN42940;21.12.2014;0,7;0,2;6,6;5,7;90
Sirdal - Sinnes;SN42940;22.12.2014;3,9;1,7;21,6;6,2;88
Sirdal - Sinnes;SN42940;23.12.2014;2,1;0,7;19,2;6,2;84
Sirdal - Sinnes;SN42940;24.12.2014;0,8;-2,1;16,5;5,9;90
Sirdal - Sinnes;SN42940;25.12.2014;-3,8;-11,1;5,8;9,1;88
Sirdal - Sinnes;SN42940;26.12.2014;-2,9;-11,2;0;1,7;87
Sirdal - Sinnes;SN42940;27.12.2014;-7,4;-16,9;5,9;2,8;90
Sirdal - Sinnes;SN42940;28.12.2014;-5,5;-13;0;3,4;89
Sirdal - Sinnes;SN42940;29.12.2014;2,2;-3;2,6;6,5;90
Sirdal - Sinnes;SN42940;30.12.2014;3,4;2,1;1,7;7,2;88
Sirdal - Sinnes;SN42940;31.12.2014;4,6;1,3;0;6,1;80
Sirdal - Sinnes;SN42940;01.01.2015;3,7;3,1;2,6;4,2;78
Sirdal - Sinnes;SN42940;02.01.2015;5;1,8;32,8;8,7;74
Sirdal - Sinnes;SN42940;03.01.2015;1,8;-0,6;28,9;9,3;77
Sirdal - Sinnes;SN42940;04.01.2015;-0,1;-1,9;4,2;5,5;83
Sirdal - Sinnes;SN42940;05.01.2015;-0,5;-1,8;2,2;2,5;82
Sirdal - Sinnes;SN42940;06.01.2015;2,6;1,5;2,4;6,5;81
Sirdal - Sinnes;SN42940;07.01.2015;2,4;0,2;10,3;5,8;78
Sirdal - Sinnes;SN42940;08.01.2015;3,6;1;20,5;6,5;79
Sirdal - Sinnes;SN42940;09.01.2015;0,1;-1,1;9,4;6,8;93
Sirdal - Sinnes;SN42940;10.01.2015;2,9;0,2;18,9;13,3;107
Sirdal - Sinnes;SN42940;11.01.2015;0,7;-0,9;39,8;14;107
Sirdal - Sinnes;SN42940;12.01.2015;3,1;1,2;21,3;-;122
Sirdal - Sinnes;SN42940;13.01.2015;1,2;-0,6;3,5;9,2;116
Sirdal - Sinnes;SN42940;14.01.2015;-0,6;-1,7;15;5,1;127
Sirdal - Sinnes;SN42940;15.01.2015;1,8;0,5;13,4;8,2;138
Sirdal - Sinnes;SN42940;16.01.2015;2;-0,2;15,6;9,5;164
Sirdal - Sinnes;SN42940;17.01.2015;0,3;-1,2;20,8;8,4;162
Sirdal - Sinnes;SN42940;18.01.2015;-1,1;-11,1;4,7;2,4;164
Sirdal - Sinnes;SN42940;19.01.2015;-2;-8;0;3,5;158
Sirdal - Sinnes;SN42940;20.01.2015;-2,1;-3;0,7;11,5;153
Sirdal - Sinnes;SN42940;21.01.2015;-2;-3,8;6,1;10;144
Sirdal - Sinnes;SN42940;22.01.2015;-4,2;-12,8;0,9;5,5;141
Sirdal - Sinnes;SN42940;23.01.2015;-0,6;-6,4;1,3;5,9;141
Sirdal - Sinnes;SN42940;24.01.2015;-0,2;-1,7;2,5;6,4;159
Sirdal - Sinnes;SN42940;25.01.2015;-2,5;-5,7;0,1;2,7;164
Sirdal - Sinnes;SN42940;26.01.2015;1,9;0,1;0,8;3,3;160
Sirdal - Sinnes;SN42940;27.01.2015;1,8;-1,2;0,4;6,1;158
Sirdal - Sinnes;SN42940;28.01.2015;1,8;0,4;4,5;4,3;156
Sirdal - Sinnes;SN42940;29.01.2015;0,1;-2,2;29,1;5,9;165
Sirdal - Sinnes;SN42940;30.01.2015;-1,2;-2,5;12,8;6,3;180
Sirdal - Sinnes;SN42940;31.01.2015;-2,2;-6,4;3,7;6,5;164
Sirdal - Sinnes;SN42940;01.02.2015;-5;-15;0,6;3,9;166
Sirdal - Sinnes;SN42940;02.02.2015;-6;-15,7;0;4,5;164
Sirdal - Sinnes;SN42940;03.02.2015;-9;-19,4;0;4,4;163
Sirdal - Sinnes;SN42940;04.02.2015;-8,7;-20,3;1;2,7;162
Sirdal - Sinnes;SN42940;05.02.2015;-5,9;-13,6;0;2,6;161
Sirdal - Sinnes;SN42940;06.02.2015;2,1;-0,4;0;7,1;161
Sirdal - Sinnes;SN42940;07.02.2015;3,9;0;0;11,2;161
Sirdal - Sinnes;SN42940;08.02.2015;3,3;-0,7;7,3;12;161
Sirdal - Sinnes;SN42940;09.02.2015;4,1;2,8;0,3;8,3;159
Sirdal - Sinnes;SN42940;10.02.2015;4,1;3,1;0,1;7,5;154
Sirdal - Sinnes;SN42940;11.02.2015;2,8;-0,1;3,6;5,8;149
Sirdal - Sinnes;SN42940;12.02.2015;1,8;-0,5;1,3;4,1;149
Sirdal - Sinnes;SN42940;13.02.2015;1;-0,3;0,9;5,1;148
Sirdal - Sinnes;SN42940;14.02.2015;4,2;-0,4;1,5;3,9;150
Sirdal - Sinnes;SN42940;15.02.2015;0,7;-1,5;1,3;8;148
Sirdal - Sinnes;SN42940;16.02.2015;-0,8;-1,3;4,8;8,1;149
Sirdal - Sinnes;SN42940;17.02.2015;2,6;0,5;7,2;7,8;156
Sirdal - Sinnes;SN42940;18.02.2015;3,9;2,5;8,9;8,3;152
Sirdal - Sinnes;SN42940;19.02.2015;2,8;1,6;12,1;3,7;149
Sirdal - Sinnes;SN42940;20.02.2015;2,3;-0,1;17;4,5;150
Sirdal - Sinnes;SN42940;21.02.2015;1,4;-2,1;11,4;2,3;163
Sirdal - Sinnes;SN42940;22.02.2015;0,6;-1,9;2,1;5,4;158
Sirdal - Sinnes;SN42940;23.02.2015;0,7;-0,7;16,5;9,9;175
Sirdal - Sinnes;SN42940;24.02.2015;1,6;-0,3;13,8;6,8;190
Sirdal - Sinnes;SN42940;25.02.2015;3;-0,5;17,8;7,6;195
Sirdal - Sinnes;SN42940;26.02.2015;0,6;-0,2;8,9;8,9;0
Sirdal - Sinnes;SN42940;27.02.2015;3,3;-2,6;10;4,4;215
Sirdal - Sinnes;SN42940;28.02.2015;1,4;0,5;10,5;7,8;210
Sirdal - Sinnes;SN42940;01.03.2015;2,4;0,9;29;8,7;205
Sirdal - Sinnes;SN42940;02.03.2015;3,1;-0,2;33,6;4,1;201
Sirdal - Sinnes;SN42940;03.03.2015;1,7;-4;10;3,1;205
Sirdal - Sinnes;SN42940;04.03.2015;0,1;-4,4;5,5;4,4;108
Sirdal - Sinnes;SN42940;05.03.2015;1,2;-0,2;2,2;4,5;205
Sirdal - Sinnes;SN42940;06.03.2015;4,4;2,2;6,1;3,5;200
Sirdal - Sinnes;SN42940;07.03.2015;3;2,1;5,6;6,9;192
Sirdal - Sinnes;SN42940;08.03.2015;4,2;2;24,1;4,5;186
Sirdal - Sinnes;SN42940;09.03.2015;3,5;1;3,8;6,3;182
Sirdal - Sinnes;SN42940;10.03.2015;3,8;2;13,2;9,3;185
Sirdal - Sinnes;SN42940;11.03.2015;5,1;0,2;11,9;5,6;181
Sirdal - Sinnes;SN42940;12.03.2015;5,3;0,7;0,9;6;181
Sirdal - Sinnes;SN42940;13.03.2015;6;1,4;0,1;6,6;179
Sirdal - Sinnes;SN42940;14.03.2015;4,8;1,1;0;7,9;179
Sirdal - Sinnes;SN42940;15.03.2015;3,9;1,1;0;8;178
Sirdal - Sinnes;SN42940;16.03.2015;2,9;2;0,1;5,9;174
Sirdal - Sinnes;SN42940;17.03.2015;3,9;3,2;0,1;11,2;170
Sirdal - Sinnes;SN42940;18.03.2015;7,8;2,8;0;6,8;168
Sirdal - Sinnes;SN42940;19.03.2015;4,5;-0,6;0;4,7;163
Sirdal - Sinnes;SN42940;20.03.2015;2,9;1,3;0,1;2,8;161
Sirdal - Sinnes;SN42940;21.03.2015;2,8;-1,5;1,1;8,3;159
Sirdal - Sinnes;SN42940;22.03.2015;0,6;-1,5;0;5,2;158
Sirdal - Sinnes;SN42940;23.03.2015;4,3;1,7;7,1;4,4;165
Sirdal - Sinnes;SN42940;24.03.2015;4,6;-0,3;5,9;4,4;159
Sirdal - Sinnes;SN42940;25.03.2015;1,5;-0,1;0;7,7;159
Sirdal - Sinnes;SN42940;26.03.2015;-0,1;-2,3;5,6;11,1;159
Sirdal - Sinnes;SN42940;27.03.2015;2,2;-1,3;5,3;4,9;159
Sirdal - Sinnes;SN42940;28.03.2015;2;-1,8;0,8;8,2;157
Sirdal - Sinnes;SN42940;29.03.2015;6,4;1,1;5;5,4;163
Sirdal - Sinnes;SN42940;30.03.2015;3,7;-0,7;2,8;5,1;158
Sirdal - Sinnes;SN42940;31.03.2015;3,9;-1,2;1,3;3,9;157
Sirdal - Sinnes;SN42940;01.04.2015;1,6;-1,6;7,8;6,6;164
Sirdal - Sinnes;SN42940;02.04.2015;3,4;-3;2,4;5,9;160
Sirdal - Sinnes;SN42940;03.04.2015;2;-2,7;0;5,1;160
Sirdal - Sinnes;SN42940;04.04.2015;5,7;-3,8;0;2,9;159
Sirdal - Sinnes;SN42940;05.04.2015;4,1;-1,8;0,1;2,2;157
Sirdal - Sinnes;SN42940;06.04.2015;5,2;0,6;0,9;3,6;155
Sirdal - Sinnes;SN42940;07.04.2015;5,8;3,9;0,7;8,6;152
Sirdal - Sinnes;SN42940;08.04.2015;8,7;3,2;0;6,8;142
Sirdal - Sinnes;SN42940;09.04.2015;6,5;2,4;0;4,4;138
Sirdal - Sinnes;SN42940;10.04.2015;7,5;2,7;0;2,8;134
Sirdal - Sinnes;SN42940;11.04.2015;6,9;3;0;6;128
Sirdal - Sinnes;SN42940;12.04.2015;3,8;1,1;10,4;6,3;125
Sirdal - Sinnes;SN42940;13.04.2015;2,7;-0,2;9,9;6,1;127
Sirdal - Sinnes;SN42940;14.04.2015;6,6;1,7;6,7;5;130
Sirdal - Sinnes;SN42940;15.04.2015;4,4;2,2;6,6;5,8;127
Sirdal - Sinnes;SN42940;16.04.2015;4;1,3;5,2;5,6;125
Sirdal - Sinnes;SN42940;17.04.2015;8,3;0,6;0,5;5;122
Sirdal - Sinnes;SN42940;18.04.2015;6,8;1,4;0;7,2;117
Sirdal - Sinnes;SN42940;19.04.2015;10,3;4,5;0;8,4;110
Sirdal - Sinnes;SN42940;20.04.2015;13,6;4,3;0;2,7;102
Sirdal - Sinnes;SN42940;21.04.2015;6,7;2,1;0;6,6;94
Sirdal - Sinnes;SN42940;22.04.2015;9,4;4,7;0;7;88
Sirdal - Sinnes;SN42940;23.04.2015;6,5;4;0,2;5,2;78
Sirdal - Sinnes;SN42940;24.04.2015;4;2,8;1,5;4,7;72
Sirdal - Sinnes;SN42940;25.04.2015;5,1;2,6;1,2;4,9;68
Sirdal - Sinnes;SN42940;26.04.2015;4,5;0,7;6,3;4,4;63
Sirdal - Sinnes;SN42940;27.04.2015;4,5;-0,9;1,6;4,6;65
Sirdal - Sinnes;SN42940;28.04.2015;5,4;0,6;2,5;6,1;62
Sirdal - Sinnes;SN42940;29.04.2015;5,5;1,8;7,7;5,1;67
Sirdal - Sinnes;SN42940;30.04.2015;4,9;1,6;5,4;5;61
Sirdal - Sinnes;SN42940;01.05.2015;7,7;1,9;6,3;4,2;58
Sirdal - Sinnes;SN42940;02.05.2015;6;0,3;0;3,3;51
Sirdal - Sinnes;SN42940;03.05.2015;7,7;2,5;0;4,2;43
Sirdal - Sinnes;SN42940;04.05.2015;5,5;3,6;2,5;7,4;35
Sirdal - Sinnes;SN42940;05.05.2015;8,8;6,1;2;8,5;30
Sirdal - Sinnes;SN42940;06.05.2015;9,1;4,5;2,5;6,9;15
Sirdal - Sinnes;SN42940;07.05.2015;4,8;3,1;6,3;5,5;5
Sirdal - Sinnes;SN42940;08.05.2015;4,3;1,4;2,7;5;0
Sirdal - Sinnes;SN42940;09.05.2015;4,3;0,5;1,2;8,8;0
Sirdal - Sinnes;SN42940;10.05.2015;8;4;3;5,5;0
Sirdal - Sinnes;SN42940;11.05.2015;6,4;4,4;1,5;4,6;0
Sirdal - Sinnes;SN42940;12.05.2015;6,4;4,4;13,9;4,5;0
Sirdal - Sinnes;SN42940;13.05.2015;9;5;8;4,6;0
Sirdal - Sinnes;SN42940;14.05.2015;10;4,3;1,8;5;0
Sirdal - Sinnes;SN42940;15.05.2015;10,8;4,2;0;3,9;0
Sirdal - Sinnes;SN42940;16.05.2015;7,3;2,7;1,9;4,9;0
Sirdal - Sinnes;SN42940;17.05.2015;6,4;2,8;10,2;4,8;0
Sirdal - Sinnes;SN42940;18.05.2015;7,8;3,9;0,6;5,1;0
Sirdal - Sinnes;SN42940;19.05.2015;6,7;3,7;15,1;10;0
Sirdal - Sinnes;SN42940;20.05.2015;10,1;4,7;5,5;3,8;0
Sirdal - Sinnes;SN42940;21.05.2015;8,7;3,9;0,2;4,3;0
Sirdal - Sinnes;SN42940;22.05.2015;7,8;4,6;2,9;5,8;0
Sirdal - Sinnes;SN42940;23.05.2015;7,7;4,7;11,3;9;0
Sirdal - Sinnes;SN42940;24.05.2015;6,5;2,9;0;6,9;0
Sirdal - Sinnes;SN42940;25.05.2015;7,6;4,5;5,8;3,9;0
Sirdal - Sinnes;SN42940;26.05.2015;8,5;4,9;0,3;5,1;0
Sirdal - Sinnes;SN42940;27.05.2015;8,7;5,1;0,6;4;0
Sirdal - Sinnes;SN42940;28.05.2015;6;3,8;3,3;5;0
Sirdal - Sinnes;SN42940;29.05.2015;7,5;3,6;12,3;6,7;0
Sirdal - Sinnes;SN42940;30.05.2015;7,9;4,3;8,1;4,4;0
Sirdal - Sinnes;SN42940;31.05.2015;10,9;6,2;1,1;5,6;0
Sirdal - Sinnes;SN42940;01.06.2015;7,6;4,1;12;8,2;0
Sirdal - Sinnes;SN42940;02.06.2015;8,2;4,3;13,2;7,5;0
Sirdal - Sinnes;SN42940;03.06.2015;8,9;5;26,1;5,3;0
Sirdal - Sinnes;SN42940;04.06.2015;9,1;5,8;2,2;4,6;0
Sirdal - Sinnes;SN42940;05.06.2015;15;8,6;0;5,4;0
Sirdal - Sinnes;SN42940;06.06.2015;11,9;8,5;8,8;7,4;0
Sirdal - Sinnes;SN42940;07.06.2015;8,9;5,9;10,8;5,2;0
Sirdal - Sinnes;SN42940;08.06.2015;10,7;6,8;3,6;6;0
Sirdal - Sinnes;SN42940;09.06.2015;13,3;7,6;0;4,9;0
Sirdal - Sinnes;SN42940;10.06.2015;10,3;6,9;0,1;6,2;0
Sirdal - Sinnes;SN42940;11.06.2015;14,3;9,6;0;5,1;0
Sirdal - Sinnes;SN42940;12.06.2015;17;10,6;0;4,6;0
Sirdal - Sinnes;SN42940;13.06.2015;13,7;8,7;0,1;3,5;0
Sirdal - Sinnes;SN42940;14.06.2015;9,9;5,4;0;6,5;0
Sirdal - Sinnes;SN42940;15.06.2015;9,7;6,1;1,2;6,5;0
Sirdal - Sinnes;SN42940;16.06.2015;13,4;8,4;0;5;0
Sirdal - Sinnes;SN42940;17.06.2015;12,3;7;3,8;3,5;0
Sirdal - Sinnes;SN42940;18.06.2015;11,6;8,2;5,4;5,6;0
Sirdal - Sinnes;SN42940;19.06.2015;14,2;9,3;0;5,3;0
Sirdal - Sinnes;SN42940;20.06.2015;18,7;10,6;0,5;4,1;0
Sirdal - Sinnes;SN42940;21.06.2015;17,5;10,1;0;5,9;0
Sirdal - Sinnes;SN42940;22.06.2015;15,9;9,9;0,1;6,2;0
Sirdal - Sinnes;SN42940;23.06.2015;18,3;11,5;4,9;4,4;0
Sirdal - Sinnes;SN42940;24.06.2015;11,8;7,3;0,2;4,9;0
Sirdal - Sinnes;SN42940;25.06.2015;10,1;7;0;5,1;0
Sirdal - Sinnes;SN42940;26.06.2015;16,6;10,6;0,1;3,9;0
Sirdal - Sinnes;SN42940;27.06.2015;14,4;11,1;1;2,5;0
Sirdal - Sinnes;SN42940;28.06.2015;16,5;11,8;0;4;0
Sirdal - Sinnes;SN42940;29.06.2015;14,5;11;3,9;4,7;0
Sirdal - Sinnes;SN42940;30.06.2015;18,8;12,7;0,1;4;0
Sirdal - Sinnes;SN42940;01.07.2015;24,8;17,4;0;4,6;0
Sirdal - Sinnes;SN42940;02.07.2015;23,9;18,2;0,2;6,9;0
Sirdal - Sinnes;SN42940;03.07.2015;23,4;17,6;0,1;7,5;0
Sirdal - Sinnes;SN42940;04.07.2015;24,5;17;0;5,3;0
Sirdal - Sinnes;SN42940;05.07.2015;23,9;17,3;0,1;3,8;0
Sirdal - Sinnes;SN42940;06.07.2015;20;11,3;3,8;6;0
Sirdal - Sinnes;SN42940;07.07.2015;13,9;10,7;0,4;4,9;0
Sirdal - Sinnes;SN42940;08.07.2015;14,7;11,2;9,2;3,6;0
Sirdal - Sinnes;SN42940;09.07.2015;10,8;8,3;12,9;5,1;0
Sirdal - Sinnes;SN42940;10.07.2015;13,8;9;0,2;6,4;0
Sirdal - Sinnes;SN42940;11.07.2015;15,7;10,1;0,1;4,6;0
Sirdal - Sinnes;SN42940;12.07.2015;13,7;11,2;1,9;3,5;0
Sirdal - Sinnes;SN42940;13.07.2015;16,1;11,9;3,5;4,8;0
Sirdal - Sinnes;SN42940;14.07.2015;14,3;10,9;0,3;5,7;0
Sirdal - Sinnes;SN42940;15.07.2015;14,4;10,3;0;5,2;0
Sirdal - Sinnes;SN42940;16.07.2015;13,8;9,2;0;6,5;0
Sirdal - Sinnes;SN42940;17.07.2015;16,8;10;0;5,8;0
Sirdal - Sinnes;SN42940;18.07.2015;11,1;9,3;10;5,2;0
Sirdal - Sinnes;SN42940;19.07.2015;15,2;10,2;22,5;4,8;0
Sirdal - Sinnes;SN42940;20.07.2015;15,6;11,1;15,9;4,6;0
Sirdal - Sinnes;SN42940;21.07.2015;14,7;10;1,2;5;0
Sirdal - Sinnes;SN42940;22.07.2015;14,2;10,8;3,3;4,3;0
Sirdal - Sinnes;SN42940;23.07.2015;14,2;9,7;0;6;0
Sirdal - Sinnes;SN42940;24.07.2015;13;9,1;4,5;5,7;0
Sirdal - Sinnes;SN42940;25.07.2015;12,4;8,3;1,3;3,8;0
Sirdal - Sinnes;SN42940;26.07.2015;12,6;9,3;2,7;4,5;0
Sirdal - Sinnes;SN42940;27.07.2015;16,8;11,4;0,5;3,4;0
Sirdal - Sinnes;SN42940;28.07.2015;16,1;11,8;0,4;4,3;0
Sirdal - Sinnes;SN42940;29.07.2015;14,9;11,8;2,8;5,7;0
Sirdal - Sinnes;SN42940;30.07.2015;18,2;12;1,1;5;2
Sirdal - Sinnes;SN42940;31.07.2015;13;9,1;0;6,4;0
Sirdal - Sinnes;SN42940;01.08.2015;12,7;8,4;0,1;4,9;0
Sirdal - Sinnes;SN42940;02.08.2015;14,2;9,1;24,5;4,7;0
Sirdal - Sinnes;SN42940;03.08.2015;17,9;11,5;0,1;5;0
Sirdal - Sinnes;SN42940;04.08.2015;15,9;13,6;0,1;6,6;0
Sirdal - Sinnes;SN42940;05.08.2015;15,7;11,8;19,1;4,3;0
Sirdal - Sinnes;SN42940;06.08.2015;15,4;12,4;1;4,1;0
Sirdal - Sinnes;SN42940;07.08.2015;19,7;14,7;0,2;4,8;0
Sirdal - Sinnes;SN42940;08.08.2015;15,7;10,6;0,1;5;0
Sirdal - Sinnes;SN42940;09.08.2015;13,4;9,5;0,3;4,3;0
Sirdal - Sinnes;SN42940;10.08.2015;16;13,4;0,6;4,4;0
Sirdal - Sinnes;SN42940;11.08.2015;16,1;12,9;4,9;4,9;0
Sirdal - Sinnes;SN42940;12.08.2015;13,7;9,7;5;5,7;0
Sirdal - Sinnes;SN42940;13.08.2015;20,1;11,3;0,1;4,9;0
Sirdal - Sinnes;SN42940;14.08.2015;20,3;14,5;0;6,9;0
Sirdal - Sinnes;SN42940;15.08.2015;15,7;13,8;4,8;6,1;0
Sirdal - Sinnes;SN42940;16.08.2015;15,9;14,1;28,8;4,7;0
Sirdal - Sinnes;SN42940;17.08.2015;19,6;15,9;7,1;5,3;0
Sirdal - Sinnes;SN42940;18.08.2015;17,4;14,6;0,2;5,3;0
Sirdal - Sinnes;SN42940;19.08.2015;20,1;15,5;0;5,2;0
Sirdal - Sinnes;SN42940;20.08.2015;19,6;14,8;0;5,9;0
Sirdal - Sinnes;SN42940;21.08.2015;19,1;14,7;0,2;6,9;0
Sirdal - Sinnes;SN42940;22.08.2015;19,7;14,9;0;5,8;0
Sirdal - Sinnes;SN42940;23.08.2015;20,8;14,2;0;5,4;0
Sirdal - Sinnes;SN42940;24.08.2015;18,6;14,9;0,2;6,8;0
Sirdal - Sinnes;SN42940;25.08.2015;18,1;14,4;3,3;6,1;0
Sirdal - Sinnes;SN42940;26.08.2015;15,2;12;16,9;5,5;0
Sirdal - Sinnes;SN42940;27.08.2015;15,2;11,6;18,7;4,3;0
Sirdal - Sinnes;SN42940;28.08.2015;13,7;10,2;16,6;4,3;0
Sirdal - Sinnes;SN42940;29.08.2015;13,5;10,4;7,4;4,3;0
Sirdal - Sinnes;SN42940;30.08.2015;16,4;11;22,6;5;0
Sirdal - Sinnes;SN42940;31.08.2015;16,9;10,5;0,2;2,3;0
Sirdal - Sinnes;SN42940;01.09.2015;12,3;10,7;4,3;4,1;0
Sirdal - Sinnes;SN42940;02.09.2015;13;10,9;10,5;9,2;0
Sirdal - Sinnes;SN42940;03.09.2015;12,3;10,3;9,7;5,5;0
Sirdal - Sinnes;SN42940;04.09.2015;16,1;9,5;0,2;3,1;0
Sirdal - Sinnes;SN42940;05.09.2015;13;8,5;1,4;6,5;0
Sirdal - Sinnes;SN42940;06.09.2015;12,3;7;0,2;5,1;0
Sirdal - Sinnes;SN42940;07.09.2015;16;8,8;0;4,5;0
Sirdal - Sinnes;SN42940;08.09.2015;19,2;10,1;0;6;0
Sirdal - Sinnes;SN42940;09.09.2015;20,3;11;0,2;3,3;0
Sirdal - Sinnes;SN42940;10.09.2015;19,5;11,1;0;3,6;0
Sirdal - Sinnes;SN42940;11.09.2015;15,1;11,8;0,1;5,2;0
Sirdal - Sinnes;SN42940;12.09.2015;13,8;11,3;2,6;6,2;0
Sirdal - Sinnes;SN42940;13.09.2015;12,4;11,7;7,8;4,4;0
Sirdal - Sinnes;SN42940;14.09.2015;13,8;13;5,8;5,5;0
Sirdal - Sinnes;SN42940;15.09.2015;13,7;10,2;18,8;5,2;2
Sirdal - Sinnes;SN42940;16.09.2015;12,4;9,8;7,3;4,2;0
Sirdal - Sinnes;SN42940;17.09.2015;15,9;11,5;4,1;6,9;0
Sirdal - Sinnes;SN42940;18.09.2015;13,9;10,7;4,3;4,7;0
Sirdal - Sinnes;SN42940;19.09.2015;12,2;8,8;1,2;4,3;0
Sirdal - Sinnes;SN42940;20.09.2015;13,8;7;0;4,7;0
Sirdal - Sinnes;SN42940;21.09.2015;13,9;6,4;0;4,5;0
Sirdal - Sinnes;SN42940;22.09.2015;10,9;9;1,7;5,7;0
Sirdal - Sinnes;SN42940;23.09.2015;13;9,8;5,5;3,6;0
Sirdal - Sinnes;SN42940;24.09.2015;10,7;8,7;0;5,9;0
Sirdal - Sinnes;SN42940;25.09.2015;9,1;6,4;19,4;3,9;0
Sirdal - Sinnes;SN42940;26.09.2015;10,9;7,1;8,5;5,2;0
Sirdal - Sinnes;SN42940;27.09.2015;12,8;5,5;0,1;4,2;0
Sirdal - Sinnes;SN42940;28.09.2015;14;6,2;0;2,7;0
Sirdal - Sinnes;SN42940;29.09.2015;12,2;-;0;-;0
Sirdal - Sinnes;SN42940;30.09.2015;15;6,8;0;5,8;0
Sirdal - Sinnes;SN42940;01.10.2015;12,3;9;0;5,1;0
Sirdal - Sinnes;SN42940;02.10.2015;11,3;8,6;0;5,1;0
Sirdal - Sinnes;SN42940;03.10.2015;13,1;6,5;0;3,8;0
Sirdal - Sinnes;SN42940;04.10.2015;12,3;3,9;0;4,5;0
Sirdal - Sinnes;SN42940;05.10.2015;10,9;5,6;0;6;0
Sirdal - Sinnes;SN42940;06.10.2015;9,1;7,3;0;7;0
Sirdal - Sinnes;SN42940;07.10.2015;6,5;4,9;0,9;8,3;0
Sirdal - Sinnes;SN42940;08.10.2015;5,8;4,8;1,4;6,8;0
Sirdal - Sinnes;SN42940;09.10.2015;6;5,1;6;4,1;0
Sirdal - Sinnes;SN42940;10.10.2015;7;5,4;0,5;2,8;0
Sirdal - Sinnes;SN42940;11.10.2015;7,6;5,4;0;2,8;0
Sirdal - Sinnes;SN42940;12.10.2015;6,6;4,4;1,6;4;0
Sirdal - Sinnes;SN42940;13.10.2015;5,2;2,3;0,2;4,1;0
Sirdal - Sinnes;SN42940;14.10.2015;10,2;0,9;0;3,5;0
Sirdal - Sinnes;SN42940;15.10.2015;9,7;1,5;0;4,3;0
Sirdal - Sinnes;SN42940;16.10.2015;11,2;1,1;0,1;3,4;0
Sirdal - Sinnes;SN42940;17.10.2015;14,6;1,7;0;3,2;0
Sirdal - Sinnes;SN42940;18.10.2015;14,9;1,2;0;2,7;0
Sirdal - Sinnes;SN42940;19.10.2015;13,4;1,5;0;3,3;0
Sirdal - Sinnes;SN42940;20.10.2015;7;1,4;0;3,6;0
Sirdal - Sinnes;SN42940;21.10.2015;8,1;5;1,4;5;0
Sirdal - Sinnes;SN42940;22.10.2015;8,9;7,2;7,8;6;0
Sirdal - Sinnes;SN42940;23.10.2015;8,5;6,8;16;7,3;0
Sirdal - Sinnes;SN42940;24.10.2015;7,6;6,5;0,5;5,8;0
Sirdal - Sinnes;SN42940;25.10.2015;7,9;3,1;11,3;5,2;0
Sirdal - Sinnes;SN42940;26.10.2015;7,3;4,4;5,9;3,2;0
Sirdal - Sinnes;SN42940;27.10.2015;8,4;5;0,7;2,7;0
Sirdal - Sinnes;SN42940;28.10.2015;6,8;4,4;0;5,3;0
Sirdal - Sinnes;SN42940;29.10.2015;4,9;4;0;5,1;0
Sirdal - Sinnes;SN42940;30.10.2015;6,1;5,4;0,3;5,4;0
Sirdal - Sinnes;SN42940;31.10.2015;9,1;7,2;1,5;5,7;0
Sirdal - Sinnes;SN42940;01.11.2015;9,9;4,9;0,4;4,1;0
Sirdal - Sinnes;SN42940;02.11.2015;12;2,6;0;3,3;0
Sirdal - Sinnes;SN42940;03.11.2015;7,6;4,5;0;3,2;0
Sirdal - Sinnes;SN42940;04.11.2015;6,4;2,3;0,2;3,1;0
Sirdal - Sinnes;SN42940;05.11.2015;8,9;6,7;0,1;7,1;0
Sirdal - Sinnes;SN42940;06.11.2015;8,9;7,9;1;7,1;0
Sirdal - Sinnes;SN42940;07.11.2015;10,7;6,7;8,2;3,8;0
Sirdal - Sinnes;SN42940;08.11.2015;6,7;5,9;13,1;7,6;0
Sirdal - Sinnes;SN42940;09.11.2015;7,4;4,3;18,1;9,1;0
Sirdal - Sinnes;SN42940;10.11.2015;8,8;5,1;20,1;4,8;0
Sirdal - Sinnes;SN42940;11.11.2015;7;5,5;1,9;5,3;0
Sirdal - Sinnes;SN42940;12.11.2015;6,1;4,9;4,4;5;0
Sirdal - Sinnes;SN42940;13.11.2015;9,1;2,8;7;9;0
Sirdal - Sinnes;SN42940;14.11.2015;3,6;2;8,3;6,4;12
Sirdal - Sinnes;SN42940;15.11.2015;4,8;1,2;3,1;4,2;5
Sirdal - Sinnes;SN42940;16.11.2015;5,3;2,7;0,3;8;4
Sirdal - Sinnes;SN42940;17.11.2015;3,1;2;2;4,7;2
Sirdal - Sinnes;SN42940;18.11.2015;4,2;2,4;5,4;-;0
Sirdal - Sinnes;SN42940;19.11.2015;3,6;1,3;12,4;7;0
Sirdal - Sinnes;SN42940;20.11.2015;0,7;-3,6;0;2,2;0
Sirdal - Sinnes;SN42940;21.11.2015;-1,4;-5,9;0;4,6;0
Sirdal - Sinnes;SN42940;22.11.2015;-3;-8,7;0;3,8;0
Sirdal - Sinnes;SN42940;23.11.2015;-1,2;-3,9;0;2,4;0
Sirdal - Sinnes;SN42940;24.11.2015;1,9;0,6;4,5;2,7;2
Sirdal - Sinnes;SN42940;25.11.2015;0,9;-0,1;2,2;3,4;0
Sirdal - Sinnes;SN42940;26.11.2015;2,3;-1,1;0,2;4,2;0
Sirdal - Sinnes;SN42940;27.11.2015;6,2;4,9;12,2;3,9;0
Sirdal - Sinnes;SN42940;28.11.2015;6,2;0;15,4;5,9;0
Sirdal - Sinnes;SN42940;29.11.2015;1,2;-0,6;17,5;7;23
Sirdal - Sinnes;SN42940;30.11.2015;1,5;0,1;2;8,8;27
Sirdal - Sinnes;SN42940;01.12.2015;1,2;-1,7;22,4;-;39
Sirdal - Sinnes;SN42940;02.12.2015;3,7;0,8;8,7;3,4;41
Sirdal - Sinnes;SN42940;03.12.2015;3,5;0,7;8,9;3,8;36
Sirdal - Sinnes;SN42940;04.12.2015;5,4;2,9;27,3;7,9;31
Sirdal - Sinnes;SN42940;05.12.2015;6,2;5,3;38,4;5,6;21
Sirdal - Sinnes;SN42940;06.12.2015;7,2;3,4;50,8;9;10
Sirdal - Sinnes;SN42940;07.12.2015;4;1,3;19,1;8,9;11
Sirdal - Sinnes;SN42940;08.12.2015;6,3;4,8;2,3;6,4;10
Sirdal - Sinnes;SN42940;09.12.2015;6,6;-;22,8;-;4
Sirdal - Sinnes;SN42940;10.12.2015;5,5;2,7;33,3;7,1;0
Sirdal - Sinnes;SN42940;11.12.2015;1,3;-2;15,7;4,8;9
Sirdal - Sinnes;SN42940;12.12.2015;-0,2;-5;1,9;3,6;9
Sirdal - Sinnes;SN42940;13.12.2015;-4,7;-9,2;0;2,2;6
Sirdal - Sinnes;SN42940;14.12.2015;-3,2;-5,8;0,1;3,2;7
Sirdal - Sinnes;SN42940;15.12.2015;-3,7;-8,2;0;4,2;9
Sirdal - Sinnes;SN42940;16.12.2015;1,1;0,1;0,1;5,9;9
Sirdal - Sinnes;SN42940;17.12.2015;1,8;0,6;5,3;3,9;8
Sirdal - Sinnes;SN42940;18.12.2015;5,1;3;7,6;2,3;5
Sirdal - Sinnes;SN42940;19.12.2015;5,9;3,8;8,2;2,9;0
Sirdal - Sinnes;SN42940;20.12.2015;7,5;6,1;22,6;6,5;0
Sirdal - Sinnes;SN42940;21.12.2015;5;3;20,4;6,5;0
Sirdal - Sinnes;SN42940;22.12.2015;6,8;3,1;14,2;5,7;0
Sirdal - Sinnes;SN42940;23.12.2015;4,5;2,1;12,6;6,1;0
Sirdal - Sinnes;SN42940;24.12.2015;6,1;3,9;14,2;8,4;0
Sirdal - Sinnes;SN42940;25.12.2015;5,2;1,1;26,6;7,9;2
Sirdal - Sinnes;SN42940;26.12.2015;1;-3,9;9,5;4,6;4
Sirdal - Sinnes;SN42940;27.12.2015;-2,6;-4,5;4;10,3;4
Sirdal - Sinnes;SN42940;28.12.2015;-1,7;-5,2;4,5;5;7
Sirdal - Sinnes;SN42940;29.12.2015;1,1;0,4;3,1;8,6;4
Sirdal - Sinnes;SN42940;30.12.2015;4,2;2,9;6,7;9,3;6
Sirdal - Sinnes;SN42940;31.12.2015;3,7;1,3;9,2;8,2;0
Sirdal - Sinnes;SN42940;01.01.2016;3,5;-0,6;14,9;6;4
Sirdal - Sinnes;SN42940;02.01.2016;1,7;-2,5;6,3;6,1;4
Sirdal - Sinnes;SN42940;03.01.2016;-5,8;-6,9;6,4;7;6
Sirdal - Sinnes;SN42940;04.01.2016;-6,7;-7,8;7,4;10,9;4
Sirdal - Sinnes;SN42940;05.01.2016;-5,8;-7,2;5,5;5,3;4
Sirdal - Sinnes;SN42940;06.01.2016;-7,6;-11,1;0,8;4,6;4
Sirdal - Sinnes;SN42940;07.01.2016;-9,4;-10,6;1,2;6,5;4
Sirdal - Sinnes;SN42940;08.01.2016;-6,4;-7,9;2,6;7;4
Sirdal - Sinnes;SN42940;09.01.2016;-6,2;-7,2;0,2;8,2;4
Sirdal - Sinnes;SN42940;10.01.2016;-2,7;-4,3;11;10,1;10
Sirdal - Sinnes;SN42940;11.01.2016;-0,6;-1,8;6,1;8,5;9
Sirdal - Sinnes;SN42940;12.01.2016;-1,8;-3,4;0;4,6;9
Sirdal - Sinnes;SN42940;13.01.2016;-3,3;-5,3;1,5;4,2;8
Sirdal - Sinnes;SN42940;14.01.2016;-5,6;-6,5;4,3;4,9;15
Sirdal - Sinnes;SN42940;15.01.2016;-6,2;-9,3;0,1;3,9;14
Sirdal - Sinnes;SN42940;16.01.2016;-6,3;-14,6;0,5;6,1;11
Sirdal - Sinnes;SN42940;17.01.2016;-13,3;-20,8;0;2,3;14
Sirdal - Sinnes;SN42940;18.01.2016;-6,3;-12,8;0,4;2,9;13
Sirdal - Sinnes;SN42940;19.01.2016;-5,8;-19,8;3,9;2,3;14
Sirdal - Sinnes;SN42940;20.01.2016;-13;-23,5;0,3;2,1;11
Sirdal - Sinnes;SN42940;21.01.2016;-13,5;-19,6;0,1;3,2;13
Sirdal - Sinnes;SN42940;22.01.2016;-0,2;-3,8;0,6;7;15
Sirdal - Sinnes;SN42940;23.01.2016;-1,7;-2,9;3,2;7;16
Sirdal - Sinnes;SN42940;24.01.2016;2,5;0,8;2,2;2,4;17
Sirdal - Sinnes;SN42940;25.01.2016;3;1,5;2,9;2,6;11
Sirdal - Sinnes;SN42940;26.01.2016;4;1,6;9,5;6,4;10
Sirdal - Sinnes;SN42940;27.01.2016;3,9;2,2;29,3;3,6;10
Sirdal - Sinnes;SN42940;28.01.2016;2,9;0,4;15,7;6,7;17
Sirdal - Sinnes;SN42940;29.01.2016;4,8;2,3;14;11,2;20
Sirdal - Sinnes;SN42940;30.01.2016;2,2;-0,7;34,2;10;17
Sirdal - Sinnes;SN42940;31.01.2016;1;-1,2;15,1;6,9;27
Sirdal - Sinnes;SN42940;01.02.2016;4,5;-0,9;7,8;8;29
Sirdal - Sinnes;SN42940;02.02.2016;3,4;-;32,7;7,5;38
Sirdal - Sinnes;SN42940;03.02.2016;3,5;-0,6;28,4;7,1;40
Sirdal - Sinnes;SN42940;04.02.2016;-0,3;-3,3;2,6;6,3;40
Sirdal - Sinnes;SN42940;05.02.2016;-1,2;-3,4;0,3;4,6;40
Sirdal - Sinnes;SN42940;06.02.2016;3,5;1,8;20,6;5,7;40
Sirdal - Sinnes;SN42940;07.02.2016;4,1;2,6;25,1;7,2;41
Sirdal - Sinnes;SN42940;08.02.2016;2,2;1,1;29,2;9,1;44
Sirdal - Sinnes;SN42940;09.02.2016;3,2;0,1;19,9;4,1;49
Sirdal - Sinnes;SN42940;10.02.2016;0,6;-4,8;4,1;3,2;49
Sirdal - Sinnes;SN42940;11.02.2016;0,6;-4,8;0,2;4,6;50
Sirdal - Sinnes;SN42940;12.02.2016;-2,6;-9,6;0,3;5,6;50
Sirdal - Sinnes;SN42940;13.02.2016;-6,5;-15,2;0;3,8;50
Sirdal - Sinnes;SN42940;14.02.2016;-6,1;-16;0;3,3;47
Sirdal - Sinnes;SN42940;15.02.2016;-4,7;-16;0;2,8;47
Sirdal - Sinnes;SN42940;16.02.2016;-0,9;-10,4;0,3;5,9;47
Sirdal - Sinnes;SN42940;17.02.2016;0,2;-1,4;3,2;8,8;52
Sirdal - Sinnes;SN42940;18.02.2016;-2,3;-3,5;1,4;4,7;53
Sirdal - Sinnes;SN42940;19.02.2016;0,1;-2,1;2,8;8;53
Sirdal - Sinnes;SN42940;20.02.2016;0,7;-0,6;5,8;9;78
Sirdal - Sinnes;SN42940;21.02.2016;0,6;-1,4;25,6;6,3;95
Sirdal - Sinnes;SN42940;22.02.2016;2,5;-1,1;14,5;5,3;104
Sirdal - Sinnes;SN42940;23.02.2016;2,9;-0,9;4,3;5,8;99
Sirdal - Sinnes;SN42940;24.02.2016;0,8;-2,6;0,9;5;95
Sirdal - Sinnes;SN42940;25.02.2016;0,3;-11,4;0,7;4,2;92
Sirdal - Sinnes;SN42940;26.02.2016;-1,5;-11,7;0,1;5,6;91
Sirdal - Sinnes;SN42940;27.02.2016;0,4;-13;0,4;3,9;90
Sirdal - Sinnes;SN42940;28.02.2016;-0,2;-12,8;0,1;3;88
Sirdal - Sinnes;SN42940;29.02.2016;-4,3;-12,5;0;3,5;88
Sirdal - Sinnes;SN42940;01.03.2016;-2,9;-3,3;0,9;7,7;87
Sirdal - Sinnes;SN42940;02.03.2016;-1,1;-2,1;9,9;9,4;92
Sirdal - Sinnes;SN42940;03.03.2016;0,7;-1,5;20,1;5,7;99
Sirdal - Sinnes;SN42940;04.03.2016;3,2;-2,8;2,9;5,1;98
Sirdal - Sinnes;SN42940;05.03.2016;-0,4;-7,3;0,1;4,2;96
Sirdal - Sinnes;SN42940;06.03.2016;0;-1,4;1,1;5,4;95
Sirdal - Sinnes;SN42940;07.03.2016;3;-3,7;1,5;5,2;94
Sirdal - Sinnes;SN42940;08.03.2016;-0,9;-9,2;0;3,5;94
Sirdal - Sinnes;SN42940;09.03.2016;1,3;-0,5;0,6;4,7;93
Sirdal - Sinnes;SN42940;10.03.2016;3,6;-2,8;0,5;3,4;91
Sirdal - Sinnes;SN42940;11.03.2016;2,8;-7,1;0;2,3;90
Sirdal - Sinnes;SN42940;12.03.2016;0,9;-1,9;0;4,8;90
Sirdal - Sinnes;SN42940;13.03.2016;5,9;1,7;0,7;5;91
Sirdal - Sinnes;SN42940;14.03.2016;10,6;3,8;0,1;3,9;85
Sirdal - Sinnes;SN42940;15.03.2016;10,9;1,8;0,2;3,7;80
Sirdal - Sinnes;SN42940;16.03.2016;10,2;0,9;0;4,4;76
Sirdal - Sinnes;SN42940;17.03.2016;11,1;2,3;0;5,5;74
Sirdal - Sinnes;SN42940;18.03.2016;6,7;2;0;5;70
Sirdal - Sinnes;SN42940;19.03.2016;5,2;0,7;0;7,4;67
Sirdal - Sinnes;SN42940;20.03.2016;4,4;2,3;0,1;7,4;64
Sirdal - Sinnes;SN42940;21.03.2016;4,8;2,5;0;5,4;61
Sirdal - Sinnes;SN42940;22.03.2016;4,1;2,5;0,8;4,7;59
Sirdal - Sinnes;SN42940;23.03.2016;4,9;-0,3;0;5,5;57
Sirdal - Sinnes;SN42940;24.03.2016;0,9;-2,5;0;2,6;55
Sirdal - Sinnes;SN42940;25.03.2016;4,5;1,1;5,1;5,7;58
Sirdal - Sinnes;SN42940;26.03.2016;4,6;1,5;1;8;54
Sirdal - Sinnes;SN42940;27.03.2016;4,9;3,2;19,9;7,7;49
Sirdal - Sinnes;SN42940;28.03.2016;3,5;2,6;11,9;5,9;47
Sirdal - Sinnes;SN42940;29.03.2016;3,7;1,6;27,1;6,8;44
Sirdal - Sinnes;SN42940;30.03.2016;5,9;-1,5;5,2;4;41
Sirdal - Sinnes;SN42940;31.03.2016;1,9;-1,7;1,1;4,8;40
Sirdal - Sinnes;SN42940;01.04.2016;4,4;-2,3;0,3;5,3;40
Sirdal - Sinnes;SN42940;02.04.2016;3,2;1,5;3,1;5;39
Sirdal - Sinnes;SN42940;03.04.2016;4,8;2,6;7;9,4;37
Sirdal - Sinnes;SN42940;04.04.2016;6,2;4,6;0,8;6,8;31
Sirdal - Sinnes;SN42940;05.04.2016;6,8;3,9;4,4;6,4;23
Sirdal - Sinnes;SN42940;06.04.2016;3,8;2,3;0,7;3,6;18
Sirdal - Sinnes;SN42940;07.04.2016;5,4;2,5;2,4;3,2;17
Sirdal - Sinnes;SN42940;08.04.2016;4,5;1,4;0,1;5;13
Sirdal - Sinnes;SN42940;09.04.2016;6,4;0,4;0,1;3,5;10
Sirdal - Sinnes;SN42940;10.04.2016;7,4;1,7;0;3,9;7
Sirdal - Sinnes;SN42940;11.04.2016;8,4;3,1;0,4;3,9;0
Sirdal - Sinnes;SN42940;12.04.2016;9,3;2,4;0,3;4,1;0
Sirdal - Sinnes;SN42940;13.04.2016;6,2;3,5;0;3,1;0
Sirdal - Sinnes;SN42940;14.04.2016;7,9;3,5;0;3,7;0
Sirdal - Sinnes;SN42940;15.04.2016;4,7;2,1;3,6;3,5;0
Sirdal - Sinnes;SN42940;16.04.2016;5,6;1,9;1,5;4,5;-
Sirdal - Sinnes;SN42940;17.04.2016;6;2,1;0;5,2;-
Sirdal - Sinnes;SN42940;18.04.2016;3,8;1,9;4;7,3;0
Sirdal - Sinnes;SN42940;19.04.2016;5,9;2,7;12,3;6,9;3
Sirdal - Sinnes;SN42940;20.04.2016;6;2,7;1,6;7,3;0
Sirdal - Sinnes;SN42940;21.04.2016;5,3;2,5;0,9;6,9;0
Sirdal - Sinnes;SN42940;22.04.2016;4,5;0,9;3,3;6,5;0
Sirdal - Sinnes;SN42940;23.04.2016;2,4;-1,7;0;5,3;0
Sirdal - Sinnes;SN42940;24.04.2016;4,3;-0,3;1,1;5,3;0
Sirdal - Sinnes;SN42940;25.04.2016;3,5;-1,5;0;4,4;0
Sirdal - Sinnes;SN42940;26.04.2016;6,1;1,6;1,6;7,4;0
Sirdal - Sinnes;SN42940;27.04.2016;6,3;1,6;0;4,3;0
Sirdal - Sinnes;SN42940;28.04.2016;5,5;0,8;0;4,6;0
Sirdal - Sinnes;SN42940;29.04.2016;4,5;0;1;6,1;0
Sirdal - Sinnes;SN42940;30.04.2016;3,7;1,4;5,3;5,4;0
Sirdal - Sinnes;SN42940;01.05.2016;6,2;2,8;14,1;6,7;0
Sirdal - Sinnes;SN42940;02.05.2016;3,9;3;1,2;6,2;0
Sirdal - Sinnes;SN42940;03.05.2016;8,4;4,2;23;5,3;0
Sirdal - Sinnes;SN42940;04.05.2016;9,8;4,7;1,3;4,5;0
Sirdal - Sinnes;SN42940;05.05.2016;10,3;5,6;0;6,3;0
Sirdal - Sinnes;SN42940;06.05.2016;13,8;7;0;5;0
Sirdal - Sinnes;SN42940;07.05.2016;16,8;10,6;0,1;8,1;0
Sirdal - Sinnes;SN42940;08.05.2016;19,1;10,8;0;7,1;0
Sirdal - Sinnes;SN42940;09.05.2016;20,4;10,8;0,1;4,7;0
Sirdal - Sinnes;SN42940;10.05.2016;19,7;10,8;0;5,6;0
Sirdal - Sinnes;SN42940;11.05.2016;18,9;10,7;0,3;4,5;0
Sirdal - Sinnes;SN42940;12.05.2016;18;9,8;0,1;4,5;0
Sirdal - Sinnes;SN42940;13.05.2016;13,7;5,7;0,3;5,9;0
Sirdal - Sinnes;SN42940;14.05.2016;8,6;4,1;1,7;6,6;0
Sirdal - Sinnes;SN42940;15.05.2016;10,1;4,5;0;5,7;0
Sirdal - Sinnes;SN42940;16.05.2016;10,1;4,6;0;5,4;0
Sirdal - Sinnes;SN42940;17.05.2016;10,3;6,2;0;6,1;0
Sirdal - Sinnes;SN42940;18.05.2016;8,2;6,4;0;3,5;0
Sirdal - Sinnes;SN42940;19.05.2016;12,1;8,6;1,5;4,1;0
Sirdal - Sinnes;SN42940;20.05.2016;9,7;7,9;1,2;5;0
Sirdal - Sinnes;SN42940;21.05.2016;9,1;7,7;3,7;3,5;0
Sirdal - Sinnes;SN42940;22.05.2016;11,2;9,6;7,1;4,1;0
Sirdal - Sinnes;SN42940;23.05.2016;14,5;10,5;13,8;6,3;0
Sirdal - Sinnes;SN42940;24.05.2016;17,2;11,9;0,1;5,6;0
Sirdal - Sinnes;SN42940;25.05.2016;17,3;11,3;0;8;0
Sirdal - Sinnes;SN42940;26.05.2016;16,4;9,7;0,1;5,3;0
Sirdal - Sinnes;SN42940;27.05.2016;18,7;11,5;0,2;5,3;0
Sirdal - Sinnes;SN42940;28.05.2016;16,7;9,8;0,2;3,9;0
Sirdal - Sinnes;SN42940;29.05.2016;14,3;11,4;1,7;5,8;0
Sirdal - Sinnes;SN42940;30.05.2016;13,2;11,8;0,1;5,2;0
Sirdal - Sinnes;SN42940;31.05.2016;22,1;16,9;13,3;4,6;0
Sirdal - Sinnes;SN42940;01.06.2016;22,6;16;0,1;4,6;0
Sirdal - Sinnes;SN42940;02.06.2016;23,4;16,1;0,5;5,1;0
Sirdal - Sinnes;SN42940;03.06.2016;25,6;17,4;0;4,5;0
Sirdal - Sinnes;SN42940;04.06.2016;24,8;16,5;0,8;4,1;0
Sirdal - Sinnes;SN42940;05.06.2016;23,8;16;0,3;4;0
Sirdal - Sinnes;SN42940;06.06.2016;22;15,5;0,1;4,8;0
Sirdal - Sinnes;SN42940;07.06.2016;22,4;16;0,4;5,8;0
Sirdal - Sinnes;SN42940;08.06.2016;19,8;14,2;0,2;5,4;0
Sirdal - Sinnes;SN42940;09.06.2016;16,5;10,8;0,2;5,3;0
Sirdal - Sinnes;SN42940;10.06.2016;15,4;9,3;0,3;4,4;0
Sirdal - Sinnes;SN42940;11.06.2016;13,2;8;1;5,6;0
Sirdal - Sinnes;SN42940;12.06.2016;15;9,5;1,1;4,3;0
Sirdal - Sinnes;SN42940;13.06.2016;18,4;10,3;0,1;3,9;0
Sirdal - Sinnes;SN42940;14.06.2016;18;11,6;0,3;4,5;0
Sirdal - Sinnes;SN42940;15.06.2016;14,9;12,2;0,2;4,6;0
Sirdal - Sinnes;SN42940;16.06.2016;16;12;1,6;4,2;0
Sirdal - Sinnes;SN42940;17.06.2016;19;12,4;7,4;6,7;0
Sirdal - Sinnes;SN42940;18.06.2016;19,4;13,1;0,4;5;0
Sirdal - Sinnes;SN42940;19.06.2016;14,7;10,5;0,6;6,1;0
Sirdal - Sinnes;SN42940;20.06.2016;13,1;9,1;0,1;3,6;0
Sirdal - Sinnes;SN42940;21.06.2016;17,1;11,8;14,5;4,1;0
Sirdal - Sinnes;SN42940;22.06.2016;16,6;12,2;0,2;4,4;0
Sirdal - Sinnes;SN42940;23.06.2016;18;14,2;0,5;4,1;0
Sirdal - Sinnes;SN42940;24.06.2016;16,4;14,1;0;4,3;0
Sirdal - Sinnes;SN42940;25.06.2016;20,8;15;7,7;3,7;0
Sirdal - Sinnes;SN42940;26.06.2016;16,7;13,3;3,4;4,8;0
Sirdal - Sinnes;SN42940;27.06.2016;12,3;10;6;4,5;0
Sirdal - Sinnes;SN42940;28.06.2016;14,9;9,8;4,2;4,5;0
Sirdal - Sinnes;SN42940;29.06.2016;12,1;9,3;1;4;0
Sirdal - Sinnes;SN42940;30.06.2016;12;9,6;11,3;7,1;0
Sirdal - Sinnes;SN42940;01.07.2016;12,5;9,2;7,8;4,8;0
Sirdal - Sinnes;SN42940;02.07.2016;11,6;8,3;12,5;7,1;0
Sirdal - Sinnes;SN42940;03.07.2016;13,4;8,7;10,3;4,8;0
Sirdal - Sinnes;SN42940;04.07.2016;14;9,4;0,3;5,3;0
Sirdal - Sinnes;SN42940;05.07.2016;16,5;9,7;0,6;5,7;0
Sirdal - Sinnes;SN42940;06.07.2016;13,5;9,6;0,1;6,2;0
Sirdal - Sinnes;SN42940;07.07.2016;14,4;9,5;0;5;0
Sirdal - Sinnes;SN42940;08.07.2016;18,1;12,6;0,6;3,6;0
Sirdal - Sinnes;SN42940;09.07.2016;16;10,9;0,2;5,3;0
Sirdal - Sinnes;SN42940;10.07.2016;15,2;11,6;0,3;4,2;0
Sirdal - Sinnes;SN42940;11.07.2016;14,5;12,3;11,4;3,4;0
Sirdal - Sinnes;SN42940;12.07.2016;14,7;12,4;4,4;4,3;0
Sirdal - Sinnes;SN42940;13.07.2016;15,9;13,2;0,3;4,4;0
Sirdal - Sinnes;SN42940;14.07.2016;18,2;13,6;0;5,2;0
Sirdal - Sinnes;SN42940;15.07.2016;16,2;11,9;0;5;0
Sirdal - Sinnes;SN42940;16.07.2016;15,5;10,6;1,5;6,1;0
Sirdal - Sinnes;SN42940;17.07.2016;13,4;10,1;2;5,4;0
Sirdal - Sinnes;SN42940;18.07.2016;15,7;10,9;0,5;4,3;0
Sirdal - Sinnes;SN42940;19.07.2016;18,6;12,8;0,2;4,1;0
Sirdal - Sinnes;SN42940;20.07.2016;23,5;16,4;0,3;4,3;-
Sirdal - Sinnes;SN42940;21.07.2016;21,5;16,7;0,2;5,4;0
Sirdal - Sinnes;SN42940;22.07.2016;21,9;17,3;0;6;0
Sirdal - Sinnes;SN42940;23.07.2016;22,7;16,9;0,1;3,3;0
Sirdal - Sinnes;SN42940;24.07.2016;22,3;16,1;0,1;4,4;0
Sirdal - Sinnes;SN42940;25.07.2016;19,6;15,5;2;5,6;0
Sirdal - Sinnes;SN42940;26.07.2016;16,1;12,4;2,2;4,8;0
Sirdal - Sinnes;SN42940;27.07.2016;13,1;11,5;4,3;4,9;0
Sirdal - Sinnes;SN42940;28.07.2016;15,6;11,8;23,5;5;0
Sirdal - Sinnes;SN42940;29.07.2016;13,5;11,4;1,1;3,2;0
Sirdal - Sinnes;SN42940;30.07.2016;13,9;10,2;8;4,3;0
Sirdal - Sinnes;SN42940;31.07.2016;12,4;9,8;0,7;4,3;0
Sirdal - Sinnes;SN42940;01.08.2016;13,3;9,9;8,7;4,5;0
Sirdal - Sinnes;SN42940;02.08.2016;13,9;10,2;3,8;4,8;0
Sirdal - Sinnes;SN42940;03.08.2016;14,1;10,9;0,2;5,9;0
Sirdal - Sinnes;SN42940;04.08.2016;16,1;12,5;17,2;4,8;0
Sirdal - Sinnes;SN42940;05.08.2016;17,5;12,4;8;4,6;-
Sirdal - Sinnes;SN42940;06.08.2016;12,1;9,9;0,2;5,1;0
Sirdal - Sinnes;SN42940;07.08.2016;15,6;9,7;0;5,7;0
Sirdal - Sinnes;SN42940;08.08.2016;11,8;9,3;16;7;0
Sirdal - Sinnes;SN42940;09.08.2016;9,4;7,4;24,7;6,1;0
Sirdal - Sinnes;SN42940;10.08.2016;11,7;7,8;2,2;6,2;0
Sirdal - Sinnes;SN42940;11.08.2016;14,2;7,6;0,1;4,4;0
Sirdal - Sinnes;SN42940;12.08.2016;13,1;9,1;0,7;4,2;0
Sirdal - Sinnes;SN42940;13.08.2016;15,3;11,2;10,4;4,8;-
Sirdal - Sinnes;SN42940;14.08.2016;13,4;10,7;4;4,1;0
Sirdal - Sinnes;SN42940;15.08.2016;19;12,8;0;3,8;0
Sirdal - Sinnes;SN42940;16.08.2016;24,2;14,2;0;3,2;0
Sirdal - Sinnes;SN42940;17.08.2016;24,3;14,9;0;4,5;0
Sirdal - Sinnes;SN42940;18.08.2016;21,1;14,3;0;6,4;0
Sirdal - Sinnes;SN42940;19.08.2016;18,1;11,3;0,2;4;0
Sirdal - Sinnes;SN42940;20.08.2016;14,3;11;34,1;4,6;0
Sirdal - Sinnes;SN42940;21.08.2016;17,3;13,2;5,7;3,9;0
Sirdal - Sinnes;SN42940;22.08.2016;15;12,6;1,1;4,9;0
Sirdal - Sinnes;SN42940;23.08.2016;20,3;14,5;1,9;4,2;0
Sirdal - Sinnes;SN42940;24.08.2016;16,6;13,9;0,3;5;0
Sirdal - Sinnes;SN42940;25.08.2016;18;15,1;0,4;2,6;0
Sirdal - Sinnes;SN42940;26.08.2016;17,7;14,1;9,8;6,7;0
Sirdal - Sinnes;SN42940;27.08.2016;16,5;11;4,6;4,9;-
Sirdal - Sinnes;SN42940;28.08.2016;13,9;9,6;0,1;3,7;-
Sirdal - Sinnes;SN42940;29.08.2016;14,5;9,8;0,2;5;-
Sirdal - Sinnes;SN42940;30.08.2016;16,4;10,5;0,1;4,3;-
Sirdal - Sinnes;SN42940;31.08.2016;14,3;10,8;4,4;-;-
Sirdal - Sinnes;SN42940;01.09.2016;13,7;10,6;1,8;5,6;-
Sirdal - Sinnes;SN42940;02.09.2016;14,1;10,6;0,9;3,3;-
Sirdal - Sinnes;SN42940;03.09.2016;13,1;9,6;6,1;4,8;-
Sirdal - Sinnes;SN42940;04.09.2016;18;9,3;0,5;3,5;-
Sirdal - Sinnes;SN42940;05.09.2016;17,7;9,5;0,1;4,2;-
Sirdal - Sinnes;SN42940;06.09.2016;15,1;12,3;0,1;3,7;-
Sirdal - Sinnes;SN42940;07.09.2016;18,2;13,8;5,9;3,2;-
Sirdal - Sinnes;SN42940;08.09.2016;19,2;15,8;0,5;5,9;-
Sirdal - Sinnes;SN42940;09.09.2016;16;13,8;0,3;4,7;-
Sirdal - Sinnes;SN42940;10.09.2016;15,3;13,4;7,4;5,9;-
Sirdal - Sinnes;SN42940;11.09.2016;14,3;10,9;44,1;5,9;-
Sirdal - Sinnes;SN42940;12.09.2016;13,9;11,8;0;4,3;-
Sirdal - Sinnes;SN42940;13.09.2016;22,2;15,6;0;4;-
Sirdal - Sinnes;SN42940;14.09.2016;24,6;16,3;0,2;3,9;-
Sirdal - Sinnes;SN42940;15.09.2016;23,2;15;0,9;4,6;-
Sirdal - Sinnes;SN42940;16.09.2016;18,8;14,8;0,2;5;-
Sirdal - Sinnes;SN42940;17.09.2016;18,8;13,3;0;4,4;-
Sirdal - Sinnes;SN42940;18.09.2016;18,7;11,8;0;3,8;-
Sirdal - Sinnes;SN42940;19.09.2016;15,4;11,8;0;3,7;-
Sirdal - Sinnes;SN42940;20.09.2016;16,9;10,2;0;4,4;-
Sirdal - Sinnes;SN42940;21.09.2016;16,2;11,4;0;4,4;-
Sirdal - Sinnes;SN42940;22.09.2016;13,1;11,1;8,8;4,6;-
Sirdal - Sinnes;SN42940;23.09.2016;12,4;9,1;4,7;4,7;-
Sirdal - Sinnes;SN42940;24.09.2016;13;9,7;0,3;5,9;-
Sirdal - Sinnes;SN42940;25.09.2016;17;14;0,3;7,8;-
Sirdal - Sinnes;SN42940;26.09.2016;13,9;9,5;10,2;4,8;-
Sirdal - Sinnes;SN42940;27.09.2016;11,7;9,3;0,1;9;0
Sirdal - Sinnes;SN42940;28.09.2016;11,7;9,3;32,3;5,8;0
Sirdal - Sinnes;SN42940;29.09.2016;12,6;8,4;13;9,3;0
Sirdal - Sinnes;SN42940;30.09.2016;8,4;5,5;22,6;7,4;0
Sirdal - Sinnes;SN42940;01.10.2016;10,2;5,6;12;3,7;0
Sirdal - Sinnes;SN42940;02.10.2016;12,6;5,1;0,3;4;0
Sirdal - Sinnes;SN42940;03.10.2016;13,3;4,7;0;3,5;0
Sirdal - Sinnes;SN42940;04.10.2016;12,2;3,7;0,2;4;0
Sirdal - Sinnes;SN42940;05.10.2016;13;5,2;0;4,9;0
Sirdal - Sinnes;SN42940;06.10.2016;14,7;7,1;0;6,5;0
Sirdal - Sinnes;SN42940;07.10.2016;12,6;7,6;0;5,5;0
Sirdal - Sinnes;SN42940;08.10.2016;9,2;5;0;6,3;0
Sirdal - Sinnes;SN42940;09.10.2016;6,3;2,1;0;6,6;0
Sirdal - Sinnes;SN42940;10.10.2016;6,7;5,1;0;5,9;0
Sirdal - Sinnes;SN42940;11.10.2016;7,4;2,3;0;4,4;0
Sirdal - Sinnes;SN42940;12.10.2016;8,3;0,6;0;3,7;0
Sirdal - Sinnes;SN42940;13.10.2016;4,6;1,8;0,3;4,7;0
Sirdal - Sinnes;SN42940;14.10.2016;6,7;2,2;0,4;5,9;0
Sirdal - Sinnes;SN42940;15.10.2016;6,2;2,7;0;10,1;0
Sirdal - Sinnes;SN42940;16.10.2016;4,8;3,8;0,2;7,7;0
Sirdal - Sinnes;SN42940;17.10.2016;7;6,3;0,7;8,5;0
Sirdal - Sinnes;SN42940;18.10.2016;8,6;7;6,5;6,1;0
Sirdal - Sinnes;SN42940;19.10.2016;8,3;5;2,7;5,7;0
Sirdal - Sinnes;SN42940;20.10.2016;8,3;4,9;0;5,3;0
Sirdal - Sinnes;SN42940;21.10.2016;5,6;3,7;0;6,9;0
Sirdal - Sinnes;SN42940;22.10.2016;3,7;2,3;0;6;0
Sirdal - Sinnes;SN42940;23.10.2016;3,1;2;0,6;5,6;0
Sirdal - Sinnes;SN42940;24.10.2016;5,1;3,1;0,4;6,9;0
Sirdal - Sinnes;SN42940;25.10.2016;5,1;-;0;3,1;0
Sirdal - Sinnes;SN42940;26.10.2016;7,1;4,1;0,5;2,9;0
Sirdal - Sinnes;SN42940;27.10.2016;7,4;6,6;5,6;4,5;0
Sirdal - Sinnes;SN42940;28.10.2016;8,9;4,3;8,8;6,7;0
Sirdal - Sinnes;SN42940;29.10.2016;5,1;3,3;18,1;8,3;0
Sirdal - Sinnes;SN42940;30.10.2016;6;4,2;0,6;4;0
Sirdal - Sinnes;SN42940;31.10.2016;7,7;6;1;2,2;0
Sirdal - Sinnes;SN42940;01.11.2016;6,9;3,3;3,5;5,3;0
Sirdal - Sinnes;SN42940;02.11.2016;4,4;-0,9;0,3;2,9;0
Sirdal - Sinnes;SN42940;03.11.2016;1,1;-1,1;0,2;2,2;0
Sirdal - Sinnes;SN42940;04.11.2016;1,2;0;1,3;4,9;0
Sirdal - Sinnes;SN42940;05.11.2016;1,4;0,1;1,5;9,8;0
Sirdal - Sinnes;SN42940;06.11.2016;-0,9;-4,7;3,1;7,7;0
Sirdal - Sinnes;SN42940;07.11.2016;-5,4;-7,3;0;6;0
Sirdal - Sinnes;SN42940;08.11.2016;-4,7;-7,3;0;6;2
Sirdal - Sinnes;SN42940;09.11.2016;-4,6;-6,4;0;6,2;0
Sirdal - Sinnes;SN42940;10.11.2016;-1,2;-5,2;0,1;5,2;0
Sirdal - Sinnes;SN42940;11.11.2016;-1,4;-7,7;0;3,2;0
Sirdal - Sinnes;SN42940;12.11.2016;2,4;0,4;0;6;2
Sirdal - Sinnes;SN42940;13.11.2016;2,4;1,9;4,3;4,4;0
Sirdal - Sinnes;SN42940;14.11.2016;4,3;3,1;1,9;3,8;0
Sirdal - Sinnes;SN42940;15.11.2016;8,2;4;11,2;5,8;0
Sirdal - Sinnes;SN42940;16.11.2016;4,7;2,3;2,4;4,8;0
Sirdal - Sinnes;SN42940;17.11.2016;1,6;0,3;15,5;4,5;11
Sirdal - Sinnes;SN42940;18.11.2016;2;0,4;8,9;6,9;19
Sirdal - Sinnes;SN42940;19.11.2016;1,3;-0,5;4,4;4,5;21
Sirdal - Sinnes;SN42940;20.11.2016;1,7;0,4;7,3;4;30
Sirdal - Sinnes;SN42940;21.11.2016;1,8;0,8;6,3;6,6;32
Sirdal - Sinnes;SN42940;22.11.2016;5,1;-;25,7;-;28
Sirdal - Sinnes;SN42940;23.11.2016;4,9;2,3;8,1;-;13
Sirdal - Sinnes;SN42940;24.11.2016;3,3;1,9;3,5;3,9;13
Sirdal - Sinnes;SN42940;25.11.2016;4,3;2,9;1,2;4,8;12
Sirdal - Sinnes;SN42940;26.11.2016;7,2;3,8;0,8;8,8;8
Sirdal - Sinnes;SN42940;27.11.2016;2,1;-3,1;1,8;5,1;5
Sirdal - Sinnes;SN42940;28.11.2016;-2,6;-6,3;0;2,8;6
Sirdal - Sinnes;SN42940;29.11.2016;2,3;0,1;0;5;6
Sirdal - Sinnes;SN42940;30.11.2016;2,9;0,9;8,6;5,5;8
Sirdal - Sinnes;SN42940;01.12.2016;5,2;2,8;2,1;9,3;8
Sirdal - Sinnes;SN42940;02.12.2016;1,1;-4;3,6;7,3;2
Sirdal - Sinnes;SN42940;03.12.2016;1,4;-2,5;0;4,8;2
Sirdal - Sinnes;SN42940;04.12.2016;3,6;2,1;0,3;4,5;2
Sirdal - Sinnes;SN42940;05.12.2016;4;3,4;0;7,7;2
Sirdal - Sinnes;SN42940;06.12.2016;4,1;-3,1;0,2;7,6;0
Sirdal - Sinnes;SN42940;07.12.2016;3;1,4;1,7;3,2;0
Sirdal - Sinnes;SN42940;08.12.2016;7,9;6,7;20,5;5,3;0
Sirdal - Sinnes;SN42940;09.12.2016;7,1;4,6;4,8;4,5;0
Sirdal - Sinnes;SN42940;10.12.2016;6,1;2,9;2,9;3,9;0
Sirdal - Sinnes;SN42940;11.12.2016;2,5;0,3;6,2;5,4;0
Sirdal - Sinnes;SN42940;12.12.2016;-0,5;-1,7;0,3;3,1;0
Sirdal - Sinnes;SN42940;13.12.2016;4,5;-0,9;2,3;5,6;0
Sirdal - Sinnes;SN42940;14.12.2016;-3,8;-7,2;0,1;2,8;0
Sirdal - Sinnes;SN42940;15.12.2016;0,5;-1,7;0,2;2,9;0
Sirdal - Sinnes;SN42940;16.12.2016;1,8;0,4;0,5;3,8;0
Sirdal - Sinnes;SN42940;17.12.2016;0,9;0,3;0,9;1,7;0
Sirdal - Sinnes;SN42940;18.12.2016;1,4;-1,6;8;2,7;2
Sirdal - Sinnes;SN42940;19.12.2016;0,5;-1,1;0,2;2,5;2
Sirdal - Sinnes;SN42940;20.12.2016;3;1,4;1,4;5,9;2
Sirdal - Sinnes;SN42940;21.12.2016;2,7;1,1;3;6,5;2
Sirdal - Sinnes;SN42940;22.12.2016;2,6;1,2;18,8;5,7;7
Sirdal - Sinnes;SN42940;23.12.2016;2,6;1,4;20,9;6,3;15
Sirdal - Sinnes;SN42940;24.12.2016;3,9;0,2;26,5;6,7;12
Sirdal - Sinnes;SN42940;25.12.2016;5,9;2,7;15;6,6;29
Sirdal - Sinnes;SN42940;26.12.2016;6,6;1,1;8,9;8,9;20
Sirdal - Sinnes;SN42940;27.12.2016;3,3;0,9;28,6;11;24
Sirdal - Sinnes;SN42940;28.12.2016;4,3;1,6;0,2;4,4;24
Sirdal - Sinnes;SN42940;29.12.2016;2,7;2;0,1;2,8;24
Sirdal - Sinnes;SN42940;30.12.2016;5,2;3,7;0,6;3,2;23
Sirdal - Sinnes;SN42940;31.12.2016;5,8;4,2;14,5;3,3;18
Sirdal - Sinnes;SN42940;01.01.2017;3,3;-1,4;11,7;4,4;15
Sirdal - Sinnes;SN42940;02.01.2017;-2,8;-5,8;0;3,2;16
Sirdal - Sinnes;SN42940;03.01.2017;4;-1,1;1,1;8,3;17
Sirdal - Sinnes;SN42940;04.01.2017;0,4;-5,9;11;6,4;19
Sirdal - Sinnes;SN42940;05.01.2017;-10,9;-15,8;0,2;3,7;19
Sirdal - Sinnes;SN42940;06.01.2017;-2,3;-5,4;0,2;4;19
Sirdal - Sinnes;SN42940;07.01.2017;3,6;-1,1;7,1;4,6;23
Sirdal - Sinnes;SN42940;08.01.2017;0,5;-3,8;0,1;3,8;22
Sirdal - Sinnes;SN42940;09.01.2017;3,5;1,7;0,6;4,9;22
Sirdal - Sinnes;SN42940;10.01.2017;2,9;0,8;16;5,2;18
Sirdal - Sinnes;SN42940;11.01.2017;2,5;0,9;21,4;7,5;21
Sirdal - Sinnes;SN42940;12.01.2017;0,3;-1;28,9;7,7;32
Sirdal - Sinnes;SN42940;13.01.2017;-0,6;-3;13,4;4,3;37
Sirdal - Sinnes;SN42940;14.01.2017;-1,2;-7,8;6;4,2;42
Sirdal - Sinnes;SN42940;15.01.2017;-12,2;-19,1;0;2,5;39
Sirdal - Sinnes;SN42940;16.01.2017;-12,9;-18,2;0;3,1;39
Sirdal - Sinnes;SN42940;17.01.2017;-1,3;-4,1;0;2,9;39
Sirdal - Sinnes;SN42940;18.01.2017;4,3;1,5;0,5;4,3;38
Sirdal - Sinnes;SN42940;19.01.2017;5,6;2,6;0,7;3,6;33
Sirdal - Sinnes;SN42940;20.01.2017;5,6;3,8;1,8;4,4;30
Sirdal - Sinnes;SN42940;21.01.2017;4,7;1;0;4,8;27
Sirdal - Sinnes;SN42940;22.01.2017;-1,4;-4,4;0;3,5;27
Sirdal - Sinnes;SN42940;23.01.2017;2,6;-1,4;0,5;4,1;28
Sirdal - Sinnes;SN42940;24.01.2017;1,1;-2,3;0,8;2,8;28
Sirdal - Sinnes;SN42940;25.01.2017;2,7;1,7;1,4;3;28
Sirdal - Sinnes;SN42940;26.01.2017;2,5;-1,8;2;4,9;26
Sirdal - Sinnes;SN42940;27.01.2017;3,9;-2,9;0;5,7;26
Sirdal - Sinnes;SN42940;28.01.2017;1,3;0;0;5,8;26
Sirdal - Sinnes;SN42940;29.01.2017;1,3;-0,2;2,7;7,5;31
Sirdal - Sinnes;SN42940;30.01.2017;0,6;-3,6;15,9;5,2;59
Sirdal - Sinnes;SN42940;31.01.2017;-1,5;-4,8;0,7;3,8;56
Sirdal - Sinnes;SN42940;01.02.2017;-0,9;-1,9;0,4;5,8;56
Sirdal - Sinnes;SN42940;02.02.2017;0,2;-0,3;1,9;5,8;54
Sirdal - Sinnes;SN42940;03.02.2017;3,2;1,3;3,3;8,1;55
Sirdal - Sinnes;SN42940;04.02.2017;1,3;-0,5;2,8;9,2;53
Sirdal - Sinnes;SN42940;05.02.2017;0,3;-1;5,8;8,6;52
Sirdal - Sinnes;SN42940;06.02.2017;-0,9;-2,8;3,8;5,3;53
Sirdal - Sinnes;SN42940;07.02.2017;-4,6;-7,9;6,7;8,5;55
Sirdal - Sinnes;SN42940;08.02.2017;-7,6;-9,6;5,9;8,3;51
Sirdal - Sinnes;SN42940;09.02.2017;-6,5;-8,4;0,3;6,8;51
Sirdal - Sinnes;SN42940;10.02.2017;-4,6;-6;0,3;9,2;51
Sirdal - Sinnes;SN42940;11.02.2017;0,4;-3,4;4,1;7,2;51
Sirdal - Sinnes;SN42940;12.02.2017;-2,2;-8,3;0;4,7;50
Sirdal - Sinnes;SN42940;13.02.2017;-0,9;-11;0;3,1;50
Sirdal - Sinnes;SN42940;14.02.2017;2,1;-9,6;0;3,5;50
Sirdal - Sinnes;SN42940;15.02.2017;0,4;-7,2;0;3;50
Sirdal - Sinnes;SN42940;16.02.2017;2,5;0,7;0,7;2,4;50
Sirdal - Sinnes;SN42940;17.02.2017;5,2;1,6;1,9;4,3;47
Sirdal - Sinnes;SN42940;18.02.2017;1,6;-3,2;0;5,2;47
Sirdal - Sinnes;SN42940;19.02.2017;5,4;2,5;11,9;4,5;47
Sirdal - Sinnes;SN42940;20.02.2017;5,7;3,7;4,1;4,7;44
Sirdal - Sinnes;SN42940;21.02.2017;4,4;1,4;14,5;7,9;42
Sirdal - Sinnes;SN42940;22.02.2017;2,3;0,9;16,3;9,8;65
Sirdal - Sinnes;SN42940;23.02.2017;2,2;-2,9;21,9;6,1;66
Sirdal - Sinnes;SN42940;24.02.2017;-0,8;-10,8;0;3,3;64
Sirdal - Sinnes;SN42940;25.02.2017;-0,1;-5,7;0,2;5,6;64
Sirdal - Sinnes;SN42940;26.02.2017;5,2;1,2;9,5;4,2;75
Sirdal - Sinnes;SN42940;27.02.2017;3,8;2,1;6,4;4,9;71
Sirdal - Sinnes;SN42940;28.02.2017;2,4;0,8;4,1;6,5;66
Sirdal - Sinnes;SN42940;01.03.2017;2,3;-5,3;9,1;5,8;74
Sirdal - Sinnes;SN42940;02.03.2017;0,8;-1,6;2,9;4,4;75
Sirdal - Sinnes;SN42940;03.03.2017;1,8;0,4;10,1;3,9;86
Sirdal - Sinnes;SN42940;04.03.2017;2,5;-0,4;7,7;6,8;82
Sirdal - Sinnes;SN42940;05.03.2017;1,2;-3;4,5;14,8;82
Sirdal - Sinnes;SN42940;06.03.2017;-3,9;-5,5;4,9;11,7;81
Sirdal - Sinnes;SN42940;07.03.2017;-4,4;-9;0,4;8,6;81
Sirdal - Sinnes;SN42940;08.03.2017;-3;-10,8;0;9,5;81
Sirdal - Sinnes;SN42940;09.03.2017;3,9;1;15,6;4,3;97
Sirdal - Sinnes;SN42940;10.03.2017;6,8;1;1,4;5,4;90
Sirdal - Sinnes;SN42940;11.03.2017;3,1;-0,4;0,4;3,7;86
Sirdal - Sinnes;SN42940;12.03.2017;2,7;1,3;6,3;4;88
Sirdal - Sinnes;SN42940;13.03.2017;2,2;0,9;1,3;4,6;86
Sirdal - Sinnes;SN42940;14.03.2017;5,8;2,8;3,2;9,5;86
Sirdal - Sinnes;SN42940;15.03.2017;4;2,4;20,6;9,2;85
Sirdal - Sinnes;SN42940;16.03.2017;3,8;1,9;5,4;6,4;83
Sirdal - Sinnes;SN42940;17.03.2017;3,1;-1,2;13,5;6,7;88
Sirdal - Sinnes;SN42940;18.03.2017;1,6;-5,5;9;4,3;93
Sirdal - Sinnes;SN42940;19.03.2017;0;-5,9;0,2;3,6;91
Sirdal - Sinnes;SN42940;20.03.2017;3,1;-0,1;6,7;6,2;96
Sirdal - Sinnes;SN42940;21.03.2017;1,9;0,4;9,2;4,9;98
Sirdal - Sinnes;SN42940;22.03.2017;2,7;-1;16,7;5,1;105
Sirdal - Sinnes;SN42940;23.03.2017;2,9;-4;1,7;3,9;100
Sirdal - Sinnes;SN42940;24.03.2017;3,2;0,7;0,3;4,7;99
Sirdal - Sinnes;SN42940;25.03.2017;5,8;2,3;1,9;7,3;98
Sirdal - Sinnes;SN42940;26.03.2017;13,5;4,8;0;3,4;93
Sirdal - Sinnes;SN42940;27.03.2017;14;3,5;0;3,3;89
Sirdal - Sinnes;SN42940;28.03.2017;11,9;2,7;0;3,7;85
Sirdal - Sinnes;SN42940;29.03.2017;4,3;2;0,1;2,7;83
Sirdal - Sinnes;SN42940;30.03.2017;3,6;1,8;1,6;4;80
Sirdal - Sinnes;SN42940;31.03.2017;6,1;3;10,1;3,2;80
Sirdal - Sinnes;SN42940;01.04.2017;7;3,1;12,1;3;76
Sirdal - Sinnes;SN42940;02.04.2017;9,6;3,3;1,6;3,3;74
Sirdal - Sinnes;SN42940;03.04.2017;13,3;3;0,4;2,7;70
Sirdal - Sinnes;SN42940;04.04.2017;5,2;2,6;0;4;68
Sirdal - Sinnes;SN42940;05.04.2017;3,6;1,9;6,1;8,3;65
Sirdal - Sinnes;SN42940;06.04.2017;6,4;2,9;6,2;4,4;64
Sirdal - Sinnes;SN42940;07.04.2017;7,6;4,2;2,6;5,2;60
Sirdal - Sinnes;SN42940;08.04.2017;6,3;3,2;0,2;4,1;55
Sirdal - Sinnes;SN42940;09.04.2017;9,4;4,2;0,2;3,7;52
Sirdal - Sinnes;SN42940;10.04.2017;5,6;1,7;2;4,9;45
Sirdal - Sinnes;SN42940;11.04.2017;4;0,2;6,2;5,4;43
Sirdal - Sinnes;SN42940;12.04.2017;5,9;2,6;8;4,4;47
Sirdal - Sinnes;SN42940;13.04.2017;4,6;1,8;8;4,5;41
Sirdal - Sinnes;SN42940;14.04.2017;4,7;1,1;0,3;3,7;39
Sirdal - Sinnes;SN42940;15.04.2017;2,9;-0,4;1,7;5;40
Sirdal - Sinnes;SN42940;16.04.2017;3,2;-0,4;1,2;4;37
Sirdal - Sinnes;SN42940;17.04.2017;3,7;-2,1;3,4;4,1;36
Sirdal - Sinnes;SN42940;18.04.2017;4,1;-0,8;1,4;3,7;35
Sirdal - Sinnes;SN42940;19.04.2017;4;-0,7;0;4,3;33
Sirdal - Sinnes;SN42940;20.04.2017;7,7;4;1,5;4,8;28
Sirdal - Sinnes;SN42940;21.04.2017;5,4;1,8;4,1;7,1;22
Sirdal - Sinnes;SN42940;22.04.2017;4,8;1,6;8,9;5,6;19
Sirdal - Sinnes;SN42940;23.04.2017;2,8;-0,2;2,8;6;12
Sirdal - Sinnes;SN42940;24.04.2017;1,3;-0,7;11,3;6,2;29
Sirdal - Sinnes;SN42940;25.04.2017;4,3;-0,4;4;6;26
Sirdal - Sinnes;SN42940;26.04.2017;4,6;-1,4;0;4,1;21
Sirdal - Sinnes;SN42940;27.04.2017;3,8;0,7;0,3;3,1;17
Sirdal - Sinnes;SN42940;28.04.2017;3,2;1,4;1,1;8,1;15
Sirdal - Sinnes;SN42940;29.04.2017;5,4;2;1;5,2;12
Sirdal - Sinnes;SN42940;30.04.2017;7,8;1,6;0;4,5;7
Sirdal - Sinnes;SN42940;01.05.2017;9,5;5;0;4,6;0
Sirdal - Sinnes;SN42940;02.05.2017;13,2;6;0;3,9;0
Sirdal - Sinnes;SN42940;03.05.2017;14,3;5,9;0;3,5;0
Sirdal - Sinnes;SN42940;04.05.2017;11,9;5,7;0;4,9;0
Sirdal - Sinnes;SN42940;05.05.2017;14,7;6,4;0;4,9;0
Sirdal - Sinnes;SN42940;06.05.2017;17,5;8;0;3,3;0
Sirdal - Sinnes;SN42940;07.05.2017;13,1;5,9;0,2;4;0
Sirdal - Sinnes;SN42940;08.05.2017;8,5;3,8;0;4,3;0
Sirdal - Sinnes;SN42940;09.05.2017;8,2;2,9;0,5;4,2;0
Sirdal - Sinnes;SN42940;10.05.2017;6,6;2,5;2,5;3,4;0
Sirdal - Sinnes;SN42940;11.05.2017;7,6;4,1;2,9;3,6;0
Sirdal - Sinnes;SN42940;12.05.2017;7,4;5;0,5;6,6;0
Sirdal - Sinnes;SN42940;13.05.2017;7,2;5,3;8,4;6,2;0
Sirdal - Sinnes;SN42940;14.05.2017;10,1;6,8;12,7;3,8;0
Sirdal - Sinnes;SN42940;15.05.2017;14,6;9,1;1,3;4,4;0
Sirdal - Sinnes;SN42940;16.05.2017;11,1;7,6;2,8;4,5;0
Sirdal - Sinnes;SN42940;17.05.2017;15,1;9,9;12,5;4,9;0
Sirdal - Sinnes;SN42940;18.05.2017;13,1;10,5;23,6;5,7;0
Sirdal - Sinnes;SN42940;19.05.2017;18,7;11,8;15,2;4,8;0
Sirdal - Sinnes;SN42940;20.05.2017;16,7;10,9;0;6,9;0
Sirdal - Sinnes;SN42940;21.05.2017;10,9;6;5,5;4,9;0
Sirdal - Sinnes;SN42940;22.05.2017;13,2;7,6;0,7;4,2;0
Sirdal - Sinnes;SN42940;23.05.2017;15,5;8,7;0,1;4;0
Sirdal - Sinnes;SN42940;24.05.2017;12,8;8,9;1,6;5,4;0
Sirdal - Sinnes;SN42940;25.05.2017;12,4;9;0;6,1;0
Sirdal - Sinnes;SN42940;26.05.2017;20,7;13,5;0;3,9;0
Sirdal - Sinnes;SN42940;27.05.2017;23,8;15,2;0,2;5,6;0
Sirdal - Sinnes;SN42940;28.05.2017;20,2;12,2;1,9;4,9;0
Sirdal - Sinnes;SN42940;29.05.2017;22,5;14,6;5,2;4,7;0
Sirdal - Sinnes;SN42940;30.05.2017;18,4;11,9;0,4;4,2;0
Sirdal - Sinnes;SN42940;31.05.2017;11,5;7,6;0,3;5,5;0
Sirdal - Sinnes;SN42940;01.06.2017;14,2;8,1;0,1;6,2;0
Sirdal - Sinnes;SN42940;02.06.2017;11,5;7,5;1,6;3,2;0
Sirdal - Sinnes;SN42940;03.06.2017;16;10,4;5,6;4,2;0
Sirdal - Sinnes;SN42940;04.06.2017;14,3;10;4,7;4,8;0
Sirdal - Sinnes;SN42940;05.06.2017;13,3;9,3;2,3;5;0
Sirdal - Sinnes;SN42940;06.06.2017;16,9;12,3;5,6;5,6;0
Sirdal - Sinnes;SN42940;07.06.2017;14,3;9,8;16,9;5;0
Sirdal - Sinnes;SN42940;08.06.2017;11;8,7;14,2;4,3;0
Sirdal - Sinnes;SN42940;09.06.2017;13,3;10,5;2,4;5,2;0
Sirdal - Sinnes;SN42940;10.06.2017;15,7;11,4;10,9;4,7;0
Sirdal - Sinnes;SN42940;11.06.2017;15,4;11;2,7;6,4;0
Sirdal - Sinnes;SN42940;12.06.2017;12;9,8;17,6;4,1;0
Sirdal - Sinnes;SN42940;13.06.2017;13,2;9,7;7;5,2;0
Sirdal - Sinnes;SN42940;14.06.2017;16,9;11,3;0,2;4,6;0
Sirdal - Sinnes;SN42940;15.06.2017;18,8;13;0,4;5,8;0
Sirdal - Sinnes;SN42940;16.06.2017;14,6;11,6;5,9;5,1;0
Sirdal - Sinnes;SN42940;17.06.2017;18,6;13;0;5,5;-
Sirdal - Sinnes;SN42940;18.06.2017;17,1;14;3,2;4,8;-
Sirdal - Sinnes;SN42940;19.06.2017;16,1;11,7;0,6;4,8;-
Sirdal - Sinnes;SN42940;20.06.2017;12,9;8,2;1,2;5,1;-
Sirdal - Sinnes;SN42940;21.06.2017;15,1;10,1;0,3;6,1;-
Sirdal - Sinnes;SN42940;22.06.2017;15;11,1;4,1;3,5;-
Sirdal - Sinnes;SN42940;23.06.2017;15,2;11,1;8,2;3,7;-
Sirdal - Sinnes;SN42940;24.06.2017;12,1;8,4;11,1;6,3;-
Sirdal - Sinnes;SN42940;25.06.2017;9,5;7,3;11,9;4,5;-
Sirdal - Sinnes;SN42940;26.06.2017;11,6;8,2;22,5;6,7;-
Sirdal - Sinnes;SN42940;27.06.2017;17,1;10;0,3;6,2;-
Sirdal - Sinnes;SN42940;28.06.2017;18;12,4;0,2;4,3;-
Sirdal - Sinnes;SN42940;29.06.2017;15;12,9;3,1;6,8;-
Sirdal - Sinnes;SN42940;30.06.2017;22,5;15,7;0,4;6,8;-
Sirdal - Sinnes;SN42940;01.07.2017;21,8;14,5;0,4;4,5;-
Sirdal - Sinnes;SN42940;02.07.2017;16,7;9,5;0,2;5,8;-
Sirdal - Sinnes;SN42940;03.07.2017;13,8;8,4;4,6;6,1;-
Sirdal - Sinnes;SN42940;04.07.2017;15,9;10,4;8,7;4,8;-
Sirdal - Sinnes;SN42940;05.07.2017;17,3;10,7;0,1;4,7;-
Sirdal - Sinnes;SN42940;06.07.2017;18,7;11,3;0,2;4,8;-
Sirdal - Sinnes;SN42940;07.07.2017;12,8;10,5;0,1;2,7;-
Sirdal - Sinnes;SN42940;08.07.2017;12,6;10,5;9,8;5,4;-
Sirdal - Sinnes;SN42940;09.07.2017;11,7;8,4;0;4;-
Sirdal - Sinnes;SN42940;10.07.2017;13,1;10,8;10,3;2,6;-
Sirdal - Sinnes;SN42940;11.07.2017;13,3;10,7;4,6;4,4;-
Sirdal - Sinnes;SN42940;12.07.2017;12,9;9,5;6,9;6,5;-
Sirdal - Sinnes;SN42940;13.07.2017;13,4;9,2;0;5,8;-
Sirdal - Sinnes;SN42940;14.07.2017;18,1;10,1;0,1;5,1;-
Sirdal - Sinnes;SN42940;15.07.2017;17,1;11,2;0,2;5,1;-
Sirdal - Sinnes;SN42940;16.07.2017;13,6;10,9;7;5,2;-
Sirdal - Sinnes;SN42940;17.07.2017;12,4;9,8;2,7;5,5;-
Sirdal - Sinnes;SN42940;18.07.2017;15,4;11,2;0,7;5,1;0
Sirdal - Sinnes;SN42940;19.07.2017;21,2;13,5;0;4,1;-
Sirdal - Sinnes;SN42940;20.07.2017;21;15,8;0,3;5,7;-
Sirdal - Sinnes;SN42940;21.07.2017;18,5;13,9;5;7,1;-
Sirdal - Sinnes;SN42940;22.07.2017;17,7;14,4;1,1;5;-
Sirdal - Sinnes;SN42940;23.07.2017;21,2;15,7;0,1;4,8;-
Sirdal - Sinnes;SN42940;24.07.2017;19,3;14,6;3,7;3,8;-
Sirdal - Sinnes;SN42940;25.07.2017;18,9;13,3;0,4;3,3;-
Sirdal - Sinnes;SN42940;26.07.2017;19,8;14,1;0,2;4,3;-
Sirdal - Sinnes;SN42940;27.07.2017;14,7;12,3;5,7;4,1;-
Sirdal - Sinnes;SN42940;28.07.2017;14,4;10,7;33,5;4;-
Sirdal - Sinnes;SN42940;29.07.2017;14,2;11,4;2,8;4,2;-
Sirdal - Sinnes;SN42940;30.07.2017;14,7;11,4;8,7;4,9;-
Sirdal - Sinnes;SN42940;31.07.2017;13,7;11;10,1;6;-
Sirdal - Sinnes;SN42940;01.08.2017;15,9;12,2;26,8;4,2;-
Sirdal - Sinnes;SN42940;02.08.2017;14,4;10,7;5,6;5;-
Sirdal - Sinnes;SN42940;03.08.2017;13,2;11,3;4,5;7,8;-
Sirdal - Sinnes;SN42940;04.08.2017;15,7;12,1;18,2;4,6;-
Sirdal - Sinnes;SN42940;05.08.2017;15;11,6;0,6;4,2;-
Sirdal - Sinnes;SN42940;06.08.2017;13,4;10,3;1,8;5,6;-
Sirdal - Sinnes;SN42940;07.08.2017;13,5;9,3;0,4;4,2;-
Sirdal - Sinnes;SN42940;08.08.2017;16,4;12,5;8,2;3,4;-
Sirdal - Sinnes;SN42940;09.08.2017;15,1;12,3;1,3;3,7;-
Sirdal - Sinnes;SN42940;10.08.2017;16,7;12,7;1,6;6,6;-
Sirdal - Sinnes;SN42940;11.08.2017;14,7;10,8;0,1;5,8;-
Sirdal - Sinnes;SN42940;12.08.2017;15,5;11,6;1,6;5,4;-
Sirdal - Sinnes;SN42940;13.08.2017;13,4;9,1;0,5;6,2;-
Sirdal - Sinnes;SN42940;14.08.2017;14,6;10;0,1;4,5;-
Sirdal - Sinnes;SN42940;15.08.2017;13,9;12,3;0,1;4,9;-
Sirdal - Sinnes;SN42940;16.08.2017;16,5;11,5;9,4;5;-
Sirdal - Sinnes;SN42940;17.08.2017;13,7;10,8;0,2;6;-
Sirdal - Sinnes;SN42940;18.08.2017;17,2;12,1;7,1;5,4;-
Sirdal - Sinnes;SN42940;19.08.2017;12,3;9,6;12,9;4,6;-
Sirdal - Sinnes;SN42940;20.08.2017;13,1;10,2;21,8;3,9;-
Sirdal - Sinnes;SN42940;21.08.2017;15,4;11,9;2;4,7;-
Sirdal - Sinnes;SN42940;22.08.2017;18,5;11,3;0;3,7;-
Sirdal - Sinnes;SN42940;23.08.2017;16,9;10,3;0;4,5;-
Sirdal - Sinnes;SN42940;24.08.2017;12,7;10,3;1,1;2,3;-
Sirdal - Sinnes;SN42940;25.08.2017;15,7;11,1;5;5;-
Sirdal - Sinnes;SN42940;26.08.2017;16;9,2;0;3,9;-
Sirdal - Sinnes;SN42940;27.08.2017;18,2;12,2;4,8;4,6;-
Sirdal - Sinnes;SN42940;28.08.2017;13,6;11,3;0,3;4,2;-
Sirdal - Sinnes;SN42940;29.08.2017;14,2;12,1;15,7;5,2;-
Sirdal - Sinnes;SN42940;30.08.2017;14,8;9,3;5,3;3,8;-
Sirdal - Sinnes;SN42940;31.08.2017;15,2;10,6;0,3;4,6;-
Sirdal - Sinnes;SN42940;01.09.2017;14,4;9,1;0,3;4,1;-
Sirdal - Sinnes;SN42940;02.09.2017;16,3;9;0,1;3,2;-
Sirdal - Sinnes;SN42940;03.09.2017;15,1;9,2;0,5;5;-
Sirdal - Sinnes;SN42940;04.09.2017;13,9;9,8;0;4,9;-
Sirdal - Sinnes;SN42940;05.09.2017;12,6;10,7;0;6;-
Sirdal - Sinnes;SN42940;06.09.2017;16,5;12,9;16,7;4,5;-
Sirdal - Sinnes;SN42940;07.09.2017;12,5;9,9;1,8;3,9;-
Sirdal - Sinnes;SN42940;08.09.2017;11,9;9,3;3,5;4,7;-
Sirdal - Sinnes;SN42940;09.09.2017;13,8;9,7;23,6;3,5;-
Sirdal - Sinnes;SN42940;10.09.2017;11,1;9,1;0,8;4,3;-
Sirdal - Sinnes;SN42940;11.09.2017;12,8;10,1;22,3;7,3;-
Sirdal - Sinnes;SN42940;12.09.2017;10,2;9;19,3;5,9;-
Sirdal - Sinnes;SN42940;13.09.2017;11,2;8,4;15,9;3,3;-
Sirdal - Sinnes;SN42940;14.09.2017;14,8;7,2;1,1;4,3;-
Sirdal - Sinnes;SN42940;15.09.2017;17,3;7,8;0,1;3,9;-
Sirdal - Sinnes;SN42940;16.09.2017;15,2;7,8;0,3;4,3;-
Sirdal - Sinnes;SN42940;17.09.2017;15,7;8;0,3;5,5;-
Sirdal - Sinnes;SN42940;18.09.2017;14,6;8,4;0,3;3,8;-
Sirdal - Sinnes;SN42940;19.09.2017;11,7;8,7;0,9;3,2;-
Sirdal - Sinnes;SN42940;20.09.2017;9,8;8,3;8,2;4,1;-
Sirdal - Sinnes;SN42940;21.09.2017;8,8;8;12,6;3,5;-
Sirdal - Sinnes;SN42940;22.09.2017;9,8;8,7;5,5;6,4;-
Sirdal - Sinnes;SN42940;23.09.2017;14,4;10,1;1,6;4,7;-
Sirdal - Sinnes;SN42940;24.09.2017;12,9;11,5;0,1;2,8;-
Sirdal - Sinnes;SN42940;25.09.2017;14,2;11,7;0,1;6,4;-
Sirdal - Sinnes;SN42940;26.09.2017;12,8;11;0;7;-
Sirdal - Sinnes;SN42940;27.09.2017;11,8;11,3;1,9;4,4;-
Sirdal - Sinnes;SN42940;28.09.2017;11,2;10,7;4,5;6,7;-
Sirdal - Sinnes;SN42940;29.09.2017;11,4;10,6;0,6;6,4;-
Sirdal - Sinnes;SN42940;30.09.2017;11;9,9;21,3;6,3;-
Sirdal - Sinnes;SN42940;01.10.2017;10,8;9,8;39,1;6,7;-
Sirdal - Sinnes;SN42940;02.10.2017;12,1;8,7;42,6;8;-
Sirdal - Sinnes;SN42940;03.10.2017;9,2;7,7;29,9;6,9;-
Sirdal - Sinnes;SN42940;04.10.2017;7;4,3;22;6;-
Sirdal - Sinnes;SN42940;05.10.2017;8,5;6,1;21;4,5;-
Sirdal - Sinnes;SN42940;06.10.2017;9,8;6,4;0,2;5,9;0
Sirdal - Sinnes;SN42940;07.10.2017;7,1;4;0,3;7;0
Sirdal - Sinnes;SN42940;08.10.2017;11,1;2,5;0;4,4;0
Sirdal - Sinnes;SN42940;09.10.2017;9,4;1,2;0;3,2;0
Sirdal - Sinnes;SN42940;10.10.2017;5,2;2,6;0;4,3;0
Sirdal - Sinnes;SN42940;11.10.2017;8,8;6,1;7,6;3,3;0
Sirdal - Sinnes;SN42940;12.10.2017;8,6;5,3;21,4;4,9;0
Sirdal - Sinnes;SN42940;13.10.2017;10,2;6,6;6,2;5,5;0
Sirdal - Sinnes;SN42940;14.10.2017;10,8;7,8;4,8;4,9;0
Sirdal - Sinnes;SN42940;15.10.2017;11,6;7,8;0;4,9;0
Sirdal - Sinnes;SN42940;16.10.2017;11,5;7,8;2;4,1;0
Sirdal - Sinnes;SN42940;17.10.2017;11,2;8,9;5,3;6,4;0
Sirdal - Sinnes;SN42940;18.10.2017;10,1;5;11,6;3,9;0
Sirdal - Sinnes;SN42940;19.10.2017;7,3;5,6;0;6,1;0
Sirdal - Sinnes;SN42940;20.10.2017;7,8;7;1,8;8,3;0
Sirdal - Sinnes;SN42940;21.10.2017;7,5;6,4;2,9;7;0
Sirdal - Sinnes;SN42940;22.10.2017;7,6;5,6;14;7,3;0
Sirdal - Sinnes;SN42940;23.10.2017;5,3;3,3;0,3;5,9;0
Sirdal - Sinnes;SN42940;24.10.2017;9,9;6,9;9,1;7,9;0
Sirdal - Sinnes;SN42940;25.10.2017;9,6;6,5;16,7;3,5;0
Sirdal - Sinnes;SN42940;26.10.2017;8,1;6,5;11,1;3,5;0
Sirdal - Sinnes;SN42940;27.10.2017;7,1;4,7;5,5;4,3;0
Sirdal - Sinnes;SN42940;28.10.2017;7,3;5,6;10,5;9,5;0
Sirdal - Sinnes;SN42940;29.10.2017;6,7;2,5;3;7,5;0
Sirdal - Sinnes;SN42940;30.10.2017;3,8;-0,7;0;4,4;0
Sirdal - Sinnes;SN42940;31.10.2017;4,4;2,9;0;4,6;0
Sirdal - Sinnes;SN42940;01.11.2017;9,6;5,9;1,7;4,9;0
Sirdal - Sinnes;SN42940;02.11.2017;8,4;4,9;5;4,5;0
Sirdal - Sinnes;SN42940;03.11.2017;4,6;2,4;0;3,1;0
Sirdal - Sinnes;SN42940;04.11.2017;5,2;3,6;1,7;3,8;0
Sirdal - Sinnes;SN42940;05.11.2017;5,3;2,3;13,4;4,4;0
Sirdal - Sinnes;SN42940;06.11.2017;4,3;0,2;0,4;3,2;0
Sirdal - Sinnes;SN42940;07.11.2017;6;3,5;0;5,7;0
Sirdal - Sinnes;SN42940;08.11.2017;4,6;3,8;1;4,5;0
Sirdal - Sinnes;SN42940;09.11.2017;5,1;2,5;6,5;7,2;0
Sirdal - Sinnes;SN42940;10.11.2017;2,8;0,5;22,1;5,9;0
Sirdal - Sinnes;SN42940;11.11.2017;2,2;-0,3;8,8;3,5;2
Sirdal - Sinnes;SN42940;12.11.2017;3;-1,1;6,1;4,6;5
Sirdal - Sinnes;SN42940;13.11.2017;0,1;-4,4;0;7,1;2
Sirdal - Sinnes;SN42940;14.11.2017;3,8;-0,2;1,7;4,5;11
Sirdal - Sinnes;SN42940;15.11.2017;3,6;2;7,1;4,6;7
Sirdal - Sinnes;SN42940;16.11.2017;4,3;1,6;2,3;4,6;6
Sirdal - Sinnes;SN42940;17.11.2017;3,5;1,7;14,4;6,3;5
Sirdal - Sinnes;SN42940;18.11.2017;2,4;0,5;25,6;5,4;15
Sirdal - Sinnes;SN42940;19.11.2017;2,6;-1;18,2;5,6;19
Sirdal - Sinnes;SN42940;20.11.2017;-1,5;-6,5;0;2;16
Sirdal - Sinnes;SN42940;21.11.2017;-2,3;-6,6;0;5,6;17
Sirdal - Sinnes;SN42940;22.11.2017;2,5;-0,5;4,9;8,4;20
Sirdal - Sinnes;SN42940;23.11.2017;7,6;4,2;47,4;8;10
Sirdal - Sinnes;SN42940;24.11.2017;1,5;-0,7;19;4,6;6
Sirdal - Sinnes;SN42940;25.11.2017;1,1;-0,6;4,2;4,7;22
Sirdal - Sinnes;SN42940;26.11.2017;2,1;0,4;1,8;4,4;38
Sirdal - Sinnes;SN42940;27.11.2017;1,9;-1;18,8;6,6;35
Sirdal - Sinnes;SN42940;28.11.2017;-0,2;-;0,5;3,9;33
Sirdal - Sinnes;SN42940;29.11.2017;-1;-9,1;0;2,5;32
Sirdal - Sinnes;SN42940;30.11.2017;-2,9;-9,7;0;3,7;30
Sirdal - Sinnes;SN42940;01.12.2017;-1,7;-9,8;0;4,5;29
Sirdal - Sinnes;SN42940;02.12.2017;-0,1;-2,1;0;1,9;30
Sirdal - Sinnes;SN42940;03.12.2017;3,7;0,8;0,9;5,6;30
Sirdal - Sinnes;SN42940;04.12.2017;0,8;-0,6;0,4;5,8;28
Sirdal - Sinnes;SN42940;05.12.2017;6,4;4,9;3,2;7,2;28
Sirdal - Sinnes;SN42940;06.12.2017;6,5;2,9;11,4;5,4;18
Sirdal - Sinnes;SN42940;07.12.2017;6;3,5;16,5;7,3;10
Sirdal - Sinnes;SN42940;08.12.2017;1,8;0;30,2;7,9;13
Sirdal - Sinnes;SN42940;09.12.2017;0,2;-2,6;8,2;6,2;20
Sirdal - Sinnes;SN42940;10.12.2017;-4,8;-9,5;0,8;3,7;18
Sirdal - Sinnes;SN42940;11.12.2017;-2,7;-8,7;0;4;17
Sirdal - Sinnes;SN42940;12.12.2017;-4,4;-8,5;0;4,6;17
Sirdal - Sinnes;SN42940;13.12.2017;0,2;-1,9;0,3;4,4;17
Sirdal - Sinnes;SN42940;14.12.2017;1,1;-0,6;3,2;6;25
Sirdal - Sinnes;SN42940;15.12.2017;-1,7;-7,4;0;2,6;24
Sirdal - Sinnes;SN42940;16.12.2017;-11,2;-18,4;0;1,9;23
Sirdal - Sinnes;SN42940;17.12.2017;-8,1;-13,9;0,1;2,8;22
Sirdal - Sinnes;SN42940;18.12.2017;1,6;-0,9;1;4,9;24
Sirdal - Sinnes;SN42940;19.12.2017;1,1;-0,5;0,4;3;24
Sirdal - Sinnes;SN42940;20.12.2017;2,2;0,3;0,9;2,8;21
Sirdal - Sinnes;SN42940;21.12.2017;4,3;2,4;0,6;4,8;20
Sirdal - Sinnes;SN42940;22.12.2017;3,3;2,7;1,6;5,9;19
Sirdal - Sinnes;SN42940;23.12.2017;7,7;6,1;5,7;7,4;11
Sirdal - Sinnes;SN42940;24.12.2017;6,7;1,7;26,2;5,1;4
Sirdal - Sinnes;SN42940;25.12.2017;2,9;0,8;2,7;3,8;4
Sirdal - Sinnes;SN42940;26.12.2017;4,6;1,4;16,6;6,8;2
Sirdal - Sinnes;SN42940;27.12.2017;0;-1,3;21,2;7,7;12
Sirdal - Sinnes;SN42940;28.12.2017;-1;-8,4;1,2;3,5;15
Sirdal - Sinnes;SN42940;29.12.2017;-4,7;-7,4;0;3,4;14
Sirdal - Sinnes;SN42940;30.12.2017;-1,2;-2,7;5;5,2;16
Sirdal - Sinnes;SN42940;31.12.2017;0,7;-0,8;0;6,9;14
Sirdal - Sinnes;SN42940;01.01.2018;2,5;0,9;18,2;7,2;16
Sirdal - Sinnes;SN42940;02.01.2018;1,1;-0,9;3,7;4,1;15
Sirdal - Sinnes;SN42940;03.01.2018;0,5;-0,2;1,5;7,8;18
Sirdal - Sinnes;SN42940;04.01.2018;-0,2;-1,4;0,9;5,4;20
Sirdal - Sinnes;SN42940;05.01.2018;-0,8;-2,9;0;4,5;18
Sirdal - Sinnes;SN42940;06.01.2018;-4;-13;2,2;2,9;21
Sirdal - Sinnes;SN42940;07.01.2018;-0,9;-10,1;0,1;3,8;21
Sirdal - Sinnes;SN42940;08.01.2018;1,2;-6,7;3,5;7,1;28
Sirdal - Sinnes;SN42940;09.01.2018;1,1;-6;0;6;25
Sirdal - Sinnes;SN42940;10.01.2018;2,4;-0,4;0;10,1;22
Sirdal - Sinnes;SN42940;11.01.2018;2,7;-0,9;1,8;5,8;22
Sirdal - Sinnes;SN42940;12.01.2018;-1;-4;0;4,1;21
Sirdal - Sinnes;SN42940;13.01.2018;-2,8;-3,3;0,1;7;20
Sirdal - Sinnes;SN42940;14.01.2018;-2,6;-3,9;0,9;6,5;21
Sirdal - Sinnes;SN42940;15.01.2018;-1,5;-2,2;7,6;6,7;28
Sirdal - Sinnes;SN42940;16.01.2018;-0,4;-2,7;21,8;4,7;50
Sirdal - Sinnes;SN42940;17.01.2018;-2,3;-5,3;6;3,7;51
Sirdal - Sinnes;SN42940;18.01.2018;-1,7;-4,4;1;5,3;49
Sirdal - Sinnes;SN42940;19.01.2018;-2,2;-2,9;0,2;4;47
Sirdal - Sinnes;SN42940;20.01.2018;-0,1;-2,2;1,5;5;49
Sirdal - Sinnes;SN42940;21.01.2018;-2,1;-3,8;1,2;7,7;47
Sirdal - Sinnes;SN42940;22.01.2018;-1,2;-2,2;0,3;4,4;46
Sirdal - Sinnes;SN42940;23.01.2018;1,9;-0,3;2,3;6,9;46
Sirdal - Sinnes;SN42940;24.01.2018;4,1;2,2;14,6;7,6;43
Sirdal - Sinnes;SN42940;25.01.2018;2,7;1;28;8,2;40
Sirdal - Sinnes;SN42940;26.01.2018;1,1;-2,3;4,7;2,8;38
Sirdal - Sinnes;SN42940;27.01.2018;0,2;-5,6;1,7;7,2;41
Sirdal - Sinnes;SN42940;28.01.2018;3,8;2,1;24,6;9,2;62
Sirdal - Sinnes;SN42940;29.01.2018;2,4;0,4;20;5,5;50
Sirdal - Sinnes;SN42940;30.01.2018;1;0,2;13,6;4,8;58
Sirdal - Sinnes;SN42940;31.01.2018;0,9;-0,7;14,2;6,3;64
Sirdal - Sinnes;SN42940;01.02.2018;0;-2,3;9,5;3,5;75
Sirdal - Sinnes;SN42940;02.02.2018;-0,6;-9,5;2,2;4,6;73
Sirdal - Sinnes;SN42940;03.02.2018;-5,8;-13,8;0,1;6;71
Sirdal - Sinnes;SN42940;04.02.2018;-6,6;-14,9;0;6;69
Sirdal - Sinnes;SN42940;05.02.2018;-6,1;-11;0;2,7;69
Sirdal - Sinnes;SN42940;06.02.2018;-5,3;-10,9;0;2,9;68
Sirdal - Sinnes;SN42940;07.02.2018;-2,1;-7;0,1;2,6;68
Sirdal - Sinnes;SN42940;08.02.2018;-0,3;-3,4;0,2;3,5;67
Sirdal - Sinnes;SN42940;09.02.2018;0,1;-0,5;6,1;5,1;79
Sirdal - Sinnes;SN42940;10.02.2018;-0,8;-2;13,2;5;88
Sirdal - Sinnes;SN42940;11.02.2018;-0,6;-2,6;5,2;9,6;93
Sirdal - Sinnes;SN42940;12.02.2018;-0,6;-4,2;18,4;9,8;82
Sirdal - Sinnes;SN42940;13.02.2018;0,3;-3,8;1;5,7;80
Sirdal - Sinnes;SN42940;14.02.2018;-0,1;-1,4;2,4;7,9;84
Sirdal - Sinnes;SN42940;15.02.2018;-2,1;-2,7;0,2;8,8;87
Sirdal - Sinnes;SN42940;16.02.2018;-0,6;-3,7;8;4,1;97
Sirdal - Sinnes;SN42940;17.02.2018;1,2;-2,5;5,8;3,8;100
Sirdal - Sinnes;SN42940;18.02.2018;1,5;-2,1;2,9;5,4;101
Sirdal - Sinnes;SN42940;19.02.2018;0,5;-7,9;1,7;9,4;98
Sirdal - Sinnes;SN42940;20.02.2018;-0,9;-3,7;0;9;96
Sirdal - Sinnes;SN42940;21.02.2018;3,4;-5,2;0,8;5,1;95
Sirdal - Sinnes;SN42940;22.02.2018;-1,7;-9,5;0,2;3,6;95
Sirdal - Sinnes;SN42940;23.02.2018;-2,9;-10,7;0;3;93
Sirdal - Sinnes;SN42940;24.02.2018;-3,2;-5;0;4,1;91
Sirdal - Sinnes;SN42940;25.02.2018;-2,7;-8,5;0;3,3;90
Sirdal - Sinnes;SN42940;26.02.2018;-4,7;-12,5;0,3;4;90
Sirdal - Sinnes;SN42940;27.02.2018;-8,2;-12,1;0;8,4;90
Sirdal - Sinnes;SN42940;28.02.2018;-11,8;-15,1;1,3;11,8;76
Sirdal - Sinnes;SN42940;01.03.2018;-10,4;-13,6;0;9,1;74
Sirdal - Sinnes;SN42940;02.03.2018;-4,3;-8,3;0;9,5;74
Sirdal - Sinnes;SN42940;03.03.2018;-5,4;-6,4;0;6,2;75
Sirdal - Sinnes;SN42940;04.03.2018;-4,3;-6;0;5,2;74
Sirdal - Sinnes;SN42940;05.03.2018;-5,5;-6,3;0;8,8;74
Sirdal - Sinnes;SN42940;06.03.2018;-2,1;-4,1;0,5;6,1;74
Sirdal - Sinnes;SN42940;07.03.2018;0,2;-1,4;0;6,7;73
Sirdal - Sinnes;SN42940;08.03.2018;-0,4;-2,4;0,4;7,3;73
Sirdal - Sinnes;SN42940;09.03.2018;1,9;-4,9;0,7;3,9;73
Sirdal - Sinnes;SN42940;10.03.2018;0,2;-2,9;0;4,5;73
Sirdal - Sinnes;SN42940;11.03.2018;-1;-2,3;1;11,7;72
Sirdal - Sinnes;SN42940;12.03.2018;6;-1,8;9,6;10,9;79
Sirdal - Sinnes;SN42940;13.03.2018;1,6;-5,1;0;3,4;79
Sirdal - Sinnes;SN42940;14.03.2018;1,2;-2,5;0;4,2;80
Sirdal - Sinnes;SN42940;15.03.2018;-2,4;-4,7;0,1;8,9;79
Sirdal - Sinnes;SN42940;16.03.2018;-6,2;-8,5;0;8,6;80
Sirdal - Sinnes;SN42940;17.03.2018;-4,5;-8,9;0;8;80
Sirdal - Sinnes;SN42940;18.03.2018;1,3;-9,8;0;5,2;79
Sirdal - Sinnes;SN42940;19.03.2018;3,8;-4,5;0;5,8;79
Sirdal - Sinnes;SN42940;20.03.2018;2,7;-5,9;0;4,3;78
Sirdal - Sinnes;SN42940;21.03.2018;2,1;-1,3;0,1;5,1;79
Sirdal - Sinnes;SN42940;22.03.2018;5,6;-2,7;2,7;5,5;81
Sirdal - Sinnes;SN42940;23.03.2018;2,1;-2,4;0;6,3;80
Sirdal - Sinnes;SN42940;24.03.2018;4,8;1,5;4,8;6,8;80
Sirdal - Sinnes;SN42940;25.03.2018;3,9;-0,7;0,2;3,8;77
Sirdal - Sinnes;SN42940;26.03.2018;4,2;-1,9;0,2;5;75
Sirdal - Sinnes;SN42940;27.03.2018;-1,8;-4,5;0,9;7,2;76
Sirdal - Sinnes;SN42940;28.03.2018;-2,3;-5,1;0;5,7;74
Sirdal - Sinnes;SN42940;29.03.2018;0,2;-4,4;0;6,6;74
Sirdal - Sinnes;SN42940;30.03.2018;0,8;-5,8;0;5,9;74
Sirdal - Sinnes;SN42940;31.03.2018;0,1;-7,9;0;3,5;73
Sirdal - Sinnes;SN42940;01.04.2018;0,4;-8,2;0;3,7;73
Sirdal - Sinnes;SN42940;02.04.2018;4,9;-7;0;2,6;73
Sirdal - Sinnes;SN42940;03.04.2018;-2,1;-3,6;0;7,4;73
Sirdal - Sinnes;SN42940;04.04.2018;3,5;1,9;8,7;6,4;74
Sirdal - Sinnes;SN42940;05.04.2018;3,2;0,6;4,5;6,6;70
Sirdal - Sinnes;SN42940;06.04.2018;4,7;0,4;6,8;7,5;71
Sirdal - Sinnes;SN42940;07.04.2018;6,1;2,4;0,2;5,6;71
Sirdal - Sinnes;SN42940;08.04.2018;5;2,3;0,2;4,8;67
Sirdal - Sinnes;SN42940;09.04.2018;4,8;2;3,6;2,5;64
Sirdal - Sinnes;SN42940;10.04.2018;4,7;2,5;0,1;8,8;61
Sirdal - Sinnes;SN42940;11.04.2018;7,4;3,9;0;7;57
Sirdal - Sinnes;SN42940;12.04.2018;8,1;4,3;0;6,6;52
Sirdal - Sinnes;SN42940;13.04.2018;8,9;6,1;0;10,7;48
Sirdal - Sinnes;SN42940;14.04.2018;11,2;8,2;0;10,9;37
Sirdal - Sinnes;SN42940;15.04.2018;12,5;6,6;0;5,6;27
Sirdal - Sinnes;SN42940;16.04.2018;7,7;4,3;0;3,8;19
Sirdal - Sinnes;SN42940;17.04.2018;7;4;1;4,8;14
Sirdal - Sinnes;SN42940;18.04.2018;11,9;5;3,5;4,5;10
Sirdal - Sinnes;SN42940;19.04.2018;12,4;5,5;0;3;3
Sirdal - Sinnes;SN42940;20.04.2018;15,3;5,6;0;3,4;0
Sirdal - Sinnes;SN42940;21.04.2018;8,1;4,6;0,3;4,6;0
Sirdal - Sinnes;SN42940;22.04.2018;7,8;3;0;4,3;0
Sirdal - Sinnes;SN42940;23.04.2018;5,1;3,8;19,2;6,5;0
Sirdal - Sinnes;SN42940;24.04.2018;6,6;3,6;6,6;5,1;0
Sirdal - Sinnes;SN42940;25.04.2018;7,2;3,2;4,2;4,3;0
Sirdal - Sinnes;SN42940;26.04.2018;6,7;2,6;0;4,6;0
Sirdal - Sinnes;SN42940;27.04.2018;6,8;2,7;4,7;3,9;0
Sirdal - Sinnes;SN42940;28.04.2018;7,1;2,1;0;4,4;0
Sirdal - Sinnes;SN42940;29.04.2018;8,9;2,7;0,2;4,9;0
Sirdal - Sinnes;SN42940;30.04.2018;9;3,4;0;8,2;0
Sirdal - Sinnes;SN42940;01.05.2018;7,8;4;2;9,5;0
Sirdal - Sinnes;SN42940;02.05.2018;8,3;4,4;1,2;7,3;0
Sirdal - Sinnes;SN42940;03.05.2018;6,1;3,3;5;6;0
Sirdal - Sinnes;SN42940;04.05.2018;5,3;3,1;0,3;3;0
Sirdal - Sinnes;SN42940;05.05.2018;9,1;6,4;0;2,7;0
Sirdal - Sinnes;SN42940;06.05.2018;15,3;9,4;0;4,1;0
Sirdal - Sinnes;SN42940;07.05.2018;19,7;10,3;0;3,9;0
Sirdal - Sinnes;SN42940;08.05.2018;19,5;12,1;0;6,7;0
Sirdal - Sinnes;SN42940;09.05.2018;20,1;14,5;0;6,9;0
Sirdal - Sinnes;SN42940;10.05.2018;17,4;11,1;0;6,6;0
Sirdal - Sinnes;SN42940;11.05.2018;17,6;10,6;0;4,5;0
Sirdal - Sinnes;SN42940;12.05.2018;15,8;9,3;0;3,9;0
Sirdal - Sinnes;SN42940;13.05.2018;18,1;12,1;0;5,3;0
Sirdal - Sinnes;SN42940;14.05.2018;21,7;14,8;0;5,6;0
Sirdal - Sinnes;SN42940;15.05.2018;23,1;13,4;0;4,2;0
Sirdal - Sinnes;SN42940;16.05.2018;18,4;9,7;0;7,5;0
Sirdal - Sinnes;SN42940;17.05.2018;15,3;10,5;0;5,9;0
Sirdal - Sinnes;SN42940;18.05.2018;18,5;11,1;0;4,5;0
Sirdal - Sinnes;SN42940;19.05.2018;19;10,9;0;4,3;0
Sirdal - Sinnes;SN42940;20.05.2018;17,5;10,4;0;6,7;0
Sirdal - Sinnes;SN42940;21.05.2018;19,9;12,4;0;5,4;0
Sirdal - Sinnes;SN42940;22.05.2018;19;11,9;0;3,8;0
Sirdal - Sinnes;SN42940;23.05.2018;22,1;13;0;4,5;0
Sirdal - Sinnes;SN42940;24.05.2018;22,1;14;0;5,3;0
Sirdal - Sinnes;SN42940;25.05.2018;23,9;14,9;0;3,5;0
Sirdal - Sinnes;SN42940;26.05.2018;25,4;16,9;0;4,2;0
Sirdal - Sinnes;SN42940;27.05.2018;24;17,4;0;4,7;0
Sirdal - Sinnes;SN42940;28.05.2018;21,3;13,2;0;5,7;0
Sirdal - Sinnes;SN42940;29.05.2018;22,5;15,7;4;5,2;0
Sirdal - Sinnes;SN42940;30.05.2018;25,7;20,1;0;5,4;0
Sirdal - Sinnes;SN42940;31.05.2018;25;17,9;0;4,8;0
Sirdal - Sinnes;SN42940;01.06.2018;24,3;17,7;0;3,8;0
Sirdal - Sinnes;SN42940;02.06.2018;25,9;18,1;0;4,1;0
Sirdal - Sinnes;SN42940;03.06.2018;24,6;17,9;0;5,3;0
Sirdal - Sinnes;SN42940;04.06.2018;21,5;16;0;6,5;0
Sirdal - Sinnes;SN42940;05.06.2018;20,1;13,4;0;4,9;0
Sirdal - Sinnes;SN42940;06.06.2018;20,4;13,8;0;5,6;0
Sirdal - Sinnes;SN42940;07.06.2018;21,9;14,8;0;4,5;0
Sirdal - Sinnes;SN42940;08.06.2018;24,1;15,9;0;5;0
Sirdal - Sinnes;SN42940;09.06.2018;23,4;16,6;0;5,3;0
Sirdal - Sinnes;SN42940;10.06.2018;20,1;12,3;0;3,9;0
Sirdal - Sinnes;SN42940;11.06.2018;13,6;9,8;33,4;6,1;0
Sirdal - Sinnes;SN42940;12.06.2018;17,5;12,3;0,3;5,6;0
Sirdal - Sinnes;SN42940;13.06.2018;18;12,1;0;5,3;0
Sirdal - Sinnes;SN42940;14.06.2018;14,1;9,2;2,5;7,4;0
Sirdal - Sinnes;SN42940;15.06.2018;12,6;8,4;11,4;5,9;0
Sirdal - Sinnes;SN42940;16.06.2018;14,9;9,9;2,9;3,9;0
Sirdal - Sinnes;SN42940;17.06.2018;14,3;10,7;8,6;3,5;0
Sirdal - Sinnes;SN42940;18.06.2018;13,3;9,9;1,6;5,1;0
Sirdal - Sinnes;SN42940;19.06.2018;10,8;7,8;4,3;6,2;0
Sirdal - Sinnes;SN42940;20.06.2018;8,2;7,1;2,6;4,8;0
Sirdal - Sinnes;SN42940;21.06.2018;11,5;7,6;9,1;6,7;0
Sirdal - Sinnes;SN42940;22.06.2018;12,8;8,4;0;7,5;0
Sirdal - Sinnes;SN42940;23.06.2018;13,1;9,7;0;6,7;0
Sirdal - Sinnes;SN42940;24.06.2018;17,8;12,8;0;6;0
Sirdal - Sinnes;SN42940;25.06.2018;21,9;15,7;0;6,6;0
Sirdal - Sinnes;SN42940;26.06.2018;26,8;17,4;0;4,6;0
Sirdal - Sinnes;SN42940;27.06.2018;25,1;17,5;0;5,1;0
Sirdal - Sinnes;SN42940;28.06.2018;22,9;15,9;0;7;0
Sirdal - Sinnes;SN42940;29.06.2018;21,6;14,6;0;4,6;0
Sirdal - Sinnes;SN42940;30.06.2018;22,2;14,7;0;4,5;0
Sirdal - Sinnes;SN42940;01.07.2018;22;15,2;0;4,3;0
Sirdal - Sinnes;SN42940;02.07.2018;22,6;15,4;0;4,3;0
Sirdal - Sinnes;SN42940;03.07.2018;25,7;18,3;0;4,6;0
Sirdal - Sinnes;SN42940;04.07.2018;27,4;18,5;0;3,9;0
Sirdal - Sinnes;SN42940;05.07.2018;24,3;16,6;0;6,3;0
Sirdal - Sinnes;SN42940;06.07.2018;19,6;13,7;0;6,8;0
Sirdal - Sinnes;SN42940;07.07.2018;22;15,2;0;5,6;0
Sirdal - Sinnes;SN42940;08.07.2018;22,8;15,4;0;5,8;0
Sirdal - Sinnes;SN42940;09.07.2018;19,6;14,2;0;7,7;0
Sirdal - Sinnes;SN42940;10.07.2018;24,2;18;0;5,8;0
Sirdal - Sinnes;SN42940;11.07.2018;24,4;16,9;0;4;0
Sirdal - Sinnes;SN42940;12.07.2018;24,8;18,2;0,5;4,3;0
Sirdal - Sinnes;SN42940;13.07.2018;24,9;16,2;0;5,6;0
Sirdal - Sinnes;SN42940;14.07.2018;23;15,1;0;5,6;0
Sirdal - Sinnes;SN42940;15.07.2018;24,7;16,1;0;4,3;0
Sirdal - Sinnes;SN42940;16.07.2018;24,8;16,8;0;3,7;0
Sirdal - Sinnes;SN42940;17.07.2018;24,9;16,6;0;4,8;0
Sirdal - Sinnes;SN42940;18.07.2018;22,6;15,4;6,3;4,4;0
Sirdal - Sinnes;SN42940;19.07.2018;22,2;15,3;0;5;0
Sirdal - Sinnes;SN42940;20.07.2018;21,5;15,4;0;4,5;0
Sirdal - Sinnes;SN42940;21.07.2018;18,5;13,2;0;4,6;0
Sirdal - Sinnes;SN42940;22.07.2018;20,3;15,5;0;5,1;0
Sirdal - Sinnes;SN42940;23.07.2018;23,4;17,2;0;4,9;0
Sirdal - Sinnes;SN42940;24.07.2018;20,2;16,2;0;4,5;0
Sirdal - Sinnes;SN42940;25.07.2018;21,6;16,6;3,4;4,4;0
Sirdal - Sinnes;SN42940;26.07.2018;24,6;16,2;0;4,1;0
Sirdal - Sinnes;SN42940;27.07.2018;28,9;20,5;0;4,7;0
Sirdal - Sinnes;SN42940;28.07.2018;25,9;20,3;0;6,4;0
Sirdal - Sinnes;SN42940;29.07.2018;21,2;15,7;15,9;6,4;0
Sirdal - Sinnes;SN42940;30.07.2018;20,6;16,7;0,8;6,5;0
Sirdal - Sinnes;SN42940;31.07.2018;20,3;16,4;4,1;5;0
Sirdal - Sinnes;SN42940;01.08.2018;19,6;14,7;36,1;3,7;0
Sirdal - Sinnes;SN42940;02.08.2018;17,4;13,5;0,1;3,6;0
Sirdal - Sinnes;SN42940;03.08.2018;16,9;14,6;0,4;3,6;0
Sirdal - Sinnes;SN42940;04.08.2018;19,5;14,7;2,5;4,8;0
Sirdal - Sinnes;SN42940;05.08.2018;15,5;11,5;0;6,5;0
Sirdal - Sinnes;SN42940;06.08.2018;13,4;10,9;0,3;4,3;0
Sirdal - Sinnes;SN42940;07.08.2018;17,9;14,8;7;3,5;0
Sirdal - Sinnes;SN42940;08.08.2018;17,6;14,9;2,3;6,1;0
Sirdal - Sinnes;SN42940;09.08.2018;16,5;10,7;10,5;4,6;0
Sirdal - Sinnes;SN42940;10.08.2018;13;10,3;19,7;5,8;0
Sirdal - Sinnes;SN42940;11.08.2018;15,7;9,7;36,4;6;0
Sirdal - Sinnes;SN42940;12.08.2018;16,8;10,1;0;3,9;0
Sirdal - Sinnes;SN42940;13.08.2018;18,3;10,9;0;3,9;0
Sirdal - Sinnes;SN42940;14.08.2018;19,8;12,2;0;3,8;0
Sirdal - Sinnes;SN42940;15.08.2018;16,1;12,9;0,1;5,4;0
Sirdal - Sinnes;SN42940;16.08.2018;15,6;13,4;17,4;5,1;0
Sirdal - Sinnes;SN42940;17.08.2018;14,5;10,7;51,4;3,9;0
Sirdal - Sinnes;SN42940;18.08.2018;13;11;8,2;5,5;0
Sirdal - Sinnes;SN42940;19.08.2018;15,4;10,8;9,8;3,5;0
Sirdal - Sinnes;SN42940;20.08.2018;13,5;9,1;0;5,5;0
Sirdal - Sinnes;SN42940;21.08.2018;16,1;9;0,1;3,1;0
Sirdal - Sinnes;SN42940;22.08.2018;15;12,2;0,9;5,4;0
Sirdal - Sinnes;SN42940;23.08.2018;15,8;10,9;13,4;3,5;0
Sirdal - Sinnes;SN42940;24.08.2018;12,6;8,4;0;5,7;0
Sirdal - Sinnes;SN42940;25.08.2018;12,5;6,6;1,8;3,8;0
Sirdal - Sinnes;SN42940;26.08.2018;13,6;8,2;3,6;4,5;0
Sirdal - Sinnes;SN42940;27.08.2018;11,5;9,8;4,8;4,6;0
Sirdal - Sinnes;SN42940;28.08.2018;16,5;11,6;10,2;4,1;0
Sirdal - Sinnes;SN42940;29.08.2018;12,4;10,5;0;4,4;0
Sirdal - Sinnes;SN42940;30.08.2018;15;9,3;19;5,2;0
Sirdal - Sinnes;SN42940;31.08.2018;18,9;9,3;0;3,9;0
Sirdal - Sinnes;SN42940;01.09.2018;15,9;8,7;0;4,4;0
Sirdal - Sinnes;SN42940;02.09.2018;13,7;9,5;0;3,7;0
Sirdal - Sinnes;SN42940;03.09.2018;18,1;9,9;0,1;3,1;0
Sirdal - Sinnes;SN42940;04.09.2018;20,3;12,2;0;4;0
Sirdal - Sinnes;SN42940;05.09.2018;18,7;12,4;0,1;5;0
Sirdal - Sinnes;SN42940;06.09.2018;15,6;13,4;3,2;4;0
Sirdal - Sinnes;SN42940;07.09.2018;14,9;12,8;7,1;7,2;0
Sirdal - Sinnes;SN42940;08.09.2018;13,9;10,7;61,7;5,5;0
Sirdal - Sinnes;SN42940;09.09.2018;13,7;10;16,2;5,6;0
Sirdal - Sinnes;SN42940;10.09.2018;12,2;9,4;24,3;5,8;0
Sirdal - Sinnes;SN42940;11.09.2018;12,5;9,2;21;5,6;0
Sirdal - Sinnes;SN42940;12.09.2018;9,9;7,6;4,5;5;0
Sirdal - Sinnes;SN42940;13.09.2018;9,9;7,4;8,5;4,6;0
Sirdal - Sinnes;SN42940;14.09.2018;10,3;7,6;9,3;4,3;0
Sirdal - Sinnes;SN42940;15.09.2018;9,5;5,8;9,3;4,6;0
Sirdal - Sinnes;SN42940;16.09.2018;11,1;7,6;3,2;4,7;0
Sirdal - Sinnes;SN42940;17.09.2018;11,1;8,7;14,7;4,5;0
Sirdal - Sinnes;SN42940;18.09.2018;19,7;13,6;3,6;7,1;0
Sirdal - Sinnes;SN42940;19.09.2018;15,6;12,2;5,9;8,8;0
Sirdal - Sinnes;SN42940;20.09.2018;12,7;7,4;12,5;8,7;0
Sirdal - Sinnes;SN42940;21.09.2018;13,8;8,1;19,9;11,1;0
Sirdal - Sinnes;SN42940;22.09.2018;7,6;5,6;45,5;7,7;0
Sirdal - Sinnes;SN42940;23.09.2018;7,4;4,9;17,3;6,7;0
Sirdal - Sinnes;SN42940;24.09.2018;6,2;3,3;0,4;6,2;0
Sirdal - Sinnes;SN42940;25.09.2018;8,1;4,1;0,1;5,1;0
Sirdal - Sinnes;SN42940;26.09.2018;11,6;8,8;22,2;6,4;0
Sirdal - Sinnes;SN42940;27.09.2018;10,8;6,7;9,2;5,6;0
Sirdal - Sinnes;SN42940;28.09.2018;7,6;4,2;21,1;6;0
Sirdal - Sinnes;SN42940;29.09.2018;6,9;5,6;0,6;5,6;0
Sirdal - Sinnes;SN42940;30.09.2018;8;5;10,4;5,3;0
Sirdal - Sinnes;SN42940;01.10.2018;7,9;3,7;5,5;4,6;0
Sirdal - Sinnes;SN42940;02.10.2018;5,7;2,9;4;5,9;0
Sirdal - Sinnes;SN42940;03.10.2018;6,6;3,2;11,1;5,5;0
Sirdal - Sinnes;SN42940;04.10.2018;9;5,1;11,4;3,6;0
Sirdal - Sinnes;SN42940;05.10.2018;9,2;4,6;0;4,9;0
Sirdal - Sinnes;SN42940;06.10.2018;6,2;3,2;0,1;3,4;0
Sirdal - Sinnes;SN42940;07.10.2018;6,4;1,8;4,1;3,8;0
Sirdal - Sinnes;SN42940;08.10.2018;10;7,5;23,9;5,3;0
Sirdal - Sinnes;SN42940;09.10.2018;9,9;9,2;9,8;4,6;0
Sirdal - Sinnes;SN42940;10.10.2018;14,4;8,8;10;3,6;0
Sirdal - Sinnes;SN42940;11.10.2018;14,4;11,1;0,1;6,5;0
Sirdal - Sinnes;SN42940;12.10.2018;12,3;11,3;0;6,5;0
Sirdal - Sinnes;SN42940;13.10.2018;14,5;13,4;22,5;7,3;0
Sirdal - Sinnes;SN42940;14.10.2018;15,5;13,3;27,9;6,2;0
Sirdal - Sinnes;SN42940;15.10.2018;13;5,3;6,8;6,7;0
Sirdal - Sinnes;SN42940;16.10.2018;11,6;4,9;0;4,3;0
Sirdal - Sinnes;SN42940;17.10.2018;12,3;7,9;2,2;3,9;0
Sirdal - Sinnes;SN42940;18.10.2018;7,7;5,5;2,5;5,7;0
Sirdal - Sinnes;SN42940;19.10.2018;6,8;3,6;0;3,2;0
Sirdal - Sinnes;SN42940;20.10.2018;7,6;5,4;1;2,8;0
Sirdal - Sinnes;SN42940;21.10.2018;9,6;7,3;1,2;5,1;0
Sirdal - Sinnes;SN42940;22.10.2018;7;3,7;7,6;6,4;0
Sirdal - Sinnes;SN42940;23.10.2018;7,8;5,2;44,3;7,9;0
Sirdal - Sinnes;SN42940;24.10.2018;4,3;3,6;2,3;5,6;0
Sirdal - Sinnes;SN42940;25.10.2018;8,3;4;0,7;7,4;0
Sirdal - Sinnes;SN42940;26.10.2018;3,5;0,8;0,7;4;0
Sirdal - Sinnes;SN42940;27.10.2018;2,9;-1,3;0;5,1;0
Sirdal - Sinnes;SN42940;28.10.2018;1,2;-3,2;0;4,1;0
Sirdal - Sinnes;SN42940;29.10.2018;-1;-2,6;0;9,1;0
Sirdal - Sinnes;SN42940;30.10.2018;3,3;1,2;0;7,1;0
Sirdal - Sinnes;SN42940;31.10.2018;5,3;3,2;2,3;9,1;0
Sirdal - Sinnes;SN42940;01.11.2018;5,8;4,7;2,3;6,2;0
Sirdal - Sinnes;SN42940;02.11.2018;6;3,8;19,6;5,4;0
Sirdal - Sinnes;SN42940;03.11.2018;5,7;3,2;2,2;6,2;0
Sirdal - Sinnes;SN42940;04.11.2018;7;5,6;0;6,5;0
Sirdal - Sinnes;SN42940;05.11.2018;6,2;5,4;0;4,4;0
Sirdal - Sinnes;SN42940;06.11.2018;7,3;6,5;17,1;3,9;0
Sirdal - Sinnes;SN42940;07.11.2018;8,5;5,4;0;6,5;0
Sirdal - Sinnes;SN42940;08.11.2018;7,5;6,6;0;6,9;0
Sirdal - Sinnes;SN42940;09.11.2018;7,7;4,9;4,4;3,6;0
Sirdal - Sinnes;SN42940;10.11.2018;7,1;6,6;0,5;6,2;0
Sirdal - Sinnes;SN42940;11.11.2018;8,8;7,5;16,7;4,9;0
Sirdal - Sinnes;SN42940;12.11.2018;7,9;5,8;15;5,3;0
Sirdal - Sinnes;SN42940;13.11.2018;6,2;4,3;17,4;4,3;0
Sirdal - Sinnes;SN42940;14.11.2018;7;4,2;11,2;5,5;0
Sirdal - Sinnes;SN42940;15.11.2018;8,3;6,6;4,7;4,5;0
Sirdal - Sinnes;SN42940;16.11.2018;6,6;2,2;36;3,6;0
Sirdal - Sinnes;SN42940;17.11.2018;5,1;-0,5;0;2,6;0
Sirdal - Sinnes;SN42940;18.11.2018;7,7;0,8;0,1;7,2;0
Sirdal - Sinnes;SN42940;19.11.2018;5,6;0,2;0;6,5;0
Sirdal - Sinnes;SN42940;20.11.2018;3,9;-1,7;0;4,8;0
Sirdal - Sinnes;SN42940;21.11.2018;3,2;-1,1;0;6,8;0
Sirdal - Sinnes;SN42940;22.11.2018;-0,6;-6,5;0;2,9;0
Sirdal - Sinnes;SN42940;23.11.2018;-4,3;-7,9;0;2,3;0
Sirdal - Sinnes;SN42940;24.11.2018;-0,7;-5,5;0,1;5,5;0
Sirdal - Sinnes;SN42940;25.11.2018;-0,7;-6,1;0,1;5,5;0
Sirdal - Sinnes;SN42940;26.11.2018;-4;-;0;1,7;0
Sirdal - Sinnes;SN42940;27.11.2018;-0,6;-6,6;0;4;0
Sirdal - Sinnes;SN42940;28.11.2018;-1,1;-1,7;0,1;7,4;0
Sirdal - Sinnes;SN42940;29.11.2018;5;3,1;12,7;7,7;9
Sirdal - Sinnes;SN42940;30.11.2018;6,5;3,9;44,7;7,1;0
Sirdal - Sinnes;SN42940;01.12.2018;3,6;0,9;9,3;5,7;0
Sirdal - Sinnes;SN42940;02.12.2018;3,4;2,1;19,5;3,8;0
Sirdal - Sinnes;SN42940;03.12.2018;4,9;2,7;8,7;6;0
Sirdal - Sinnes;SN42940;04.12.2018;3,4;-1,2;7,2;6,9;0
Sirdal - Sinnes;SN42940;05.12.2018;-1,4;-6,6;1,1;3,3;0
Sirdal - Sinnes;SN42940;06.12.2018;0,7;-1,9;0,4;4,1;0
Sirdal - Sinnes;SN42940;07.12.2018;3;0,8;7,8;3,9;-
Sirdal - Sinnes;SN42940;08.12.2018;2,3;-0,1;13,4;7;3
Sirdal - Sinnes;SN42940;09.12.2018;1,6;-1,1;2,9;5,7;-
Sirdal - Sinnes;SN42940;10.12.2018;1,6;0,1;0;5,9;5
Sirdal - Sinnes;SN42940;11.12.2018;0,3;-8,3;0;5,7;6
Sirdal - Sinnes;SN42940;12.12.2018;-8;-11,7;0;1,3;6
Sirdal - Sinnes;SN42940;13.12.2018;-5,4;-8,7;0;4,7;6
Sirdal - Sinnes;SN42940;14.12.2018;-4,3;-6,5;0,4;3,6;7
Sirdal - Sinnes;SN42940;15.12.2018;-0,9;-2;0,1;5,2;-
Sirdal - Sinnes;SN42940;16.12.2018;-0,3;-1,7;1,2;6,8;10
Sirdal - Sinnes;SN42940;17.12.2018;-1,7;-3,7;0,5;3,2;14
Sirdal - Sinnes;SN42940;18.12.2018;-0,8;-3,1;0;8,4;14
Sirdal - Sinnes;SN42940;19.12.2018;1,6;1,2;0,3;6;13
Sirdal - Sinnes;SN42940;20.12.2018;1,9;0,9;2,3;6,7;13
Sirdal - Sinnes;SN42940;21.12.2018;0,5;-1,7;0,8;8;14
Sirdal - Sinnes;SN42940;22.12.2018;-2,6;-4,2;0,1;9,3;13
Sirdal - Sinnes;SN42940;23.12.2018;-4;-9,6;0,1;1;13
Sirdal - Sinnes;SN42940;24.12.2018;2,6;-3,5;0;4,1;12
Sirdal - Sinnes;SN42940;25.12.2018;4;3,1;6,1;5,3;9
Sirdal - Sinnes;SN42940;26.12.2018;4,1;1,7;0;6,2;8
Sirdal - Sinnes;SN42940;27.12.2018;5,2;3,1;1,8;3,9;-
Sirdal - Sinnes;SN42940;28.12.2018;4,3;0;0,3;5,5;4
Sirdal - Sinnes;SN42940;29.12.2018;2,1;0,5;0,2;5,1;3
Sirdal - Sinnes;SN42940;30.12.2018;2,3;-1;2,4;6,2;7
Sirdal - Sinnes;SN42940;31.12.2018;4,9;2;8,1;4,2;10
Sirdal - Sinnes;SN42940;01.01.2019;6,4;0,9;36,7;10,2;4
Sirdal - Sinnes;SN42940;02.01.2019;0,3;-3,4;0;6,4;6
Sirdal - Sinnes;SN42940;03.01.2019;1,7;-3,4;0;6,8;6
Sirdal - Sinnes;SN42940;04.01.2019;5,7;3,4;0,1;9;6
Sirdal - Sinnes;SN42940;05.01.2019;5,3;3,4;6,4;4,8;3
Sirdal - Sinnes;SN42940;06.01.2019;3,6;1,1;0;3,2;2
Sirdal - Sinnes;SN42940;07.01.2019;3,4;-1,1;0;6,4;2
Sirdal - Sinnes;SN42940;08.01.2019;1,4;-1,2;14;5,1;9
Sirdal - Sinnes;SN42940;09.01.2019;-1,2;-8,9;0,7;4,2;10
Sirdal - Sinnes;SN42940;10.01.2019;4,6;-0,8;0,2;5,7;9
Sirdal - Sinnes;SN42940;11.01.2019;5,4;1,3;1,4;6,2;0
Sirdal - Sinnes;SN42940;12.01.2019;-0,5;-1,4;-;5,9;3
Sirdal - Sinnes;SN42940;13.01.2019;3,2;0,2;-;7,1;6
Sirdal - Sinnes;SN42940;14.01.2019;-2,2;-4,2;20,3;8,4;7
Sirdal - Sinnes;SN42940;15.01.2019;3,5;-0,4;1,9;6,2;7
Sirdal - Sinnes;SN42940;16.01.2019;2,6;-0,1;15,5;4,2;20
Sirdal - Sinnes;SN42940;17.01.2019;0,7;-9,1;18,3;5,5;22
Sirdal - Sinnes;SN42940;18.01.2019;-1,6;-9,8;0,1;3,7;22
Sirdal - Sinnes;SN42940;19.01.2019;-0,9;-7,6;0;3,8;22
Sirdal - Sinnes;SN42940;20.01.2019;-4,6;-8;7,3;2,9;21
Sirdal - Sinnes;SN42940;21.01.2019;-1,7;-8,8;0;2,4;21
Sirdal - Sinnes;SN42940;22.01.2019;-2;-4,7;0,3;5,7;20
Sirdal - Sinnes;SN42940;23.01.2019;-2;-3,4;0,5;5,1;25
Sirdal - Sinnes;SN42940;24.01.2019;-2,9;-3,9;0,7;5,7;27
Sirdal - Sinnes;SN42940;25.01.2019;-4,1;-4,4;1,8;4,1;30
Sirdal - Sinnes;SN42940;26.01.2019;-3;-5;12,9;6,2;47
Sirdal - Sinnes;SN42940;27.01.2019;-5,4;-6,3;3,8;13;23
Sirdal - Sinnes;SN42940;28.01.2019;-5,5;-11,4;3,2;6,4;23
Sirdal - Sinnes;SN42940;29.01.2019;-2,4;-7,8;0;6,7;23
Sirdal - Sinnes;SN42940;30.01.2019;-1,6;-2,4;0,8;6;24
Sirdal - Sinnes;SN42940;31.01.2019;-2,9;-4,3;0,7;8,5;28
Sirdal - Sinnes;SN42940;01.02.2019;-2,4;-3,7;3,1;7,9;32
Sirdal - Sinnes;SN42940;02.02.2019;-3,2;-7,6;0;5,8;31
Sirdal - Sinnes;SN42940;03.02.2019;-6,3;-14,3;0;2,6;30
Sirdal - Sinnes;SN42940;04.02.2019;1,1;-2,3;1,1;5,6;31
Sirdal - Sinnes;SN42940;05.02.2019;2;-3,8;8,4;5,6;43
Sirdal - Sinnes;SN42940;06.02.2019;-0,6;-3,9;0,8;6;44
Sirdal - Sinnes;SN42940;07.02.2019;1,2;-0,1;4,8;6,1;44
Sirdal - Sinnes;SN42940;08.02.2019;1,5;-0,2;2;6,4;45
Sirdal - Sinnes;SN42940;09.02.2019;3,6;1,7;14,3;6,2;43
Sirdal - Sinnes;SN42940;10.02.2019;3,7;1,2;28,3;6,5;43
Sirdal - Sinnes;SN42940;11.02.2019;1,2;-2,4;0;5,7;40
Sirdal - Sinnes;SN42940;12.02.2019;0,5;-1,8;0;6,6;40
Sirdal - Sinnes;SN42940;13.02.2019;6,3;3,1;10,9;5,6;40
Sirdal - Sinnes;SN42940;14.02.2019;3,5;2;0,5;2,8;38
Sirdal - Sinnes;SN42940;15.02.2019;3,9;-0,2;0,6;2,2;35
Sirdal - Sinnes;SN42940;16.02.2019;4,2;-0,7;0;2,8;34
Sirdal - Sinnes;SN42940;17.02.2019;4,2;2,1;2,4;4,1;33
Sirdal - Sinnes;SN42940;18.02.2019;4,1;2,2;0,4;4,7;31
Sirdal - Sinnes;SN42940;19.02.2019;4;1,3;9,5;5,5;31
Sirdal - Sinnes;SN42940;20.02.2019;3,4;0,6;5,9;3,8;30
Sirdal - Sinnes;SN42940;21.02.2019;6,9;2,4;7,1;3,6;32
Sirdal - Sinnes;SN42940;22.02.2019;2,4;1,1;1,5;4,2;29
Sirdal - Sinnes;SN42940;23.02.2019;4,3;1;0,1;2,8;28
Sirdal - Sinnes;SN42940;24.02.2019;6,5;2,5;0,1;4;27
Sirdal - Sinnes;SN42940;25.02.2019;6,3;0,7;0;4,3;24
Sirdal - Sinnes;SN42940;26.02.2019;9,6;2,7;0;3;22
Sirdal - Sinnes;SN42940;27.02.2019;10,2;1,5;0;4;22
Sirdal - Sinnes;SN42940;28.02.2019;3,9;0,6;0;6,8;19
Sirdal - Sinnes;SN42940;01.03.2019;5;-2,3;0;3,3;18
Sirdal - Sinnes;SN42940;02.03.2019;0,2;-3,8;0;3,9;18
Sirdal - Sinnes;SN42940;03.03.2019;2,5;1,5;8,5;3,6;19
Sirdal - Sinnes;SN42940;04.03.2019;2,6;1,6;7,5;8;16
Sirdal - Sinnes;SN42940;05.03.2019;1,7;-0,7;1,8;3,5;16
Sirdal - Sinnes;SN42940;06.03.2019;1,4;-0,4;3,6;5,8;19
Sirdal - Sinnes;SN42940;07.03.2019;3,8;1,7;8,7;6,7;30
Sirdal - Sinnes;SN42940;08.03.2019;1,9;-1,1;5,1;6,8;23
Sirdal - Sinnes;SN42940;09.03.2019;3,1;-0,4;3,4;4,2;27
Sirdal - Sinnes;SN42940;10.03.2019;0,1;-7,1;5,4;3,6;32
Sirdal - Sinnes;SN42940;11.03.2019;2,3;-7,1;0;3,3;31
Sirdal - Sinnes;SN42940;12.03.2019;0,7;-1,1;0,8;7,3;29
Sirdal - Sinnes;SN42940;13.03.2019;4;-1,9;13,5;6,4;51
Sirdal - Sinnes;SN42940;14.03.2019;5;-1,2;3,2;4,1;46
Sirdal - Sinnes;SN42940;15.03.2019;3,6;-0,8;0,3;2,4;42
Sirdal - Sinnes;SN42940;16.03.2019;2,7;0,1;4,5;3,1;44
Sirdal - Sinnes;SN42940;17.03.2019;1,3;-0,1;9,7;8,2;51
Sirdal - Sinnes;SN42940;18.03.2019;4,9;-1,9;6,6;4,5;50
Sirdal - Sinnes;SN42940;19.03.2019;5,8;-4,2;0;3,1;50
Sirdal - Sinnes;SN42940;20.03.2019;6,9;3,1;1,8;4,6;50
Sirdal - Sinnes;SN42940;21.03.2019;7,2;3,8;3;4,9;43
Sirdal - Sinnes;SN42940;22.03.2019;4,2;0,7;0,5;5,3;40
Sirdal - Sinnes;SN42940;23.03.2019;3,6;1,5;6,4;8,7;37
Sirdal - Sinnes;SN42940;24.03.2019;3,1;0,6;10,9;6,4;40
Sirdal - Sinnes;SN42940;25.03.2019;6,9;0,5;8,5;6,7;42
Sirdal - Sinnes;SN42940;26.03.2019;4,8;1,8;1,6;6,6;40
Sirdal - Sinnes;SN42940;27.03.2019;7,2;3,9;0,1;5,9;36
Sirdal - Sinnes;SN42940;28.03.2019;7,1;3,9;0;2,4;30
Sirdal - Sinnes;SN42940;29.03.2019;5,5;3,5;0,4;3,1;27
Sirdal - Sinnes;SN42940;30.03.2019;4,3;2,1;2,3;5;24
Sirdal - Sinnes;SN42940;31.03.2019;1,2;-1,9;4,5;7,6;23
Sirdal - Sinnes;SN42940;01.04.2019;3,6;-2,3;0;5,2;23
Sirdal - Sinnes;SN42940;02.04.2019;4,6;1,2;0;6,8;22
Sirdal - Sinnes;SN42940;03.04.2019;3,9;2,7;0;9,1;21
Sirdal - Sinnes;SN42940;04.04.2019;9,9;6,9;0;9,4;17
Sirdal - Sinnes;SN42940;05.04.2019;9,6;6,7;0;8,2;7
Sirdal - Sinnes;SN42940;06.04.2019;14,5;5,8;0;4,2;2
Sirdal - Sinnes;SN42940;07.04.2019;8,6;2,7;0;4,8;0
Sirdal - Sinnes;SN42940;08.04.2019;5,8;1,4;0;5,3;0
Sirdal - Sinnes;SN42940;09.04.2019;3,6;-1,7;0;4,2;0
Sirdal - Sinnes;SN42940;10.04.2019;2,8;-2,8;0;3,8;0
Sirdal - Sinnes;SN42940;11.04.2019;4,7;-2,5;0;3,3;0
Sirdal - Sinnes;SN42940;12.04.2019;5,3;-1,6;0;3,8;0
Sirdal - Sinnes;SN42940;13.04.2019;7,4;-0,5;0;3,2;0
Sirdal - Sinnes;SN42940;14.04.2019;6,8;-0,1;0;4,1;0
Sirdal - Sinnes;SN42940;15.04.2019;7,5;0,8;0;4,3;0
Sirdal - Sinnes;SN42940;16.04.2019;6,3;2,3;0;6,3;0
Sirdal - Sinnes;SN42940;17.04.2019;9,2;3,9;1;6,3;0
Sirdal - Sinnes;SN42940;18.04.2019;14,8;5,3;0;3,2;0
Sirdal - Sinnes;SN42940;19.04.2019;15,6;5,9;0;4,2;0
Sirdal - Sinnes;SN42940;20.04.2019;15,6;6,1;0,2;3,4;0
Sirdal - Sinnes;SN42940;21.04.2019;15,4;7,4;0;4;0
Sirdal - Sinnes;SN42940;22.04.2019;16,4;8,3;0;4,8;0
Sirdal - Sinnes;SN42940;23.04.2019;13,7;-;-;5,7;0
Sirdal - Sinnes;SN42940;24.04.2019;11,7;8,8;-;8,8;0
Sirdal - Sinnes;SN42940;25.04.2019;12,8;9,5;0,7;9,6;0
Sirdal - Sinnes;SN42940;26.04.2019;14,9;10,8;0,7;6,5;0
Sirdal - Sinnes;SN42940;27.04.2019;12,1;7,4;7,8;4,6;0
Sirdal - Sinnes;SN42940;28.04.2019;10,2;7;25,3;3,8;0
Sirdal - Sinnes;SN42940;29.04.2019;18,6;11,3;5,4;4,6;0
Sirdal - Sinnes;SN42940;30.04.2019;18,7;10;0;4,2;0
Sirdal - Sinnes;SN42940;01.05.2019;14,1;6,4;0;5,9;0
Sirdal - Sinnes;SN42940;02.05.2019;6;2,9;0,6;7,3;0
Sirdal - Sinnes;SN42940;03.05.2019;4;0,4;0,7;6,9;0
Sirdal - Sinnes;SN42940;04.05.2019;7,6;2;0,2;6,6;0
Sirdal - Sinnes;SN42940;05.05.2019;5;1,4;0;5,2;0
Sirdal - Sinnes;SN42940;06.05.2019;5;0,4;3;6,9;0
Sirdal - Sinnes;SN42940;07.05.2019;5,2;0,9;0,7;6,9;0
Sirdal - Sinnes;SN42940;08.05.2019;7,2;1,8;0,1;4,5;0
Sirdal - Sinnes;SN42940;09.05.2019;6,1;3,8;0;4,7;0
Sirdal - Sinnes;SN42940;10.05.2019;5,7;4,1;14,8;4,4;0
Sirdal - Sinnes;SN42940;11.05.2019;8;4,1;8,8;6,1;0
Sirdal - Sinnes;SN42940;12.05.2019;8,4;3,6;0;6,7;0
Sirdal - Sinnes;SN42940;13.05.2019;9,3;4,6;0,2;4,8;0
Sirdal - Sinnes;SN42940;14.05.2019;14,8;7,9;0;4;0
Sirdal - Sinnes;SN42940;15.05.2019;16,2;9,3;0;5;0
Sirdal - Sinnes;SN42940;16.05.2019;18,3;10,2;0;5,4;0
Sirdal - Sinnes;SN42940;17.05.2019;17,8;12,3;0;6,2;0
Sirdal - Sinnes;SN42940;18.05.2019;14,5;9,7;0;7,1;0
Sirdal - Sinnes;SN42940;19.05.2019;18,7;12,2;0,8;5,6;0
Sirdal - Sinnes;SN42940;20.05.2019;17,7;12,4;3,6;5;0
Sirdal - Sinnes;SN42940;21.05.2019;19,7;14;0;5;0
Sirdal - Sinnes;SN42940;22.05.2019;13,4;9,7;16,8;3,9;0
Sirdal - Sinnes;SN42940;23.05.2019;8,8;6;2,8;5,5;0
Sirdal - Sinnes;SN42940;24.05.2019;13,2;8,2;15;5,1;0
Sirdal - Sinnes;SN42940;25.05.2019;11,7;6,9;0;4,5;0
Sirdal - Sinnes;SN42940;26.05.2019;11,1;6,9;0,5;5,3;0
Sirdal - Sinnes;SN42940;27.05.2019;11,8;6,2;0;5,5;0
Sirdal - Sinnes;SN42940;28.05.2019;8,5;3,4;0;6,2;0
Sirdal - Sinnes;SN42940;29.05.2019;7,8;3,4;2,1;5,5;0
Sirdal - Sinnes;SN42940;30.05.2019;9,1;5,6;8,3;5,1;0
Sirdal - Sinnes;SN42940;31.05.2019;11,7;7,3;1,5;5,7;0
Sirdal - Sinnes;SN42940;01.06.2019;10,5;7,4;10,6;5,7;0
Sirdal - Sinnes;SN42940;02.06.2019;11,7;9,7;2,5;4,3;0
Sirdal - Sinnes;SN42940;03.06.2019;14;11;15;6,7;0
Sirdal - Sinnes;SN42940;04.06.2019;14,1;9,7;1;4,9;0
Sirdal - Sinnes;SN42940;05.06.2019;14,3;10,8;5,9;8;0
Sirdal - Sinnes;SN42940;06.06.2019;20;14,1;0,5;6,4;0
Sirdal - Sinnes;SN42940;07.06.2019;17,3;12,2;0,4;5,5;0
Sirdal - Sinnes;SN42940;08.06.2019;15;9,5;0;5,1;0
Sirdal - Sinnes;SN42940;09.06.2019;10,5;8,6;14,1;6,6;0
Sirdal - Sinnes;SN42940;10.06.2019;15,4;9,7;2,8;4,3;0
Sirdal - Sinnes;SN42940;11.06.2019;17,8;11,1;0;7,1;0
Sirdal - Sinnes;SN42940;12.06.2019;13,2;10,2;13,1;10,5;0
Sirdal - Sinnes;SN42940;13.06.2019;13,2;10,6;5,4;7,3;0
Sirdal - Sinnes;SN42940;14.06.2019;14,6;11,6;11,4;6,1;0
Sirdal - Sinnes;SN42940;15.06.2019;20,6;13,8;0;6,3;0
Sirdal - Sinnes;SN42940;16.06.2019;17,4;12,3;4,3;6,3;0
Sirdal - Sinnes;SN42940;17.06.2019;12,9;9,4;0;5,3;0
Sirdal - Sinnes;SN42940;18.06.2019;14,1;10,4;6,4;4,2;0
Sirdal - Sinnes;SN42940;19.06.2019;14,7;9,9;5,2;3,4;0
Sirdal - Sinnes;SN42940;20.06.2019;13,9;10,8;5,6;3,9;0
Sirdal - Sinnes;SN42940;21.06.2019;11,7;7,8;1,3;5,8;0
Sirdal - Sinnes;SN42940;22.06.2019;13,1;8,7;9,3;5,2;0
Sirdal - Sinnes;SN42940;23.06.2019;14,5;10,3;0;4,6;0
Sirdal - Sinnes;SN42940;24.06.2019;16,2;12,2;0;3,7;0
Sirdal - Sinnes;SN42940;25.06.2019;15,8;12,3;2,2;5,6;0
Sirdal - Sinnes;SN42940;26.06.2019;16;12,1;11,5;6,1;0
Sirdal - Sinnes;SN42940;27.06.2019;18,1;12,2;0;6,9;0
Sirdal - Sinnes;SN42940;28.06.2019;22,1;15;0;4,6;0
Sirdal - Sinnes;SN42940;29.06.2019;22,9;16,1;0;5,5;0
Sirdal - Sinnes;SN42940;30.06.2019;20,7;-;0;6,5;0
Sirdal - Sinnes;SN42940;01.07.2019;13,2;10,7;3,4;4,5;0
Sirdal - Sinnes;SN42940;02.07.2019;11,7;6,8;3,2;6,2;0
Sirdal - Sinnes;SN42940;03.07.2019;10,1;6,6;2;5,9;0
Sirdal - Sinnes;SN42940;04.07.2019;11,9;8,6;0,6;4,9;0
Sirdal - Sinnes;SN42940;05.07.2019;16;8,8;0,2;4,3;0
Sirdal - Sinnes;SN42940;06.07.2019;13,2;8,4;1,4;6,5;0
Sirdal - Sinnes;SN42940;07.07.2019;13,2;10;7,8;5,3;0
Sirdal - Sinnes;SN42940;08.07.2019;17,3;11,1;0,3;5,2;0
Sirdal - Sinnes;SN42940;09.07.2019;18,5;12,3;0;4,5;0
Sirdal - Sinnes;SN42940;10.07.2019;21,4;13,3;0;4,2;0
Sirdal - Sinnes;SN42940;11.07.2019;22,2;14,9;2,8;4,6;0
Sirdal - Sinnes;SN42940;12.07.2019;20,9;14,5;0;4,3;0
Sirdal - Sinnes;SN42940;13.07.2019;25,6;16,1;0;4,7;0
Sirdal - Sinnes;SN42940;14.07.2019;20,7;14,8;0;6,4;0
Sirdal - Sinnes;SN42940;15.07.2019;20;14,3;0;6,3;0
Sirdal - Sinnes;SN42940;16.07.2019;21,4;14,6;0;4,6;0
Sirdal - Sinnes;SN42940;17.07.2019;21,7;14,5;0;4,6;0
Sirdal - Sinnes;SN42940;18.07.2019;17;12,1;0;4,6;0
Sirdal - Sinnes;SN42940;19.07.2019;18,3;13,9;9,1;4,9;0
Sirdal - Sinnes;SN42940;20.07.2019;16,4;12,1;0;4;0
Sirdal - Sinnes;SN42940;21.07.2019;16,2;12,3;16;5,5;0
Sirdal - Sinnes;SN42940;22.07.2019;14,3;11,5;5,2;4,3;0
Sirdal - Sinnes;SN42940;23.07.2019;20,8;16,5;4,2;3,2;0
Sirdal - Sinnes;SN42940;24.07.2019;25;18,1;0;4,9;0
Sirdal - Sinnes;SN42940;25.07.2019;27;21,1;0;4,9;0
Sirdal - Sinnes;SN42940;26.07.2019;27,5;20,7;0;4,9;0
Sirdal - Sinnes;SN42940;27.07.2019;25,8;19,9;0;6,1;0
Sirdal - Sinnes;SN42940;28.07.2019;24,5;19,8;0;6,4;0
Sirdal - Sinnes;SN42940;29.07.2019;24,4;19,4;5,1;4,1;0
Sirdal - Sinnes;SN42940;30.07.2019;22,1;14,9;1;5,7;0
Sirdal - Sinnes;SN42940;31.07.2019;13,3;11;16;5;0
Sirdal - Sinnes;SN42940;01.08.2019;19,4;14,4;5,9;4,1;0
Sirdal - Sinnes;SN42940;02.08.2019;24,3;17,8;0;3,6;0
Sirdal - Sinnes;SN42940;03.08.2019;24,3;16,5;0;4,4;0
Sirdal - Sinnes;SN42940;04.08.2019;22,7;15,1;0;4;0
Sirdal - Sinnes;SN42940;05.08.2019;19,4;14,8;0;4,8;0
Sirdal - Sinnes;SN42940;06.08.2019;15,1;12,9;3,2;3,7;0
Sirdal - Sinnes;SN42940;07.08.2019;16,2;13,1;10,8;4,3;0
Sirdal - Sinnes;SN42940;08.08.2019;18,1;13;1,3;4,5;0
Sirdal - Sinnes;SN42940;09.08.2019;21;14,3;0,2;5,2;0
Sirdal - Sinnes;SN42940;10.08.2019;16,7;14,1;6,2;6,5;0
Sirdal - Sinnes;SN42940;11.08.2019;16,2;14;23,5;4,3;0
Sirdal - Sinnes;SN42940;12.08.2019;14,6;12,3;28,4;3,9;0
Sirdal - Sinnes;SN42940;13.08.2019;12,4;9,2;8,4;5,9;0
Sirdal - Sinnes;SN42940;14.08.2019;13,3;8,2;0;4,7;0
Sirdal - Sinnes;SN42940;15.08.2019;13,6;9,4;0,4;5,5;0
Sirdal - Sinnes;SN42940;16.08.2019;16,3;12,4;2,6;5;0
Sirdal - Sinnes;SN42940;17.08.2019;17;12,6;10,3;6,8;0
Sirdal - Sinnes;SN42940;18.08.2019;14,6;10,6;6,6;5,7;0
Sirdal - Sinnes;SN42940;19.08.2019;13,7;10,9;26,6;4,7;0
Sirdal - Sinnes;SN42940;20.08.2019;13,2;10,3;10,1;3,6;0
Sirdal - Sinnes;SN42940;21.08.2019;14,2;10;4,6;3,8;0
Sirdal - Sinnes;SN42940;22.08.2019;14,1;11;8,8;6,3;-
Sirdal - Sinnes;SN42940;23.08.2019;16,6;13,2;25;5,3;0
Sirdal - Sinnes;SN42940;24.08.2019;19,9;14,3;0,2;5,1;0
Sirdal - Sinnes;SN42940;25.08.2019;22,5;15,5;0;4,1;0
Sirdal - Sinnes;SN42940;26.08.2019;23,6;15,2;0;4,9;0
Sirdal - Sinnes;SN42940;27.08.2019;24,1;17,1;0;5,4;0
Sirdal - Sinnes;SN42940;28.08.2019;21,4;17,3;0;5,4;0
Sirdal - Sinnes;SN42940;29.08.2019;17,8;13,9;0;4,7;0
Sirdal - Sinnes;SN42940;30.08.2019;13,2;12,4;0;5,2;0
Sirdal - Sinnes;SN42940;31.08.2019;17,1;14,3;10,9;7;0
Sirdal - Sinnes;SN42940;01.09.2019;14,4;10,1;5,8;5,2;0
Sirdal - Sinnes;SN42940;02.09.2019;12,4;8,6;0,5;5,5;0
Sirdal - Sinnes;SN42940;03.09.2019;13,4;9,2;10,3;6,1;0
Sirdal - Sinnes;SN42940;04.09.2019;12,3;8,6;1,9;3,2;0
Sirdal - Sinnes;SN42940;05.09.2019;10,7;6,9;22,9;5,1;0
Sirdal - Sinnes;SN42940;06.09.2019;10,9;7,1;1,4;3,9;0
Sirdal - Sinnes;SN42940;07.09.2019;15,4;9;14,8;4,4;0
Sirdal - Sinnes;SN42940;08.09.2019;16,1;9,6;0,2;3,3;0
Sirdal - Sinnes;SN42940;09.09.2019;12,2;10,5;0;4,3;0
Sirdal - Sinnes;SN42940;10.09.2019;14,9;10,9;3,2;3,4;0
Sirdal - Sinnes;SN42940;11.09.2019;12;9,6;2,8;5,3;0
Sirdal - Sinnes;SN42940;12.09.2019;11,6;9,6;13,6;5;0
Sirdal - Sinnes;SN42940;13.09.2019;10,9;8,1;1,7;6;0
Sirdal - Sinnes;SN42940;14.09.2019;10,6;8,3;2,4;5;0
Sirdal - Sinnes;SN42940;15.09.2019;10,2;7,2;52,1;6,9;0
Sirdal - Sinnes;SN42940;16.09.2019;9,7;6;17;6,4;0
Sirdal - Sinnes;SN42940;17.09.2019;7,9;4,6;20,1;6,6;0
Sirdal - Sinnes;SN42940;18.09.2019;9,9;5,9;0,4;6;0
Sirdal - Sinnes;SN42940;19.09.2019;9,3;4,1;0;4,1;0
Sirdal - Sinnes;SN42940;20.09.2019;11,4;9,3;0,2;6,3;0
Sirdal - Sinnes;SN42940;21.09.2019;22,6;11,8;0;5,5;0
Sirdal - Sinnes;SN42940;22.09.2019;23,1;12;0;4,2;0
Sirdal - Sinnes;SN42940;23.09.2019;15,5;9,9;0;4,2;0
Sirdal - Sinnes;SN42940;24.09.2019;10,1;9;0;4,3;0
Sirdal - Sinnes;SN42940;25.09.2019;10,5;8,6;0;4,7;0
Sirdal - Sinnes;SN42940;26.09.2019;8,7;8,2;0;6,3;0
Sirdal - Sinnes;SN42940;27.09.2019;13;10,4;36,3;6;0
Sirdal - Sinnes;SN42940;28.09.2019;11,8;9,8;10,8;5,9;0
Sirdal - Sinnes;SN42940;29.09.2019;13,9;7,2;3,2;4,7;0
Sirdal - Sinnes;SN42940;30.09.2019;9,1;5,3;0;6,4;0
Sirdal - Sinnes;SN42940;01.10.2019;7,3;4,2;0;5,7;0
Sirdal - Sinnes;SN42940;02.10.2019;11,4;5,8;0;6,4;0
Sirdal - Sinnes;SN42940;03.10.2019;6,8;4;0;3,7;0
Sirdal - Sinnes;SN42940;04.10.2019;5,2;2;4,6;6,2;0
Sirdal - Sinnes;SN42940;05.10.2019;6,7;0;0;4,3;0
Sirdal - Sinnes;SN42940;06.10.2019;6,1;0,5;0;3,3;0
Sirdal - Sinnes;SN42940;07.10.2019;5;-0,4;0;3,9;0
Sirdal - Sinnes;SN42940;08.10.2019;4,5;3;8,6;4,6;0
Sirdal - Sinnes;SN42940;09.10.2019;8,4;5,6;24,3;5;0
Sirdal - Sinnes;SN42940;10.10.2019;8,1;5,9;12,1;3,8;0
Sirdal - Sinnes;SN42940;11.10.2019;8,6;5,9;16,1;3,5;0
Sirdal - Sinnes;SN42940;12.10.2019;8,8;5,9;24,4;5,5;0
Sirdal - Sinnes;SN42940;13.10.2019;8,9;6,3;9,8;3,2;0
Sirdal - Sinnes;SN42940;14.10.2019;9,8;5,4;10,6;4,1;0
Sirdal - Sinnes;SN42940;15.10.2019;7,4;5,7;9,1;6,9;0
Sirdal - Sinnes;SN42940;16.10.2019;9,4;7,3;15,5;7;0
Sirdal - Sinnes;SN42940;17.10.2019;8,3;6,9;0;5,9;0
Sirdal - Sinnes;SN42940;18.10.2019;7,3;4,9;0;4,4;0
Sirdal - Sinnes;SN42940;19.10.2019;6,8;5,1;0;6,8;0
Sirdal - Sinnes;SN42940;20.10.2019;8;4,9;2,3;3,7;0
Sirdal - Sinnes;SN42940;21.10.2019;6,9;2,4;0,3;3,5;0
Sirdal - Sinnes;SN42940;22.10.2019;7,2;5,8;0;4,2;0
Sirdal - Sinnes;SN42940;23.10.2019;7,7;6,7;0,6;3,4;0
Sirdal - Sinnes;SN42940;24.10.2019;9,3;8,2;0;4,8;0
Sirdal - Sinnes;SN42940;25.10.2019;10,8;4;22;6,7;0
Sirdal - Sinnes;SN42940;26.10.2019;3,6;1,6;5,9;3,4;0
Sirdal - Sinnes;SN42940;27.10.2019;3,8;0,8;2,4;2,5;0
Sirdal - Sinnes;SN42940;28.10.2019;4,7;-0,3;0,3;4,3;0
Sirdal - Sinnes;SN42940;29.10.2019;5,3;-2,8;0;2,5;0
Sirdal - Sinnes;SN42940;30.10.2019;2,9;-1,6;0;4,2;0
Sirdal - Sinnes;SN42940;31.10.2019;4,6;1,1;0;3,7;0
Sirdal - Sinnes;SN42940;01.11.2019;3,8;-0,2;0;4,1;0
Sirdal - Sinnes;SN42940;02.11.2019;2,4;1,1;0,1;6,1;0
Sirdal - Sinnes;SN42940;03.11.2019;1,8;0,5;0,2;9,8;0
Sirdal - Sinnes;SN42940;04.11.2019;1,2;0,5;0,4;7;0
Sirdal - Sinnes;SN42940;05.11.2019;2,8;-2,2;0;8;0
Sirdal - Sinnes;SN42940;06.11.2019;0,7;-5,3;0;2,7;0
Sirdal - Sinnes;SN42940;07.11.2019;0;-6,6;0;4,2;0
Sirdal - Sinnes;SN42940;08.11.2019;0,3;-6,1;0;3,4;0
Sirdal - Sinnes;SN42940;09.11.2019;-0,3;-2,2;0;2,7;0
Sirdal - Sinnes;SN42940;10.11.2019;-0,5;-2,4;2,3;2,4;0
Sirdal - Sinnes;SN42940;11.11.2019;-1,3;-2,6;0,6;5,5;2
Sirdal - Sinnes;SN42940;12.11.2019;2,8;1,2;0,6;5,2;2
Sirdal - Sinnes;SN42940;13.11.2019;3,1;1,2;3,7;4,1;1
Sirdal - Sinnes;SN42940;14.11.2019;2,8;1,1;0;5,5;2
Sirdal - Sinnes;SN42940;15.11.2019;3;-0,5;0;5,1;2
Sirdal - Sinnes;SN42940;16.11.2019;2,7;1,6;2,5;5,5;4
Sirdal - Sinnes;SN42940;17.11.2019;3,7;-0,8;2,9;6,3;5
Sirdal - Sinnes;SN42940;18.11.2019;0,9;-0,1;2;2,8;4
Sirdal - Sinnes;SN42940;19.11.2019;2,2;-1,1;7,2;4,3;9
Sirdal - Sinnes;SN42940;20.11.2019;3,5;-3,4;0;4,2;9
Sirdal - Sinnes;SN42940;21.11.2019;4,1;3,5;0,5;8;8
Sirdal - Sinnes;SN42940;22.11.2019;5,1;4,1;0;6,4;4
Sirdal - Sinnes;SN42940;23.11.2019;5,8;4,2;3,5;6;0
Sirdal - Sinnes;SN42940;24.11.2019;4;2,6;0;5,2;0
Sirdal - Sinnes;SN42940;25.11.2019;2,5;1,3;0;3,8;0
Sirdal - Sinnes;SN42940;26.11.2019;3,2;1,8;4,1;4,3;0
Sirdal - Sinnes;SN42940;27.11.2019;3;2,2;1,9;5,5;0
Sirdal - Sinnes;SN42940;28.11.2019;2,9;0,6;0,3;6,9;0
Sirdal - Sinnes;SN42940;29.11.2019;0,2;-4,6;2,2;2,9;0
Sirdal - Sinnes;SN42940;30.11.2019;0;-2,9;0;8,5;0
Sirdal - Sinnes;SN42940;01.12.2019;0,8;-2,6;0;4,3;0
Sirdal - Sinnes;SN42940;02.12.2019;0;-1,3;1,9;6,1;0
Sirdal - Sinnes;SN42940;03.12.2019;4,8;1,3;1,6;4,5;0
Sirdal - Sinnes;SN42940;04.12.2019;4,5;2;0,6;5,9;0
Sirdal - Sinnes;SN42940;05.12.2019;4,2;2,2;4;7,1;0
Sirdal - Sinnes;SN42940;06.12.2019;3,7;1,5;27,9;3,5;2
Sirdal - Sinnes;SN42940;07.12.2019;2,5;-0,3;6,4;4,1;0
Sirdal - Sinnes;SN42940;08.12.2019;3,7;1,4;18,1;4,7;8
Sirdal - Sinnes;SN42940;09.12.2019;2;-0,3;22,6;8;7
Sirdal - Sinnes;SN42940;10.12.2019;1,1;-1,9;4,6;8,7;8
Sirdal - Sinnes;SN42940;11.12.2019;5,4;1,5;31;7,8;9
Sirdal - Sinnes;SN42940;12.12.2019;1,9;0,2;14,3;6,1;11
Sirdal - Sinnes;SN42940;13.12.2019;0,7;0;3,7;4,9;17
Sirdal - Sinnes;SN42940;14.12.2019;1,1;0,7;0,8;5,7;17
Sirdal - Sinnes;SN42940;15.12.2019;1,3;-2;2,7;5,8;21
Sirdal - Sinnes;SN42940;16.12.2019;0,2;-1,1;6;2,3;26
Sirdal - Sinnes;SN42940;17.12.2019;1,1;-0,6;0,8;2,4;30
Sirdal - Sinnes;SN42940;18.12.2019;0,2;-1,6;0,5;1,4;32
Sirdal - Sinnes;SN42940;19.12.2019;2,8;1,2;2,3;5,2;32
Sirdal - Sinnes;SN42940;20.12.2019;5,5;4;12,8;6,8;20
Sirdal - Sinnes;SN42940;21.12.2019;4,3;2,5;5,2;7,6;14
Sirdal - Sinnes;SN42940;22.12.2019;3,2;2,6;1,6;3,6;12
Sirdal - Sinnes;SN42940;23.12.2019;3,1;1,6;0;3,8;12
Sirdal - Sinnes;SN42940;24.12.2019;1,8;-0,2;8,5;3,5;13
Sirdal - Sinnes;SN42940;25.12.2019;0,6;-1,9;3,4;3,1;13
Sirdal - Sinnes;SN42940;26.12.2019;0,7;-7,5;2,8;3,3;12
Sirdal - Sinnes;SN42940;27.12.2019;-6,9;-9,6;0;3,6;11
Sirdal - Sinnes;SN42940;28.12.2019;1;-0,5;0,9;4,5;15
Sirdal - Sinnes;SN42940;29.12.2019;4,7;3,6;15,1;4,4;15
Sirdal - Sinnes;SN42940;30.12.2019;6,2;3,8;16,2;4,2;10
Sirdal - Sinnes;SN42940;31.12.2019;3,7;1,1;13,3;6,5;9
Sirdal - Sinnes;SN42940;01.01.2020;2,7;2,4;0,6;4,8;9
Sirdal - Sinnes;SN42940;02.01.2020;3,3;2,5;3,6;6,1;8
Sirdal - Sinnes;SN42940;03.01.2020;4,2;1,3;15,2;7,4;4
Sirdal - Sinnes;SN42940;04.01.2020;1,1;-2,3;13,4;8,5;5
Sirdal - Sinnes;SN42940;05.01.2020;2,9;-1,4;4,8;6,6;6
Sirdal - Sinnes;SN42940;06.01.2020;3,5;1,8;3,5;5,1;7
Sirdal - Sinnes;SN42940;07.01.2020;3;2;4,2;7,7;5
Sirdal - Sinnes;SN42940;08.01.2020;6,2;2,6;31,9;6,9;0
Sirdal - Sinnes;SN42940;09.01.2020;2;-0,6;8,3;5,8;11
Sirdal - Sinnes;SN42940;10.01.2020;0;-7,4;0,9;4,9;12
Sirdal - Sinnes;SN42940;11.01.2020;4,3;1,3;0;6;14
Sirdal - Sinnes;SN42940;12.01.2020;4,4;0,6;0;4,8;10
Sirdal - Sinnes;SN42940;13.01.2020;1,5;0,2;0;5,8;13
Sirdal - Sinnes;SN42940;14.01.2020;2,6;1,4;19,6;9,9;17
Sirdal - Sinnes;SN42940;15.01.2020;2,7;1,6;17,3;7,3;18
Sirdal - Sinnes;SN42940;16.01.2020;3;2,5;20;5,7;19
Sirdal - Sinnes;SN42940;17.01.2020;4,7;2,3;26,3;7;17
Sirdal - Sinnes;SN42940;18.01.2020;2,4;0,9;21,1;3,4;15
Sirdal - Sinnes;SN42940;19.01.2020;1,5;0,5;4,4;7,9;16
Sirdal - Sinnes;SN42940;20.01.2020;5;2,9;0;5,5;16
Sirdal - Sinnes;SN42940;21.01.2020;5,9;3,4;3,6;6,9;14
Sirdal - Sinnes;SN42940;22.01.2020;2,9;0,9;2,3;6,2;12
Sirdal - Sinnes;SN42940;23.01.2020;4,6;1,8;0;4,1;13
Sirdal - Sinnes;SN42940;24.01.2020;3,5;2,1;1,6;4,9;10
Sirdal - Sinnes;SN42940;25.01.2020;2,8;1,5;0,9;4,7;9
Sirdal - Sinnes;SN42940;26.01.2020;3;1,8;4,5;4,2;8
Sirdal - Sinnes;SN42940;27.01.2020;2,7;0,6;18;4,5;7
Sirdal - Sinnes;SN42940;28.01.2020;1,3;-0,2;6,2;4,2;8
Sirdal - Sinnes;SN42940;29.01.2020;1,3;-1,3;5,2;5,2;13
Sirdal - Sinnes;SN42940;30.01.2020;0;-1,7;1,5;3,7;15
Sirdal - Sinnes;SN42940;31.01.2020;2,1;0,5;12,7;4,4;25
Sirdal - Sinnes;SN42940;01.02.2020;3,9;2,4;10,2;4,5;18
Sirdal - Sinnes;SN42940;02.02.2020;2,5;-0,8;11,6;6,5;14
Sirdal - Sinnes;SN42940;03.02.2020;-1,3;-5,1;0;7,5;14
Sirdal - Sinnes;SN42940;04.02.2020;1,6;-5,7;9,8;4,5;30
Sirdal - Sinnes;SN42940;05.02.2020;4;-1,7;0,3;5,9;27
Sirdal - Sinnes;SN42940;06.02.2020;5,2;2,3;6,2;9,3;18
Sirdal - Sinnes;SN42940;07.02.2020;4,2;-1,1;0;3,6;15
Sirdal - Sinnes;SN42940;08.02.2020;2,4;1,6;0,5;7,3;15
Sirdal - Sinnes;SN42940;09.02.2020;4,6;2,1;15,3;8,3;15
Sirdal - Sinnes;SN42940;10.02.2020;3,6;0,3;52,6;7;17
Sirdal - Sinnes;SN42940;11.02.2020;1,3;-0,8;15,6;6,2;33
Sirdal - Sinnes;SN42940;12.02.2020;0,5;-1,1;12,2;6;45
Sirdal - Sinnes;SN42940;13.02.2020;-1,2;-6,1;10,1;5,3;49
Sirdal - Sinnes;SN42940;14.02.2020;0,6;-6,8;0;5,9;46
Sirdal - Sinnes;SN42940;15.02.2020;3,3;2,3;5,8;5,8;47
Sirdal - Sinnes;SN42940;16.02.2020;5;2,2;37,9;8,4;35
Sirdal - Sinnes;SN42940;17.02.2020;3,8;2,1;27,2;8,1;36
Sirdal - Sinnes;SN42940;18.02.2020;3;0,6;26;6,7;34
Sirdal - Sinnes;SN42940;19.02.2020;3,8;-1,9;11,5;2,9;46
Sirdal - Sinnes;SN42940;20.02.2020;3,7;1,2;2,2;5,7;44
Sirdal - Sinnes;SN42940;21.02.2020;2,9;1,5;22;6,7;45
Sirdal - Sinnes;SN42940;22.02.2020;4,4;1,4;36,2;10,1;39
Sirdal - Sinnes;SN42940;23.02.2020;1,3;-0,2;28,3;9,7;48
Sirdal - Sinnes;SN42940;24.02.2020;2,6;-2,3;26,7;3,2;63
Sirdal - Sinnes;SN42940;25.02.2020;-1,1;-2,6;0;7,7;59
Sirdal - Sinnes;SN42940;26.02.2020;-1,8;-4,7;1,1;4,2;58
Sirdal - Sinnes;SN42940;27.02.2020;-2,9;-4,4;2,8;6,4;57
Sirdal - Sinnes;SN42940;28.02.2020;3,1;-1,6;0,5;5,2;60
Sirdal - Sinnes;SN42940;29.02.2020;-0,1;-1;5,6;8,9;64
Sirdal - Sinnes;SN42940;01.03.2020;1,6;0;12,3;11,3;67
Sirdal - Sinnes;SN42940;02.03.2020;2,2;0,5;21,4;5,3;70
Sirdal - Sinnes;SN42940;03.03.2020;1,8;0,4;7,1;7,2;73
Sirdal - Sinnes;SN42940;04.03.2020;4;-1,9;2,5;4,9;75
Sirdal - Sinnes;SN42940;05.03.2020;2,7;-6,7;0;2,5;72
Sirdal - Sinnes;SN42940;06.03.2020;-0,2;-9,6;0;3,1;70
Sirdal - Sinnes;SN42940;07.03.2020;0,5;-7;0;7,1;71
Sirdal - Sinnes;SN42940;08.03.2020;3,8;2;12,8;6;72
Sirdal - Sinnes;SN42940;09.03.2020;4,1;1,6;25,8;3,9;69
Sirdal - Sinnes;SN42940;10.03.2020;2,3;1,4;2,9;4,6;68
Sirdal - Sinnes;SN42940;11.03.2020;3,1;1,3;13,4;5,9;71
Sirdal - Sinnes;SN42940;12.03.2020;2,3;-0,2;12;5;74
Sirdal - Sinnes;SN42940;13.03.2020;0,6;-5;15,9;5,9;90
Sirdal - Sinnes;SN42940;14.03.2020;-0,6;-8;0;6,7;86
Sirdal - Sinnes;SN42940;15.03.2020;3,3;1,6;16,1;7;86
Sirdal - Sinnes;SN42940;16.03.2020;7;0,8;30,7;4,2;81
Sirdal - Sinnes;SN42940;17.03.2020;5,5;2,2;7,1;4,3;82
Sirdal - Sinnes;SN42940;18.03.2020;3,1;0,4;7,8;6;80
Sirdal - Sinnes;SN42940;19.03.2020;3,4;0,8;7,1;5,4;83
Sirdal - Sinnes;SN42940;20.03.2020;5;-2,4;4,2;5,3;79
Sirdal - Sinnes;SN42940;21.03.2020;2,1;-5,8;0;4,5;79
Sirdal - Sinnes;SN42940;22.03.2020;2,1;-3,5;0;4,9;79
Sirdal - Sinnes;SN42940;23.03.2020;2,6;-0,1;0;6,1;78
Sirdal - Sinnes;SN42940;24.03.2020;4;1,3;0;7;77
Sirdal - Sinnes;SN42940;25.03.2020;2,7;1,8;0;5,5;75
Sirdal - Sinnes;SN42940;26.03.2020;6,1;2,1;0,1;2,8;72
Sirdal - Sinnes;SN42940;27.03.2020;5,6;0,9;0;4;70
Sirdal - Sinnes;SN42940;28.03.2020;2,4;-1,3;0,1;7,2;67
Sirdal - Sinnes;SN42940;29.03.2020;0,3;-3,9;0;4,8;67
Sirdal - Sinnes;SN42940;30.03.2020;4,8;-0,9;1,1;3,6;66
Sirdal - Sinnes;SN42940;31.03.2020;4,7;-0,8;0,1;5;65
Sirdal - Sinnes;SN42940;01.04.2020;3,7;1,9;0,2;5,6;61
Sirdal - Sinnes;SN42940;02.04.2020;2,6;-0,1;5,3;9,9;60
Sirdal - Sinnes;SN42940;03.04.2020;0,4;-2,2;16,2;7,6;65
Sirdal - Sinnes;SN42940;04.04.2020;3;-1;2,5;2,9;65
Sirdal - Sinnes;SN42940;05.04.2020;6,7;3,8;2,7;4,9;64
Sirdal - Sinnes;SN42940;06.04.2020;8,7;4,7;0;7,1;61
Sirdal - Sinnes;SN42940;07.04.2020;9,4;3,4;4,4;3,7;56
Sirdal - Sinnes;SN42940;08.04.2020;7,1;2,3;0;3,4;51
Sirdal - Sinnes;SN42940;09.04.2020;3,8;0,9;0,6;4,5;49
Sirdal - Sinnes;SN42940;10.04.2020;5;0,6;0;5;48
Sirdal - Sinnes;SN42940;11.04.2020;2,8;1,6;0,4;4;45
Sirdal - Sinnes;SN42940;12.04.2020;4,8;2,2;10,7;6,9;44
Sirdal - Sinnes;SN42940;13.04.2020;1,7;-1;0,3;7,6;40
Sirdal - Sinnes;SN42940;14.04.2020;3,5;0,6;0;7,2;39
Sirdal - Sinnes;SN42940;15.04.2020;5,3;3,9;2,1;5,3;36
Sirdal - Sinnes;SN42940;16.04.2020;5,5;2,4;2,7;7,4;31
Sirdal - Sinnes;SN42940;17.04.2020;7,5;-0,3;0;5,4;26
Sirdal - Sinnes;SN42940;18.04.2020;7,8;0,7;0;3,8;21
Sirdal - Sinnes;SN42940;19.04.2020;9,9;2,4;0;5,1;18
Sirdal - Sinnes;SN42940;20.04.2020;12;4,5;0;3,3;13
Sirdal - Sinnes;SN42940;21.04.2020;12,9;5;0;4,6;7
Sirdal - Sinnes;SN42940;22.04.2020;13,8;5,2;0;4,7;0
Sirdal - Sinnes;SN42940;23.04.2020;11,9;4,7;0;4,1;0
Sirdal - Sinnes;SN42940;24.04.2020;9,1;3,7;0;6,3;0
Sirdal - Sinnes;SN42940;25.04.2020;9,3;2,6;0;4;0
Sirdal - Sinnes;SN42940;26.04.2020;9,6;3,6;0;4;0
Sirdal - Sinnes;SN42940;27.04.2020;6,6;2,9;3,4;4,6;0
Sirdal - Sinnes;SN42940;28.04.2020;7,4;3;1,6;4,5;0
Sirdal - Sinnes;SN42940;29.04.2020;5,1;2,4;0;3,8;0
Sirdal - Sinnes;SN42940;30.04.2020;2,8;2;1,1;7,6;0
Sirdal - Sinnes;SN42940;01.05.2020;8,9;3,8;0,4;8,8;0
Sirdal - Sinnes;SN42940;02.05.2020;10,2;4,1;0;4,5;0
Sirdal - Sinnes;SN42940;03.05.2020;7,9;3,6;0;5,8;0
Sirdal - Sinnes;SN42940;04.05.2020;6,6;2,3;1,9;5,9;0
Sirdal - Sinnes;SN42940;05.05.2020;8,6;2,7;0;4,3;0
Sirdal - Sinnes;SN42940;06.05.2020;8;4,6;0;4,9;0
Sirdal - Sinnes;SN42940;07.05.2020;9,7;5;0;5,8;0
Sirdal - Sinnes;SN42940;08.05.2020;7,5;4;0;4,6;0
Sirdal - Sinnes;SN42940;09.05.2020;10,5;4,7;0;4,7;0
Sirdal - Sinnes;SN42940;10.05.2020;6,1;1;7,2;6,2;0
Sirdal - Sinnes;SN42940;11.05.2020;5,7;0,3;0,9;5,2;0
Sirdal - Sinnes;SN42940;12.05.2020;3,1;0;4,2;4,9;0
Sirdal - Sinnes;SN42940;13.05.2020;6;0,2;0;5,6;0
Sirdal - Sinnes;SN42940;14.05.2020;6,8;2,1;0;5,9;0
Sirdal - Sinnes;SN42940;15.05.2020;6;3;2,8;5,9;0
Sirdal - Sinnes;SN42940;16.05.2020;4,2;1,2;2,2;6,7;0
Sirdal - Sinnes;SN42940;17.05.2020;5,6;2,8;6,6;6,2;0
Sirdal - Sinnes;SN42940;18.05.2020;8,4;3,9;0,3;4,4;0
Sirdal - Sinnes;SN42940;19.05.2020;9,4;4,9;0,2;4,5;0
Sirdal - Sinnes;SN42940;20.05.2020;13,1;6,7;0;4;0
Sirdal - Sinnes;SN42940;21.05.2020;14,7;9,9;0;5,1;0
Sirdal - Sinnes;SN42940;22.05.2020;12,2;9;0;6,9;0
Sirdal - Sinnes;SN42940;23.05.2020;10,2;7,3;20,7;6,1;0
Sirdal - Sinnes;SN42940;24.05.2020;7,9;6,4;12,4;5,5;0
Sirdal - Sinnes;SN42940;25.05.2020;16,1;9,9;5,9;4,8;0
Sirdal - Sinnes;SN42940;26.05.2020;14,5;9;0;5,8;0
Sirdal - Sinnes;SN42940;27.05.2020;10,5;7,3;0;6,5;0
Sirdal - Sinnes;SN42940;28.05.2020;12,5;7,4;0;5,6;0
Sirdal - Sinnes;SN42940;29.05.2020;18,2;9,6;0;5,5;0
Sirdal - Sinnes;SN42940;30.05.2020;19,5;11,9;0;6,1;0
Sirdal - Sinnes;SN42940;31.05.2020;20,4;12,5;0;4,9;0
Sirdal - Sinnes;SN42940;01.06.2020;20;11,7;3,4;5;0
Sirdal - Sinnes;SN42940;02.06.2020;17,5;11;0;5;0
Sirdal - Sinnes;SN42940;03.06.2020;19,3;12,2;0;3,9;0
Sirdal - Sinnes;SN42940;04.06.2020;14,5;9,1;1,5;4,1;0
Sirdal - Sinnes;SN42940;05.06.2020;10,2;7,2;14,3;9,1;0
Sirdal - Sinnes;SN42940;06.06.2020;12;7;29,6;4;0
Sirdal - Sinnes;SN42940;07.06.2020;9,5;7,4;3,5;2,9;0
Sirdal - Sinnes;SN42940;08.06.2020;17,3;10,3;2,2;4,2;0
Sirdal - Sinnes;SN42940;09.06.2020;14,1;9,9;0;3,8;0
Sirdal - Sinnes;SN42940;10.06.2020;13,6;9,7;0;4,1;0
Sirdal - Sinnes;SN42940;11.06.2020;21,2;15,3;0;6,3;0
Sirdal - Sinnes;SN42940;12.06.2020;21,8;15,7;0;6,1;0
Sirdal - Sinnes;SN42940;13.06.2020;21,1;16;0,1;7,8;0
Sirdal - Sinnes;SN42940;14.06.2020;21,3;15,7;7,4;4,7;0
Sirdal - Sinnes;SN42940;15.06.2020;23,2;14,6;0;5,3;0
Sirdal - Sinnes;SN42940;16.06.2020;26;17,4;0;4,5;0
Sirdal - Sinnes;SN42940;17.06.2020;24,9;15,7;0,1;4,1;0
Sirdal - Sinnes;SN42940;18.06.2020;25,2;16,5;1,1;4,5;0
Sirdal - Sinnes;SN42940;19.06.2020;23,7;17,8;0,4;4;0
Sirdal - Sinnes;SN42940;20.06.2020;20,9;17;2,2;5,3;0
Sirdal - Sinnes;SN42940;21.06.2020;19,8;15,2;0,7;5,3;0
Sirdal - Sinnes;SN42940;22.06.2020;17,8;13;5,3;4,7;0
Sirdal - Sinnes;SN42940;23.06.2020;21,1;14;0;3,6;0
Sirdal - Sinnes;SN42940;24.06.2020;24,5;16,8;0;4;0
Sirdal - Sinnes;SN42940;25.06.2020;25,5;17,9;0;4,5;0
Sirdal - Sinnes;SN42940;26.06.2020;24,6;18,5;0;4,7;0
Sirdal - Sinnes;SN42940;27.06.2020;24,4;19;0,9;5,7;0
Sirdal - Sinnes;SN42940;28.06.2020;20,5;13,5;6,6;7,2;0
Sirdal - Sinnes;SN42940;29.06.2020;12,9;10,4;10;5,1;0
Sirdal - Sinnes;SN42940;30.06.2020;14,9;11,3;12,8;4,5;0
Sirdal - Sinnes;SN42940;01.07.2020;13,9;9,8;3,2;4,6;0
Sirdal - Sinnes;SN42940;02.07.2020;12;7,8;0;6,7;0
Sirdal - Sinnes;SN42940;03.07.2020;10;7,4;0,2;5,3;0
Sirdal - Sinnes;SN42940;04.07.2020;14,2;10,8;12,6;3,9;0
Sirdal - Sinnes;SN42940;05.07.2020;14,2;10;5,5;7,4;0
Sirdal - Sinnes;SN42940;06.07.2020;10,5;8,1;33,3;5,7;0
Sirdal - Sinnes;SN42940;07.07.2020;9,6;6,5;6,3;5,4;0
Sirdal - Sinnes;SN42940;08.07.2020;13,2;8,8;2,4;5,7;0
Sirdal - Sinnes;SN42940;09.07.2020;16,1;9,7;0;4,4;0
Sirdal - Sinnes;SN42940;10.07.2020;15,8;9,3;0;5;0
Sirdal - Sinnes;SN42940;11.07.2020;12,8;9;1,6;5,6;0
Sirdal - Sinnes;SN42940;12.07.2020;14,2;10;0,4;5,1;0
Sirdal - Sinnes;SN42940;13.07.2020;14,4;10,6;0;4,6;0
Sirdal - Sinnes;SN42940;14.07.2020;14,1;11,3;4,7;2,7;0
Sirdal - Sinnes;SN42940;15.07.2020;16,9;12,1;5,3;3,7;0
Sirdal - Sinnes;SN42940;16.07.2020;19,7;13,2;0,3;4,4;0
Sirdal - Sinnes;SN42940;17.07.2020;16;12;0;3,5;0
Sirdal - Sinnes;SN42940;18.07.2020;15;13,1;7,9;4,8;0
Sirdal - Sinnes;SN42940;19.07.2020;16,4;11,6;20,5;2,9;0
Sirdal - Sinnes;SN42940;20.07.2020;14,2;9,7;1,8;5,7;0
Sirdal - Sinnes;SN42940;21.07.2020;13;9,4;0;6;0
Sirdal - Sinnes;SN42940;22.07.2020;14;9;0;4,9;0
Sirdal - Sinnes;SN42940;23.07.2020;17,6;10,5;0;4,4;0
Sirdal - Sinnes;SN42940;24.07.2020;17,7;12,1;8,6;4,2;0
Sirdal - Sinnes;SN42940;25.07.2020;17,7;11,3;0,1;4,9;0
Sirdal - Sinnes;SN42940;26.07.2020;15,1;12,9;7,2;5,2;0
Sirdal - Sinnes;SN42940;27.07.2020;14,2;12,1;40,8;5,1;0
Sirdal - Sinnes;SN42940;28.07.2020;13,4;11;21,4;8;0
Sirdal - Sinnes;SN42940;29.07.2020;14,6;11,2;22,7;4,6;0
Sirdal - Sinnes;SN42940;30.07.2020;14,1;11,4;5,4;4,6;0
Sirdal - Sinnes;SN42940;31.07.2020;22,4;14,3;0;3,5;0
Sirdal - Sinnes;SN42940;01.08.2020;21,4;14,7;0;5;0
Sirdal - Sinnes;SN42940;02.08.2020;16,3;13;3;4,4;0
Sirdal - Sinnes;SN42940;03.08.2020;14;10,3;1,9;4,8;0
Sirdal - Sinnes;SN42940;04.08.2020;13,9;9,4;0,1;4,4;0
Sirdal - Sinnes;SN42940;05.08.2020;15,3;12,7;6,6;4,7;0
Sirdal - Sinnes;SN42940;06.08.2020;22,2;16,5;6;4,4;0
Sirdal - Sinnes;SN42940;07.08.2020;20;16,4;1,6;3,7;0
Sirdal - Sinnes;SN42940;08.08.2020;22,3;15,8;0,3;4,9;0
Sirdal - Sinnes;SN42940;09.08.2020;22,7;14,6;0;4,4;0
Sirdal - Sinnes;SN42940;10.08.2020;24,7;16,1;0;3,6;0
Sirdal - Sinnes;SN42940;11.08.2020;25,5;17,9;1;3;0
Sirdal - Sinnes;SN42940;12.08.2020;24,7;17,2;0,5;3,8;0
Sirdal - Sinnes;SN42940;13.08.2020;25;17,1;0,2;4,7;0
Sirdal - Sinnes;SN42940;14.08.2020;25,2;16,7;0,5;4,3;0
Sirdal - Sinnes;SN42940;15.08.2020;27,2;17,3;0;3,6;0
Sirdal - Sinnes;SN42940;16.08.2020;25,8;16,7;0;4;0
Sirdal - Sinnes;SN42940;17.08.2020;25,3;16;0;4,2;0
Sirdal - Sinnes;SN42940;18.08.2020;24,3;16,7;0;4,6;0
Sirdal - Sinnes;SN42940;19.08.2020;20;15,4;0,8;4,2;0
Sirdal - Sinnes;SN42940;20.08.2020;17,6;15;0,3;4,7;0
Sirdal - Sinnes;SN42940;21.08.2020;18,6;14,8;4,1;8,1;0
Sirdal - Sinnes;SN42940;22.08.2020;14,5;12,5;23,8;7,1;0
Sirdal - Sinnes;SN42940;23.08.2020;13,5;10,8;21,8;4,3;0
Sirdal - Sinnes;SN42940;24.08.2020;11,8;8,1;4,8;4,5;0
Sirdal - Sinnes;SN42940;25.08.2020;13,2;9,1;0;3,8;0
Sirdal - Sinnes;SN42940;26.08.2020;15,4;10,6;1,2;5,4;0
Sirdal - Sinnes;SN42940;27.08.2020;17,3;10,1;0;4;0
Sirdal - Sinnes;SN42940;28.08.2020;15,1;10;0;3,8;0
Sirdal - Sinnes;SN42940;29.08.2020;17,4;11,4;0,5;4,7;0
Sirdal - Sinnes;SN42940;30.08.2020;16,8;10,4;0;4,2;0
Sirdal - Sinnes;SN42940;31.08.2020;16,5;10;0,1;4,3;0
Sirdal - Sinnes;SN42940;01.09.2020;17,3;10;0;4,3;0
Sirdal - Sinnes;SN42940;02.09.2020;17;10,1;0;5,3;0
Sirdal - Sinnes;SN42940;03.09.2020;12,3;10,6;0;4,8;0
Sirdal - Sinnes;SN42940;04.09.2020;12,2;9,7;12;4,8;0
Sirdal - Sinnes;SN42940;05.09.2020;12;8;13,9;4,8;0
Sirdal - Sinnes;SN42940;06.09.2020;11,6;8,5;7,5;4,9;0
Sirdal - Sinnes;SN42940;07.09.2020;10,3;8,2;1,4;5,3;0
Sirdal - Sinnes;SN42940;08.09.2020;11,8;10,1;4,3;4,6;0
Sirdal - Sinnes;SN42940;09.09.2020;11,9;8,6;27,8;6;0
Sirdal - Sinnes;SN42940;10.09.2020;9,4;6,2;6,1;6,2;0
Sirdal - Sinnes;SN42940;11.09.2020;9,3;7,6;1,1;4,4;0
Sirdal - Sinnes;SN42940;12.09.2020;11;8,2;18,8;5,7;0
Sirdal - Sinnes;SN42940;13.09.2020;12,3;9,6;12,8;4,1;0
Sirdal - Sinnes;SN42940;14.09.2020;16,4;12,8;7,8;5;0
Sirdal - Sinnes;SN42940;15.09.2020;18,5;11,6;0;3,9;0
Sirdal - Sinnes;SN42940;16.09.2020;14,2;9,7;0;6,3;0
Sirdal - Sinnes;SN42940;17.09.2020;14,3;5,8;0;4,1;0
Sirdal - Sinnes;SN42940;18.09.2020;15;8;0;5,4;0
Sirdal - Sinnes;SN42940;19.09.2020;18,9;10,8;0;4,8;0
Sirdal - Sinnes;SN42940;20.09.2020;17,9;10,2;0;4,4;0
Sirdal - Sinnes;SN42940;21.09.2020;13,2;8,5;0;4,5;0
Sirdal - Sinnes;SN42940;22.09.2020;11,7;9,1;0;5,4;0
Sirdal - Sinnes;SN42940;23.09.2020;11,8;10,9;4,9;3,3;0
Sirdal - Sinnes;SN42940;24.09.2020;11,7;8,8;26,1;9,8;0
Sirdal - Sinnes;SN42940;25.09.2020;9,8;6,7;11,5;4,8;0
Sirdal - Sinnes;SN42940;26.09.2020;11,6;9;0,2;8;0
Sirdal - Sinnes;SN42940;27.09.2020;18;12,9;0;6,6;0
Sirdal - Sinnes;SN42940;28.09.2020;18,5;11,9;0;5,2;0
Sirdal - Sinnes;SN42940;29.09.2020;13,1;10,9;2,5;5;0
Sirdal - Sinnes;SN42940;30.09.2020;13,3;10,9;3,9;4,7;0
Sirdal - Sinnes;SN42940;01.10.2020;12,6;10,3;2,7;6,7;0
Sirdal - Sinnes;SN42940;02.10.2020;11,8;10,8;0,5;9,6;0
Sirdal - Sinnes;SN42940;03.10.2020;12,2;10,8;5,7;6,9;0
Sirdal - Sinnes;SN42940;04.10.2020;12,6;10,9;0;10,2;0
Sirdal - Sinnes;SN42940;05.10.2020;11,7;9;21,2;4;0
Sirdal - Sinnes;SN42940;06.10.2020;11;9,5;1,8;7,6;0
Sirdal - Sinnes;SN42940;07.10.2020;11,1;8,3;0,3;4,8;0
Sirdal - Sinnes;SN42940;08.10.2020;9;6,7;7;4,9;0
Sirdal - Sinnes;SN42940;09.10.2020;7,1;4,6;14,7;4,9;0
Sirdal - Sinnes;SN42940;10.10.2020;8,7;4,6;4,4;4,3;0
Sirdal - Sinnes;SN42940;11.10.2020;11,7;4,2;0,1;4,3;0
Sirdal - Sinnes;SN42940;12.10.2020;9,6;4,2;0;2,5;0
Sirdal - Sinnes;SN42940;13.10.2020;9,8;5,4;0;5,7;0
Sirdal - Sinnes;SN42940;14.10.2020;10,2;2,5;0;4,7;0
Sirdal - Sinnes;SN42940;15.10.2020;12,2;1,8;0,3;2,5;0
Sirdal - Sinnes;SN42940;16.10.2020;12,6;2,7;0;3,2;0
Sirdal - Sinnes;SN42940;17.10.2020;8,9;3,1;0;7,6;0
Sirdal - Sinnes;SN42940;18.10.2020;4,9;0,6;0;5,7;0
Sirdal - Sinnes;SN42940;19.10.2020;3,9;-0,1;0;2,7;0
Sirdal - Sinnes;SN42940;20.10.2020;4,9;3,6;20,2;6,5;0
Sirdal - Sinnes;SN42940;21.10.2020;9,5;6,7;11,6;5,4;0
Sirdal - Sinnes;SN42940;22.10.2020;9,5;7,5;17,1;4,5;0
Sirdal - Sinnes;SN42940;23.10.2020;6,7;4,2;13,7;3,6;0
Sirdal - Sinnes;SN42940;24.10.2020;6,5;5,6;3,9;5,7;0
Sirdal - Sinnes;SN42940;25.10.2020;11,4;7,4;32,1;8,7;0
Sirdal - Sinnes;SN42940;26.10.2020;7,1;5,3;7,5;4,4;0
Sirdal - Sinnes;SN42940;27.10.2020;6,4;5;5,3;4;0
Sirdal - Sinnes;SN42940;28.10.2020;6,5;4,8;7,4;6,3;0
Sirdal - Sinnes;SN42940;29.10.2020;6,4;4,2;23,1;3,7;0
Sirdal - Sinnes;SN42940;30.10.2020;6,8;5,5;1;4,3;0
Sirdal - Sinnes;SN42940;31.10.2020;8,1;4,3;4,2;5,2;0
Sirdal - Sinnes;SN42940;01.11.2020;9,2;6,3;13,1;8;0
Sirdal - Sinnes;SN42940;02.11.2020;10,7;6,6;27,2;8,4;0
Sirdal - Sinnes;SN42940;03.11.2020;7;3,7;9,8;4,6;0
Sirdal - Sinnes;SN42940;04.11.2020;4,9;3;3,8;5,4;0
Sirdal - Sinnes;SN42940;05.11.2020;9,7;7,9;2,5;4,7;0
Sirdal - Sinnes;SN42940;06.11.2020;9,2;6,2;1,3;6,6;0
Sirdal - Sinnes;SN42940;07.11.2020;6,2;3,2;0;2,7;0
Sirdal - Sinnes;SN42940;08.11.2020;6,3;0,1;1,5;1,4;0
Sirdal - Sinnes;SN42940;09.11.2020;8,8;0,8;0;3,6;0
Sirdal - Sinnes;SN42940;10.11.2020;6,5;4,6;0;3,4;0
Sirdal - Sinnes;SN42940;11.11.2020;6;5,1;0;4,1;0
Sirdal - Sinnes;SN42940;12.11.2020;6,2;5;0,2;8,7;0
Sirdal - Sinnes;SN42940;13.11.2020;6,3;4,7;0,4;5,5;0
Sirdal - Sinnes;SN42940;14.11.2020;6,3;4,2;14,9;6,1;0
Sirdal - Sinnes;SN42940;15.11.2020;9,3;8,4;21,2;7,8;0
Sirdal - Sinnes;SN42940;16.11.2020;9,6;4,7;35,9;7,3;0
Sirdal - Sinnes;SN42940;17.11.2020;8,7;6,3;13,5;3,4;0
Sirdal - Sinnes;SN42940;18.11.2020;8,9;8;18,7;5,5;0
Sirdal - Sinnes;SN42940;19.11.2020;8,4;-0,3;38,4;7,6;0
Sirdal - Sinnes;SN42940;20.11.2020;0;-2,7;6,5;5,3;3
Sirdal - Sinnes;SN42940;21.11.2020;5,2;3;18,2;6,3;0
Sirdal - Sinnes;SN42940;22.11.2020;4,8;2,6;21,3;7,4;0
Sirdal - Sinnes;SN42940;23.11.2020;3,3;2,1;22,2;4,7;0
Sirdal - Sinnes;SN42940;24.11.2020;5,6;3,5;19,9;3,3;0
Sirdal - Sinnes;SN42940;25.11.2020;6,8;5;19,2;5,8;0
Sirdal - Sinnes;SN42940;26.11.2020;3,4;-0,2;6,9;5,1;0
Sirdal - Sinnes;SN42940;27.11.2020;-0,7;-4,8;0;2,3;0
Sirdal - Sinnes;SN42940;28.11.2020;1,7;-1,9;0;3;0
Sirdal - Sinnes;SN42940;29.11.2020;1,1;-0,6;0;2,5;0
Sirdal - Sinnes;SN42940;30.11.2020;3,2;0,9;1,9;3,2;0
Sirdal - Sinnes;SN42940;01.12.2020;2,9;-1,5;10,2;3,4;0
Sirdal - Sinnes;SN42940;02.12.2020;2;-0,4;0;4,9;0
Sirdal - Sinnes;SN42940;03.12.2020;1,5;0,4;6,6;4,8;4
Sirdal - Sinnes;SN42940;04.12.2020;0,6;-0,4;12,5;6,9;12
Sirdal - Sinnes;SN42940;05.12.2020;2,1;1;24,7;7,4;10
Sirdal - Sinnes;SN42940;06.12.2020;2,5;1,8;0,8;5,1;10
Sirdal - Sinnes;SN42940;07.12.2020;4,2;3,2;1,6;8,4;8
Sirdal - Sinnes;SN42940;08.12.2020;3,4;2,4;7,5;6,9;0
Sirdal - Sinnes;SN42940;09.12.2020;2,1;1,4;0,1;4,8;0
Sirdal - Sinnes;SN42940;10.12.2020;2,3;1,3;0,1;4,1;0
Sirdal - Sinnes;SN42940;11.12.2020;1,1;0,3;3;4,9;3
Sirdal - Sinnes;SN42940;12.12.2020;1;0,4;1,3;8,1;2
Sirdal - Sinnes;SN42940;13.12.2020;2;1,5;2,2;4,3;0
Sirdal - Sinnes;SN42940;14.12.2020;2,1;1,6;1;5,5;0
Sirdal - Sinnes;SN42940;15.12.2020;4,4;1,8;23;5;0
Sirdal - Sinnes;SN42940;16.12.2020;3,9;2,3;13,1;3;0
Sirdal - Sinnes;SN42940;17.12.2020;4,2;2;4,3;4,1;0
Sirdal - Sinnes;SN42940;18.12.2020;5,9;4,3;12,5;4,6;0
Sirdal - Sinnes;SN42940;19.12.2020;6,3;5,1;6,7;4,5;0
Sirdal - Sinnes;SN42940;20.12.2020;5,9;3,6;17,8;5,9;0
Sirdal - Sinnes;SN42940;21.12.2020;3,2;1,4;21,1;3,6;0
Sirdal - Sinnes;SN42940;22.12.2020;3,2;1,7;8,2;4,9;0
Sirdal - Sinnes;SN42940;23.12.2020;2,5;0;10,1;5;0
Sirdal - Sinnes;SN42940;24.12.2020;-2;-5,5;0,2;4,1;0
Sirdal - Sinnes;SN42940;25.12.2020;-5,1;-7,3;0;4,6;0
Sirdal - Sinnes;SN42940;26.12.2020;0,6;-1,4;2,3;3,3;0
Sirdal - Sinnes;SN42940;27.12.2020;2,9;1,4;28,8;7,3;10
Sirdal - Sinnes;SN42940;28.12.2020;1,3;0,8;28,6;5,6;8
Sirdal - Sinnes;SN42940;29.12.2020;1,6;1;1,2;5,5;11
Sirdal - Sinnes;SN42940;30.12.2020;1,6;0,8;0,5;4,6;9
Sirdal - Sinnes;SN42940;31.12.2020;1,2;-4;0;4,7;9
Sirdal - Sinnes;SN42940;01.01.2021;-2,1;-6;0,9;1,9;9
Sirdal - Sinnes;SN42940;02.01.2021;-3,1;-5,3;0;2;12
Sirdal - Sinnes;SN42940;03.01.2021;-0,5;-5,3;0;3,5;9
Sirdal - Sinnes;SN42940;04.01.2021;-2,8;-7,9;0;6;7
Sirdal - Sinnes;SN42940;05.01.2021;-0,8;-7,2;0;7,9;11
Sirdal - Sinnes;SN42940;06.01.2021;-9,4;-14,5;0;2,3;8
Sirdal - Sinnes;SN42940;07.01.2021;-13,7;-15,9;0;3,2;6
Sirdal - Sinnes;SN42940;08.01.2021;-9,6;-14;0;5,2;10
Sirdal - Sinnes;SN42940;09.01.2021;-8,2;-12,2;0;2,3;9
Sirdal - Sinnes;SN42940;10.01.2021;-1,4;-3,6;5,7;4,2;20
Sirdal - Sinnes;SN42940;11.01.2021;-1,3;-6,2;8,8;2,7;40
Sirdal - Sinnes;SN42940;12.01.2021;-1,7;-8,4;6,9;5,5;41
Sirdal - Sinnes;SN42940;13.01.2021;-0,9;-5,9;1,7;7,8;39
Sirdal - Sinnes;SN42940;14.01.2021;-5,1;-17,4;0;2,9;35
Sirdal - Sinnes;SN42940;15.01.2021;-13,2;-20,9;0;2,4;36
Sirdal - Sinnes;SN42940;16.01.2021;-6,7;-15,8;0;5,4;34
Sirdal - Sinnes;SN42940;17.01.2021;-3,7;-4,8;0,4;8,7;31
Sirdal - Sinnes;SN42940;18.01.2021;0,3;-3,5;3,3;3,6;35
Sirdal - Sinnes;SN42940;19.01.2021;-0,1;-2,5;5;6,1;39
Sirdal - Sinnes;SN42940;20.01.2021;0,2;-0,4;1,1;8;36
Sirdal - Sinnes;SN42940;21.01.2021;3;1,1;19,2;10,2;35
Sirdal - Sinnes;SN42940;22.01.2021;1,1;-;80;-;-
Sirdal - Sinnes;SN42940;24.01.2021;-5,7;-14,9;1,5;2,7;-
Sirdal - Sinnes;SN42940;25.01.2021;-12,5;-17,9;0;4;-
Sirdal - Sinnes;SN42940;26.01.2021;-3,9;-13,2;0;3,1;-
Sirdal - Sinnes;SN42940;27.01.2021;-6,7;-16,1;0,2;2,7;-
Sirdal - Sinnes;SN42940;28.01.2021;-13,7;-22;0;2,7;-
Sirdal - Sinnes;SN42940;29.01.2021;-11,8;-19,5;0;4,5;-
Sirdal - Sinnes;SN42940;30.01.2021;-2,9;-11,9;0;2,2;-
Sirdal - Sinnes;SN42940;31.01.2021;-1,8;-7,6;0,1;3,4;60
Sirdal - Sinnes;SN42940;01.02.2021;-3,5;-10,9;2,1;2,2;63
Sirdal - Sinnes;SN42940;02.02.2021;-12,7;-20,6;0;3,8;62
Sirdal - Sinnes;SN42940;03.02.2021;-6,5;-9;0;8,8;60
Sirdal - Sinnes;SN42940;04.02.2021;-9;-12,9;0,1;8,1;57
Sirdal - Sinnes;SN42940;05.02.2021;-8,6;-10,9;0;9,1;57
Sirdal - Sinnes;SN42940;06.02.2021;-6,6;-10,1;0;5;57
Sirdal - Sinnes;SN42940;07.02.2021;-8,3;-10,3;0;5,4;57
Sirdal - Sinnes;SN42940;08.02.2021;-5,7;-8,9;0,1;4,5;57
Sirdal - Sinnes;SN42940;09.02.2021;-8,4;-;0;4,5;57
Sirdal - Sinnes;SN42940;10.02.2021;-6,2;-12,4;0;4,6;56
Sirdal - Sinnes;SN42940;11.02.2021;-7,4;-14,9;0;7,6;57
Sirdal - Sinnes;SN42940;12.02.2021;-7,5;-20,1;0;3,4;57
Sirdal - Sinnes;SN42940;13.02.2021;-7,1;-19,8;0;2,6;57
Sirdal - Sinnes;SN42940;14.02.2021;-3;-9,1;0;4,7;57
Sirdal - Sinnes;SN42940;15.02.2021;-1,7;-2,8;0,5;8,1;57
Sirdal - Sinnes;SN42940;16.02.2021;-2,1;-3,2;3,4;8,5;57
Sirdal - Sinnes;SN42940;17.02.2021;-2;-3,3;10,5;6,8;58
Sirdal - Sinnes;SN42940;18.02.2021;1,2;-0,4;3,6;8,6;58
Sirdal - Sinnes;SN42940;19.02.2021;3;1,1;6;6,6;65
Sirdal - Sinnes;SN42940;20.02.2021;3,8;2,9;6,2;5,9;60
Sirdal - Sinnes;SN42940;21.02.2021;5,5;2,7;7,6;6,2;54
Sirdal - Sinnes;SN42940;22.02.2021;5,9;3,2;0,3;4,3;52
Sirdal - Sinnes;SN42940;23.02.2021;5,1;1,6;2,1;4,4;48
Sirdal - Sinnes;SN42940;24.02.2021;3,9;2,8;16,1;6,1;45
Sirdal - Sinnes;SN42940;25.02.2021;4,3;2,3;29,8;3,7;42
Sirdal - Sinnes;SN42940;26.02.2021;5,7;3,6;6;5,5;40
Sirdal - Sinnes;SN42940;27.02.2021;6,6;3,2;0;6,2;37
Sirdal - Sinnes;SN42940;28.02.2021;6,3;2,5;0;6,1;34
Sirdal - Sinnes;SN42940;01.03.2021;5,5;1,5;0;6;31
Sirdal - Sinnes;SN42940;02.03.2021;6,5;1;0;6,1;30
Sirdal - Sinnes;SN42940;03.03.2021;3,3;-2,1;0;6,3;29
Sirdal - Sinnes;SN42940;04.03.2021;1,3;-3,2;0;4,7;29
Sirdal - Sinnes;SN42940;05.03.2021;1,7;-4;0;4,2;29
Sirdal - Sinnes;SN42940;06.03.2021;2,6;1,2;0;6,1;28
Sirdal - Sinnes;SN42940;07.03.2021;2,5;-3;2,2;7,2;27
Sirdal - Sinnes;SN42940;08.03.2021;1,6;-7,5;0;3;27
Sirdal - Sinnes;SN42940;09.03.2021;4,6;-5,9;0;2,3;27
Sirdal - Sinnes;SN42940;10.03.2021;-1,1;-2,3;0;6,6;27
Sirdal - Sinnes;SN42940;11.03.2021;3,1;0,7;18,6;7,2;46
Sirdal - Sinnes;SN42940;12.03.2021;2,3;0,3;15,8;5,2;43
Sirdal - Sinnes;SN42940;13.03.2021;2,8;-1,3;10,8;3,7;51
Sirdal - Sinnes;SN42940;14.03.2021;3;-1,3;0,3;2,8;47
Sirdal - Sinnes;SN42940;15.03.2021;4,1;-3;9,4;4,9;51
Sirdal - Sinnes;SN42940;16.03.2021;2,4;-4,4;0,2;3,6;49
Sirdal - Sinnes;SN42940;17.03.2021;3,3;-5,4;0;3,9;51
Sirdal - Sinnes;SN42940;18.03.2021;5,7;-1,6;0;3,9;50
Sirdal - Sinnes;SN42940;19.03.2021;4,6;-2,5;0;6,4;48
Sirdal - Sinnes;SN42940;20.03.2021;5;2,9;0;8,3;48
Sirdal - Sinnes;SN42940;21.03.2021;3,5;0,4;0;6,5;44
Sirdal - Sinnes;SN42940;22.03.2021;6;2,5;0;5,6;43
Sirdal - Sinnes;SN42940;23.03.2021;7,4;3,2;0;4,2;39
Sirdal - Sinnes;SN42940;24.03.2021;5,7;2,5;1,7;5,5;35
Sirdal - Sinnes;SN42940;25.03.2021;5,3;2,4;4,8;4,8;32
Sirdal - Sinnes;SN42940;26.03.2021;3,8;2,4;1,6;5,6;29
Sirdal - Sinnes;SN42940;27.03.2021;5,5;1,5;19,1;4,5;27
Sirdal - Sinnes;SN42940;28.03.2021;3,5;1,7;0,3;4,7;26
Sirdal - Sinnes;SN42940;29.03.2021;7,3;3,6;9,8;3,3;26
Sirdal - Sinnes;SN42940;30.03.2021;7,2;5,3;11,5;2,4;19
Sirdal - Sinnes;SN42940;31.03.2021;7;3,6;1,7;3,5;15
Sirdal - Sinnes;SN42940;01.04.2021;5,8;1,2;0,4;5,7;13
Sirdal - Sinnes;SN42940;02.04.2021;6,2;-;0;-;9
Sirdal - Sinnes;SN42940;03.04.2021;6,6;-;0,1;-;5
Sirdal - Sinnes;SN42940;04.04.2021;3,8;0,9;0;5,9;3
Sirdal - Sinnes;SN42940;05.04.2021;1,4;-2,8;11,8;7,8;3
Sirdal - Sinnes;SN42940;06.04.2021;0,9;-1,8;0,4;8;2
Sirdal - Sinnes;SN42940;07.04.2021;2,5;-0,8;0,1;6,3;2
Sirdal - Sinnes;SN42940;08.04.2021;-0,1;-1,8;0,1;5,2;0
Sirdal - Sinnes;SN42940;09.04.2021;2,3;-1;18;7,2;26
Sirdal - Sinnes;SN42940;10.04.2021;2;-2,2;16,1;4,4;30
Sirdal - Sinnes;SN42940;11.04.2021;3,1;-4,2;0,4;5,1;21
Sirdal - Sinnes;SN42940;12.04.2021;3,1;-1;1,3;5,3;21
Sirdal - Sinnes;SN42940;13.04.2021;4,2;-2,2;0;4,9;17
Sirdal - Sinnes;SN42940;14.04.2021;4,7;-1,2;0;4,7;14
Sirdal - Sinnes;SN42940;15.04.2021;8;-0,5;0;4,1;10
Sirdal - Sinnes;SN42940;16.04.2021;8,4;0,5;0;3,8;7
Sirdal - Sinnes;SN42940;17.04.2021;10,1;3,3;0;3,8;2
Sirdal - Sinnes;SN42940;18.04.2021;11,7;7,4;0;6,5;0
Sirdal - Sinnes;SN42940;19.04.2021;13,3;5,6;0;4,2;0
Sirdal - Sinnes;SN42940;20.04.2021;12,7;4,4;0;4,4;0
Sirdal - Sinnes;SN42940;21.04.2021;6,9;1,5;0,9;7,1;0
Sirdal - Sinnes;SN42940;22.04.2021;4,8;1,8;0,5;7;0
Sirdal - Sinnes;SN42940;23.04.2021;5,5;1,6;0,2;5,8;0
Sirdal - Sinnes;SN42940;24.04.2021;4,1;0,1;0;6,4;0
Sirdal - Sinnes;SN42940;25.04.2021;5,8;-0,2;0;3,5;0
Sirdal - Sinnes;SN42940;26.04.2021;6,7;0,1;0;3,5;0
Sirdal - Sinnes;SN42940;27.04.2021;6,7;0,6;0;4,8;0
Sirdal - Sinnes;SN42940;28.04.2021;8,6;2,4;0;4;0
Sirdal - Sinnes;SN42940;29.04.2021;8,6;2,7;0;5,3;0
Sirdal - Sinnes;SN42940;30.04.2021;8,4;1,7;0;5;0
Sirdal - Sinnes;SN42940;01.05.2021;8,1;1,8;0;3,9;0
Sirdal - Sinnes;SN42940;02.05.2021;5,7;0,7;0;3,2;0
Sirdal - Sinnes;SN42940;03.05.2021;6,1;2,1;1,8;4,3;0
Sirdal - Sinnes;SN42940;04.05.2021;4;2,3;0;9,3;0
Sirdal - Sinnes;SN42940;05.05.2021;4,7;3;0,4;6,1;0
Sirdal - Sinnes;SN42940;06.05.2021;7,2;2,3;0;4,7;0
Sirdal - Sinnes;SN42940;07.05.2021;8,5;1,8;0;4,5;0
Sirdal - Sinnes;SN42940;08.05.2021;9,3;3,4;0;4,1;0
Sirdal - Sinnes;SN42940;09.05.2021;6,7;4,6;0,8;6,2;0
Sirdal - Sinnes;SN42940;10.05.2021;10,8;7,5;10,1;7,1;0
Sirdal - Sinnes;SN42940;11.05.2021;12,6;8,2;3,9;5,4;0
Sirdal - Sinnes;SN42940;12.05.2021;11,1;5,9;0;6,1;0
Sirdal - Sinnes;SN42940;13.05.2021;16,2;8,8;7,6;4,1;0
Sirdal - Sinnes;SN42940;14.05.2021;13,6;9,7;1,2;3,9;0
Sirdal - Sinnes;SN42940;15.05.2021;13,3;8,9;4,2;4,4;0
Sirdal - Sinnes;SN42940;16.05.2021;9,7;6,8;4,4;4;0
Sirdal - Sinnes;SN42940;17.05.2021;12,2;8;0;5,1;0
Sirdal - Sinnes;SN42940;18.05.2021;9,2;5,8;0,1;5,4;0
Sirdal - Sinnes;SN42940;19.05.2021;9,6;5,8;0;4,5;0
Sirdal - Sinnes;SN42940;20.05.2021;10;5,7;0;5,5;0
Sirdal - Sinnes;SN42940;21.05.2021;8,3;4,4;0;5;0
Sirdal - Sinnes;SN42940;22.05.2021;10,4;7,5;3,1;5,1;0
Sirdal - Sinnes;SN42940;23.05.2021;10,9;7,2;0,1;4,5;0
Sirdal - Sinnes;SN42940;24.05.2021;7,8;5,7;4,9;5;0
Sirdal - Sinnes;SN42940;25.05.2021;13,8;9,3;9,3;6,8;0
Sirdal - Sinnes;SN42940;26.05.2021;10,4;8,5;0,2;6,3;0
Sirdal - Sinnes;SN42940;27.05.2021;15,7;10,2;0;6,5;0
Sirdal - Sinnes;SN42940;28.05.2021;17,3;11;0;5,3;0
Sirdal - Sinnes;SN42940;29.05.2021;21,1;-;0;4,9;0
Sirdal - Sinnes;SN42940;30.05.2021;22,2;-;0;4,5;0
Sirdal - Sinnes;SN42940;31.05.2021;24,5;-;0;-;0
Sirdal - Sinnes;SN42940;01.06.2021;22,8;-;0;-;0
Sirdal - Sinnes;SN42940;02.06.2021;18,7;-;0,1;-;0
Sirdal - Sinnes;SN42940;04.06.2021;18,5;13,8;0;5,7;0
Sirdal - Sinnes;SN42940;05.06.2021;21,1;-;0;4,2;0
Sirdal - Sinnes;SN42940;06.06.2021;19,6;-;1;-;0
Sirdal - Sinnes;SN42940;07.06.2021;19,2;-;0;-;0
Sirdal - Sinnes;SN42940;08.06.2021;19,4;-;0;-;0
Sirdal - Sinnes;SN42940;09.06.2021;19;-;0;-;0
Sirdal - Sinnes;SN42940;10.06.2021;17,4;13,9;0;3,2;0
Sirdal - Sinnes;SN42940;11.06.2021;16,7;12,8;0,2;4,6;0
Sirdal - Sinnes;SN42940;12.06.2021;12,8;8,2;1,9;6;0
Sirdal - Sinnes;SN42940;13.06.2021;13,6;9,5;0,8;5;0
Sirdal - Sinnes;SN42940;14.06.2021;12,4;10,2;1,5;5,7;0
Sirdal - Sinnes;SN42940;15.06.2021;11,6;8;12;5,1;0
Sirdal - Sinnes;SN42940;16.06.2021;15,2;10,3;0;5,4;0
Sirdal - Sinnes;SN42940;17.06.2021;19,4;13,8;0;4,7;0
Sirdal - Sinnes;SN42940;18.06.2021;16;13,3;8,7;5,7;0
Sirdal - Sinnes;SN42940;19.06.2021;13,8;11,6;4,6;3,2;0
Sirdal - Sinnes;SN42940;20.06.2021;16,9;11,3;10;3,4;0
Sirdal - Sinnes;SN42940;21.06.2021;15,1;11,7;14,5;6,1;0
Sirdal - Sinnes;SN42940;22.06.2021;20,6;13,6;0;4,5;0
Sirdal - Sinnes;SN42940;23.06.2021;21,7;13,9;3,6;4,6;0
Sirdal - Sinnes;SN42940;24.06.2021;21,2;14,3;0;4,1;0
Sirdal - Sinnes;SN42940;25.06.2021;21,6;16;1,1;4;0
Sirdal - Sinnes;SN42940;26.06.2021;23,2;-;0,5;4,6;0
Sirdal - Sinnes;SN42940;28.06.2021;23,2;-;0;-;0
Sirdal - Sinnes;SN42940;01.07.2021;21;-;0;-;0
Sirdal - Sinnes;SN42940;02.07.2021;21,1;-;0,2;-;0
Sirdal - Sinnes;SN42940;03.07.2021;21,2;-;5;-;0
Sirdal - Sinnes;SN42940;04.07.2021;19,4;-;16;-;0
Sirdal - Sinnes;SN42940;05.07.2021;21;-;6,1;-;0
Sirdal - Sinnes;SN42940;06.07.2021;18;-;20,3;-;0
Sirdal - Sinnes;SN42940;07.07.2021;15,4;12,4;8,1;4,9;0
Sirdal - Sinnes;SN42940;08.07.2021;16,4;13;9,6;4,4;0
Sirdal - Sinnes;SN42940;09.07.2021;18,3;13,7;22,4;4,6;0
Sirdal - Sinnes;SN42940;10.07.2021;22,1;15,1;1,8;5,9;0
Sirdal - Sinnes;SN42940;11.07.2021;16,6;12,9;1,4;3,9;0
Sirdal - Sinnes;SN42940;12.07.2021;22,4;15,1;1,8;3,8;0
Sirdal - Sinnes;SN42940;13.07.2021;23;17,2;0;3,6;0
Sirdal - Sinnes;SN42940;14.07.2021;23,9;18,8;0;3,2;0
Sirdal - Sinnes;SN42940;15.07.2021;22,7;16,8;0;6,7;0
Sirdal - Sinnes;SN42940;16.07.2021;25,5;16,3;0,3;6,2;0
Sirdal - Sinnes;SN42940;17.07.2021;19,9;14,6;0,4;4,6;0
Sirdal - Sinnes;SN42940;18.07.2021;15;11,2;0;6,1;0
Sirdal - Sinnes;SN42940;19.07.2021;19,2;12,3;0;5,4;0
Sirdal - Sinnes;SN42940;20.07.2021;17,5;12,6;0;6,2;0
Sirdal - Sinnes;SN42940;21.07.2021;22,4;14,7;0;4,2;0
Sirdal - Sinnes;SN42940;22.07.2021;23,6;16,2;0;4,8;0
Sirdal - Sinnes;SN42940;23.07.2021;25,7;17,8;0;4,5;0
Sirdal - Sinnes;SN42940;24.07.2021;24,1;17,5;0;3,9;0
Sirdal - Sinnes;SN42940;25.07.2021;23,4;17,3;0;4,4;0
Sirdal - Sinnes;SN42940;26.07.2021;22,8;17,7;0,1;4,6;0
Sirdal - Sinnes;SN42940;27.07.2021;19,7;15,8;20,8;3,5;0
Sirdal - Sinnes;SN42940;28.07.2021;17,2;14,1;37;3,5;0
Sirdal - Sinnes;SN42940;29.07.2021;18,3;13;20,3;4,6;0
Sirdal - Sinnes;SN42940;30.07.2021;19,6;15;14;4,4;0
Sirdal - Sinnes;SN42940;31.07.2021;18,2;12,8;1,3;5,4;0
Sirdal - Sinnes;SN42940;01.08.2021;18,2;12,3;0;5,5;0
Sirdal - Sinnes;SN42940;02.08.2021;17;11,3;21,1;5,5;0
Sirdal - Sinnes;SN42940;03.08.2021;18;10,8;0;4;0
Sirdal - Sinnes;SN42940;04.08.2021;19,7;12,3;0;4,2;0
Sirdal - Sinnes;SN42940;05.08.2021;18,3;12;0;3,9;0
Sirdal - Sinnes;SN42940;06.08.2021;18,5;14,8;0,5;5,1;0
Sirdal - Sinnes;SN42940;07.08.2021;15,9;12,5;5,9;4,6;0
Sirdal - Sinnes;SN42940;08.08.2021;18,3;13,7;11,8;4,5;0
Sirdal - Sinnes;SN42940;09.08.2021;16,5;13,1;3,2;4,4;0
Sirdal - Sinnes;SN42940;10.08.2021;18,2;12,4;13,8;3,5;0
Sirdal - Sinnes;SN42940;11.08.2021;19,4;12,7;0,7;4,3;0
Sirdal - Sinnes;SN42940;12.08.2021;16,4;13,3;0,1;3,7;0
Sirdal - Sinnes;SN42940;13.08.2021;15,7;11,9;1,1;6,4;0
Sirdal - Sinnes;SN42940;14.08.2021;12,1;10,1;11;4;0
Sirdal - Sinnes;SN42940;15.08.2021;13,3;9,7;10,5;3,5;0
Sirdal - Sinnes;SN42940;16.08.2021;17;11;0,6;5,4;0
Sirdal - Sinnes;SN42940;17.08.2021;18,1;11,8;1,5;6,1;0
Sirdal - Sinnes;SN42940;18.08.2021;13,4;10,6;0;5,6;0
Sirdal - Sinnes;SN42940;19.08.2021;13,9;10,5;0;6;0
Sirdal - Sinnes;SN42940;20.08.2021;14,4;9,9;0;5,4;0
Sirdal - Sinnes;SN42940;21.08.2021;18,5;10,2;0;3,8;0
Sirdal - Sinnes;SN42940;22.08.2021;20,1;11,1;0;3,8;0
Sirdal - Sinnes;SN42940;23.08.2021;21;11,9;0;3,5;0
Sirdal - Sinnes;SN42940;24.08.2021;22,4;13,2;0;5;0
Sirdal - Sinnes;SN42940;25.08.2021;17,4;13,8;0;6,4;0
Sirdal - Sinnes;SN42940;26.08.2021;18,4;11,4;0;6,3;0
Sirdal - Sinnes;SN42940;27.08.2021;16,6;11,8;0;6,7;0
Sirdal - Sinnes;SN42940;28.08.2021;20,5;11,2;0;3,8;0
Sirdal - Sinnes;SN42940;29.08.2021;23,8;14,5;0;3,7;0
Sirdal - Sinnes;SN42940;30.08.2021;23,5;14,5;0;4,5;0
Sirdal - Sinnes;SN42940;31.08.2021;24,1;13,9;0;4,4;0
Sirdal - Sinnes;SN42940;01.09.2021;21,1;13,4;0;4,9;0
Sirdal - Sinnes;SN42940;02.09.2021;20,8;13;0;4,7;0
Sirdal - Sinnes;SN42940;03.09.2021;16,8;11,1;0;5,1;0
Sirdal - Sinnes;SN42940;04.09.2021;13,5;10,2;0;3,8;0
Sirdal - Sinnes;SN42940;05.09.2021;15,3;11;0;4,8;0
Sirdal - Sinnes;SN42940;06.09.2021;14,7;10,7;1,3;3,7;0
Sirdal - Sinnes;SN42940;07.09.2021;18,1;13,4;2;3,5;0
Sirdal - Sinnes;SN42940;08.09.2021;18,6;14,2;0,8;4,2;0
Sirdal - Sinnes;SN42940;09.09.2021;21,7;14,1;0;3,3;0
Sirdal - Sinnes;SN42940;10.09.2021;20,3;14,5;0;4,5;0
Sirdal - Sinnes;SN42940;11.09.2021;15,7;13,8;2,3;3,7;0
Sirdal - Sinnes;SN42940;12.09.2021;16,3;12,8;9,7;4,5;0
Sirdal - Sinnes;SN42940;13.09.2021;16;10,6;6,4;3,9;0
Sirdal - Sinnes;SN42940;14.09.2021;18,8;9,8;0;3;0
Sirdal - Sinnes;SN42940;15.09.2021;13,5;10,6;0;3,8;0
Sirdal - Sinnes;SN42940;16.09.2021;12,1;9,9;2,8;3,8;0
Sirdal - Sinnes;SN42940;17.09.2021;11,4;7;0;4,7;0
Sirdal - Sinnes;SN42940;18.09.2021;9,8;8,2;0;5,7;0
Sirdal - Sinnes;SN42940;19.09.2021;8,6;7,4;0;4,5;0
Sirdal - Sinnes;SN42940;20.09.2021;10,5;7,2;0;4,5;0
Sirdal - Sinnes;SN42940;21.09.2021;12,4;8,8;3,2;4,4;0
Sirdal - Sinnes;SN42940;22.09.2021;14,2;10,6;0,3;4,6;0
Sirdal - Sinnes;SN42940;23.09.2021;10,9;7,2;15,4;8,1;0
Sirdal - Sinnes;SN42940;24.09.2021;11,5;8,1;8,7;5,6;0
Sirdal - Sinnes;SN42940;25.09.2021;12,4;8,1;4,4;5,3;0
Sirdal - Sinnes;SN42940;26.09.2021;14,9;9,6;0;4,6;0
Sirdal - Sinnes;SN42940;27.09.2021;14;12;0,8;5,4;0
Sirdal - Sinnes;SN42940;28.09.2021;14;8,2;22,4;8,1;0
Sirdal - Sinnes;SN42940;29.09.2021;10,7;9,5;3,1;4,6;0
Sirdal - Sinnes;SN42940;30.09.2021;12,9;9,4;12,1;4,4;0
Sirdal - Sinnes;SN42940;01.10.2021;12,4;9,3;8,3;7,3;0
Sirdal - Sinnes;SN42940;02.10.2021;10,9;7,6;12;5,5;0
Sirdal - Sinnes;SN42940;03.10.2021;12,2;9,6;16,7;7,1;0
Sirdal - Sinnes;SN42940;04.10.2021;11,7;8,7;15,5;6,3;0
Sirdal - Sinnes;SN42940;05.10.2021;11,8;9,2;12,4;4,5;0
Sirdal - Sinnes;SN42940;06.10.2021;11,9;7,8;0,8;3,8;0
Sirdal - Sinnes;SN42940;07.10.2021;10,3;7,2;0;3;0
Sirdal - Sinnes;SN42940;08.10.2021;12,1;10,5;0,8;3,3;0
Sirdal - Sinnes;SN42940;09.10.2021;11,2;9,6;6,1;2,6;0
Sirdal - Sinnes;SN42940;10.10.2021;12;8,1;2,2;4,2;0
Sirdal - Sinnes;SN42940;11.10.2021;6,7;5;9,3;5,7;0
Sirdal - Sinnes;SN42940;12.10.2021;9,3;4,5;0;5;0
Sirdal - Sinnes;SN42940;13.10.2021;4,8;2,4;0;3,2;0
Sirdal - Sinnes;SN42940;14.10.2021;8,6;7,4;2,5;4,7;0
Sirdal - Sinnes;SN42940;15.10.2021;8,2;4,6;12,9;5,7;0
Sirdal - Sinnes;SN42940;16.10.2021;7,5;4,9;4;6,6;0
Sirdal - Sinnes;SN42940;17.10.2021;6,7;1,9;2,3;3,2;0
Sirdal - Sinnes;SN42940;18.10.2021;5,1;1,3;0;4,2;0
Sirdal - Sinnes;SN42940;19.10.2021;6;4,7;10;6,3;0
Sirdal - Sinnes;SN42940;20.10.2021;11,2;8;9,1;7;0
Sirdal - Sinnes;SN42940;21.10.2021;6,3;1,8;5,7;6,6;0
Sirdal - Sinnes;SN42940;22.10.2021;3,3;1,7;4;6,6;2
Sirdal - Sinnes;SN42940;23.10.2021;6,1;2,6;0,5;6,2;0
Sirdal - Sinnes;SN42940;24.10.2021;7;5,9;1,3;4,9;0
Sirdal - Sinnes;SN42940;25.10.2021;8,5;7;9,2;5;0
Sirdal - Sinnes;SN42940;26.10.2021;6,6;4,6;18,9;2,9;0
Sirdal - Sinnes;SN42940;27.10.2021;10,1;8,7;24,9;4,3;0
Sirdal - Sinnes;SN42940;28.10.2021;10;9,5;12,3;4,6;0
Sirdal - Sinnes;SN42940;29.10.2021;10,5;9,4;8,9;6,3;0
Sirdal - Sinnes;SN42940;30.10.2021;9,9;8;9,9;7,7;0
Sirdal - Sinnes;SN42940;31.10.2021;9,5;6,7;19,4;7,4;0
Sirdal - Sinnes;SN42940;01.11.2021;8,8;6,7;13,1;7,5;0
Sirdal - Sinnes;SN42940;02.11.2021;7,1;5;27,9;7,6;0
Sirdal - Sinnes;SN42940;03.11.2021;6,6;1,4;1,1;2,4;0
Sirdal - Sinnes;SN42940;04.11.2021;7,2;1,5;0;2,5;0
Sirdal - Sinnes;SN42940;05.11.2021;5;3;0;5,8;0
Sirdal - Sinnes;SN42940;06.11.2021;6,5;5,6;6,2;4,5;0
Sirdal - Sinnes;SN42940;07.11.2021;7,2;3,9;20,2;4;0
Sirdal - Sinnes;SN42940;08.11.2021;3,8;2,8;0,6;4;0
Sirdal - Sinnes;SN42940;09.11.2021;7,2;5,7;13,4;6,4;0
Sirdal - Sinnes;SN42940;10.11.2021;7,2;3,4;6,3;4,8;0
Sirdal - Sinnes;SN42940;11.11.2021;5,1;2,8;2,3;5,5;0
Sirdal - Sinnes;SN42940;12.11.2021;5,2;1,8;7,4;6,4;0
Sirdal - Sinnes;SN42940;13.11.2021;5,2;3,5;2,1;5,1;0
Sirdal - Sinnes;SN42940;14.11.2021;5,8;1,2;1,2;3,1;0
Sirdal - Sinnes;SN42940;15.11.2021;4,4;3,6;0,2;3,7;0
Sirdal - Sinnes;SN42940;16.11.2021;5,5;5,1;2,4;3,6;0
Sirdal - Sinnes;SN42940;17.11.2021;5,7;2,2;12,2;5,3;0
Sirdal - Sinnes;SN42940;18.11.2021;8,8;4,5;15;6,5;0
Sirdal - Sinnes;SN42940;19.11.2021;10,2;7,3;5,2;8;0
Sirdal - Sinnes;SN42940;20.11.2021;5,8;2,2;5,6;5,6;0
Sirdal - Sinnes;SN42940;21.11.2021;2,4;-1,5;4;3,4;0
Sirdal - Sinnes;SN42940;22.11.2021;3,7;-0,9;0;3,4;0
Sirdal - Sinnes;SN42940;23.11.2021;5,4;4;1,4;5,5;0
Sirdal - Sinnes;SN42940;24.11.2021;5,3;3;0,3;3,5;0
Sirdal - Sinnes;SN42940;25.11.2021;2,3;-1,1;5,8;3,9;0
Sirdal - Sinnes;SN42940;26.11.2021;-0,5;-3;0,1;7;0
Sirdal - Sinnes;SN42940;27.11.2021;-1,1;-2,9;0,2;6,4;0
Sirdal - Sinnes;SN42940;28.11.2021;-2,9;-3,7;0;6,7;0
Sirdal - Sinnes;SN42940;29.11.2021;-3,5;-8,1;0;4,7;0
Sirdal - Sinnes;SN42940;30.11.2021;-1,4;-4,4;10,1;5,2;10
Sirdal - Sinnes;SN42940;01.12.2021;-4;-6,7;0,1;5;7
Sirdal - Sinnes;SN42940;02.12.2021;-3,1;-10,1;0;4,2;6
Sirdal - Sinnes;SN42940;03.12.2021;-4,5;-6,7;0,1;4,9;5
Sirdal - Sinnes;SN42940;04.12.2021;-4;-5;5,4;5,3;12
Sirdal - Sinnes;SN42940;05.12.2021;-4,8;-7,3;0,6;6,5;11
Sirdal - Sinnes;SN42940;06.12.2021;-6,3;-7,5;0;9,3;10
Sirdal - Sinnes;SN42940;07.12.2021;-3,7;-4,3;0,4;6,3;9
Sirdal - Sinnes;SN42940;08.12.2021;-2,4;-3,3;0,4;9,9;7
Sirdal - Sinnes;SN42940;09.12.2021;-0,9;-1,7;1,4;6,4;8
Sirdal - Sinnes;SN42940;10.12.2021;-0,4;-3,3;0;6,8;7
Sirdal - Sinnes;SN42940;11.12.2021;-4,6;-7,2;0;1,9;7
Sirdal - Sinnes;SN42940;12.12.2021;0,2;-0,8;3,2;4,2;11
Sirdal - Sinnes;SN42940;13.12.2021;0,9;-1;1,7;2,5;11
Sirdal - Sinnes;SN42940;14.12.2021;2,2;-0,1;3,3;2,8;9
Sirdal - Sinnes;SN42940;15.12.2021;6,4;3,5;10,6;3,9;7
Sirdal - Sinnes;SN42940;16.12.2021;6;3,8;0,5;6,7;7
Sirdal - Sinnes;SN42940;17.12.2021;7;1,8;0,8;5,1;6
Sirdal - Sinnes;SN42940;18.12.2021;6,3;4,6;0;5,6;5
Sirdal - Sinnes;SN42940;19.12.2021;5,8;-0,4;0,1;6,2;0
Sirdal - Sinnes;SN42940;20.12.2021;-4,4;-9,3;0;3,2;0
Sirdal - Sinnes;SN42940;21.12.2021;-4,3;-6,2;0;3,1;0
Sirdal - Sinnes;SN42940;22.12.2021;-3,1;-3,6;0;3,2;0
Sirdal - Sinnes;SN42940;23.12.2021;-1,6;-6,5;1,3;2,3;0
Sirdal - Sinnes;SN42940;24.12.2021;-5,1;-14,6;1,4;4,7;2
Sirdal - Sinnes;SN42940;25.12.2021;-12,7;-17,2;0;2,2;2
Sirdal - Sinnes;SN42940;26.12.2021;-11,2;-16,5;0;3,7;2
Sirdal - Sinnes;SN42940;27.12.2021;-3,9;-7,9;0;3,9;2
Sirdal - Sinnes;SN42940;28.12.2021;-1,9;-3,8;1,7;6,4;5
Sirdal - Sinnes;SN42940;29.12.2021;-2,3;-7,5;0;4,1;6
Sirdal - Sinnes;SN42940;30.12.2021;3,7;1,7;7,4;4,8;10
Sirdal - Sinnes;SN42940;31.12.2021;4,3;2;16,7;2;6
Sirdal - Sinnes;SN42940;01.01.2022;5;1;0;5,6;5
Sirdal - Sinnes;SN42940;02.01.2022;3,1;1,4;7,8;3,2;5
Sirdal - Sinnes;SN42940;03.01.2022;3,4;1,2;6,2;4,4;3
Sirdal - Sinnes;SN42940;04.01.2022;0,2;-1,6;17,3;5,2;11
Sirdal - Sinnes;SN42940;05.01.2022;-1,1;-9,8;2,7;3,1;17
Sirdal - Sinnes;SN42940;06.01.2022;-11,5;-13,8;0;3,7;15
Sirdal - Sinnes;SN42940;07.01.2022;-0,1;-1,4;0,9;7,8;19
Sirdal - Sinnes;SN42940;08.01.2022;-0,7;-2,4;2,7;6,3;19
Sirdal - Sinnes;SN42940;09.01.2022;-1,5;-2;0,3;8,3;21
Sirdal - Sinnes;SN42940;10.01.2022;-0,8;-1,2;1,1;7,4;14
Sirdal - Sinnes;SN42940;11.01.2022;2;-1;10,1;6,6;15
Sirdal - Sinnes;SN42940;12.01.2022;6,1;3,5;8;3,9;14
Sirdal - Sinnes;SN42940;13.01.2022;6,4;5,5;0,9;7,3;7
Sirdal - Sinnes;SN42940;14.01.2022;6;0,1;9;9;0
Sirdal - Sinnes;SN42940;15.01.2022;0,1;-2,2;0;2,7;0
Sirdal - Sinnes;SN42940;16.01.2022;3,2;1,3;2,1;7,4;0
Sirdal - Sinnes;SN42940;17.01.2022;3,7;-1,3;11,8;10,3;0
Sirdal - Sinnes;SN42940;18.01.2022;2,7;-1,5;0;3,7;0
Sirdal - Sinnes;SN42940;19.01.2022;2,9;-0,4;4,3;8;0
Sirdal - Sinnes;SN42940;20.01.2022;-3,2;-4,4;10,9;10,1;0
Sirdal - Sinnes;SN42940;21.01.2022;4;1,2;0;4,3;0
Sirdal - Sinnes;SN42940;22.01.2022;3,9;3;0;4,9;0
Sirdal - Sinnes;SN42940;23.01.2022;4,5;2,5;0;6,3;0
Sirdal - Sinnes;SN42940;24.01.2022;4,3;2,4;1,5;3,8;0
Sirdal - Sinnes;SN42940;25.01.2022;2,9;1,1;1,3;4,7;0
Sirdal - Sinnes;SN42940;26.01.2022;3,4;1,6;10;5,8;0
Sirdal - Sinnes;SN42940;27.01.2022;4,1;1,5;15,8;6,9;0
Sirdal - Sinnes;SN42940;28.01.2022;0,6;-2;8,3;6,6;0
Sirdal - Sinnes;SN42940;29.01.2022;5,4;1,8;24,7;9,2;9
Sirdal - Sinnes;SN42940;30.01.2022;1;-2;31,2;9,3;7
Sirdal - Sinnes;SN42940;31.01.2022;-1,1;-3,3;0,4;4,3;6
Sirdal - Sinnes;SN42940;01.02.2022;2,4;-1,8;3,6;6,5;7
Sirdal - Sinnes;SN42940;02.02.2022;1,7;-1,8;16,5;6,9;22
Sirdal - Sinnes;SN42940;03.02.2022;1;-1,1;10,2;3;23
Sirdal - Sinnes;SN42940;04.02.2022;2,5;-0,7;21,3;5,1;21
Sirdal - Sinnes;SN42940;05.02.2022;0,2;-0,6;7,6;5,2;34
Sirdal - Sinnes;SN42940;06.02.2022;1;-2,5;26,7;6,1;54
Sirdal - Sinnes;SN42940;07.02.2022;1,9;-0,4;14,7;6,5;61
Sirdal - Sinnes;SN42940;08.02.2022;3,6;1,4;19,1;6,9;59
Sirdal - Sinnes;SN42940;09.02.2022;2,2;0,5;12,2;7,2;57
Sirdal - Sinnes;SN42940;10.02.2022;0,4;-2,6;14,1;6,4;62
Sirdal - Sinnes;SN42940;11.02.2022;-1,1;-3,5;8;5,7;69
Sirdal - Sinnes;SN42940;12.02.2022;0,8;0;10,2;-;74
Sirdal - Sinnes;SN42940;13.02.2022;2,8;1,8;25,9;-;86
Sirdal - Sinnes;SN42940;14.02.2022;3;1,1;13,6;5,1;67
Sirdal - Sinnes;SN42940;15.02.2022;1,2;-0,2;6,9;3,8;67
Sirdal - Sinnes;SN42940;16.02.2022;2;-0,8;5,9;4,3;75
Sirdal - Sinnes;SN42940;17.02.2022;1,5;-3,6;0,4;6,4;69
Sirdal - Sinnes;SN42940;18.02.2022;1,6;-0,7;9,9;7;75
Sirdal - Sinnes;SN42940;19.02.2022;-1;-8,6;0,5;5,5;73
Sirdal - Sinnes;SN42940;20.02.2022;-1,2;-6,1;7,2;5,5;74
Sirdal - Sinnes;SN42940;21.02.2022;3,2;-1,4;8,8;4,6;88
Sirdal - Sinnes;SN42940;22.02.2022;0;-7,7;0;6,2;81
Sirdal - Sinnes;SN42940;23.02.2022;1,9;0,9;11,5;6,9;92
Sirdal - Sinnes;SN42940;24.02.2022;2,6;-1,6;25,5;6,6;89
Sirdal - Sinnes;SN42940;25.02.2022;3,2;-2,1;15,4;5,8;102
Sirdal - Sinnes;SN42940;26.02.2022;-1,5;-6,2;0,3;4,9;95
Sirdal - Sinnes;SN42940;27.02.2022;3,1;0,4;0,7;5;93
Sirdal - Sinnes;SN42940;28.02.2022;1,8;0,5;0;6,3;90
Sirdal - Sinnes;SN42940;01.03.2022;4,5;0,1;4,4;6;97
Sirdal - Sinnes;SN42940;02.03.2022;5,6;-2,4;4,2;6,6;92
Sirdal - Sinnes;SN42940;03.03.2022;4,5;-7,5;0;2,9;88
Sirdal - Sinnes;SN42940;04.03.2022;2,4;-8,9;0;4;89
Sirdal - Sinnes;SN42940;05.03.2022;1,5;-4,8;0;4,2;90
Sirdal - Sinnes;SN42940;06.03.2022;2,6;-5,9;0;3;88
Sirdal - Sinnes;SN42940;07.03.2022;4,7;-5,5;0;3,4;88
Sirdal - Sinnes;SN42940;08.03.2022;3,1;-8,9;0;3,5;89
Sirdal - Sinnes;SN42940;09.03.2022;3,8;-5,5;0;5,7;89
Sirdal - Sinnes;SN42940;10.03.2022;3;-0,1;0;8,2;89
Sirdal - Sinnes;SN42940;11.03.2022;3,4;0,3;0;10;88
Sirdal - Sinnes;SN42940;12.03.2022;1,6;-0,5;0;8,4;87
Sirdal - Sinnes;SN42940;13.03.2022;3,9;2,3;0;8,2;86
Sirdal - Sinnes;SN42940;14.03.2022;5,6;2,2;0;7,2;85
Sirdal - Sinnes;SN42940;15.03.2022;4,4;0,8;0,1;5,2;85
Sirdal - Sinnes;SN42940;16.03.2022;2,9;0,6;0;4;83
Sirdal - Sinnes;SN42940;17.03.2022;2,4;1;0;7,4;82
Sirdal - Sinnes;SN42940;18.03.2022;5,1;0,2;8,9;4;85
Sirdal - Sinnes;SN42940;19.03.2022;7,5;-1,8;1,6;3;82
Sirdal - Sinnes;SN42940;20.03.2022;7,4;-0,5;0;4;84
Sirdal - Sinnes;SN42940;21.03.2022;5,1;1,4;0;7,4;84
Sirdal - Sinnes;SN42940;22.03.2022;5;0,7;4,7;5,4;87
Sirdal - Sinnes;SN42940;23.03.2022;7,5;-2,3;0;3,4;84
Sirdal - Sinnes;SN42940;24.03.2022;10,7;1,4;0,1;2,6;83
Sirdal - Sinnes;SN42940;25.03.2022;6,4;2,5;0;5,2;80
Sirdal - Sinnes;SN42940;26.03.2022;10,1;3,9;0,8;6,6;75
Sirdal - Sinnes;SN42940;27.03.2022;6,2;3,4;0;7,7;72
Sirdal - Sinnes;SN42940;28.03.2022;4,4;2,5;0;6,7;66
Sirdal - Sinnes;SN42940;29.03.2022;2;-2,9;0;4,9;62
Sirdal - Sinnes;SN42940;30.03.2022;2,3;-5,4;0,7;4;62
Sirdal - Sinnes;SN42940;31.03.2022;2;-6,1;0;3,8;63
Sirdal - Sinnes;SN42940;01.04.2022;4,3;-5,2;0;3,3;62
Sirdal - Sinnes;SN42940;02.04.2022;2,4;-4,2;0;4,9;61
Sirdal - Sinnes;SN42940;03.04.2022;3,8;0,3;0,2;4,3;61
Sirdal - Sinnes;SN42940;04.04.2022;4,2;0,4;7;6,3;65
Sirdal - Sinnes;SN42940;05.04.2022;2,5;-2,1;2,9;4,9;60
Sirdal - Sinnes;SN42940;06.04.2022;0,6;-3,5;0,2;4,7;60
Sirdal - Sinnes;SN42940;07.04.2022;1,9;-1,2;0,5;12,1;60
Sirdal - Sinnes;SN42940;08.04.2022;1,5;-1,7;0,3;5,2;59
Sirdal - Sinnes;SN42940;09.04.2022;2,6;-0,2;0,3;5,8;59
Sirdal - Sinnes;SN42940;10.04.2022;2;-0,3;2,6;7,3;58
Sirdal - Sinnes;SN42940;11.04.2022;3,1;-0,2;0,1;6,7;56
Sirdal - Sinnes;SN42940;12.04.2022;4,5;0,8;0;5,9;54
Sirdal - Sinnes;SN42940;13.04.2022;3,5;1,9;2,5;8,2;53
Sirdal - Sinnes;SN42940;14.04.2022;8,6;3,8;2,3;3;49
Sirdal - Sinnes;SN42940;15.04.2022;9,7;2,8;0;3,7;46
Sirdal - Sinnes;SN42940;16.04.2022;9,7;0,7;0;3,7;41
Sirdal - Sinnes;SN42940;17.04.2022;10,6;1,4;0;3,3;38
Sirdal - Sinnes;SN42940;18.04.2022;10,3;2,7;0;3,8;34
Sirdal - Sinnes;SN42940;19.04.2022;11,1;2,8;0;3,5;28
Sirdal - Sinnes;SN42940;20.04.2022;13,1;4,4;0;3,7;23
Sirdal - Sinnes;SN42940;21.04.2022;13;5,7;0;4,9;17
Sirdal - Sinnes;SN42940;22.04.2022;14,8;6,6;0;4,5;10
Sirdal - Sinnes;SN42940;23.04.2022;11,3;5,2;0;4,3;3
Sirdal - Sinnes;SN42940;24.04.2022;9,1;4;0;4,9;0
Sirdal - Sinnes;SN42940;26.04.2022;11,1;4;0;3,7;0
Sirdal - Sinnes;SN42940;27.04.2022;8,7;4;0;3,7;0
Sirdal - Sinnes;SN42940;28.04.2022;7,3;2,4;0;5,9;0
Sirdal - Sinnes;SN42940;29.04.2022;8,3;2,3;0;4,1;0
Sirdal - Sinnes;SN42940;30.04.2022;8,8;2,9;0;4,8;0
Sirdal - Sinnes;SN42940;01.05.2022;11,8;4,3;0;3,3;0
Sirdal - Sinnes;SN42940;02.05.2022;8,4;1,9;0;5,1;0
Sirdal - Sinnes;SN42940;03.05.2022;8,4;2,6;0;5,3;0
Sirdal - Sinnes;SN42940;04.05.2022;8,1;3;0;3,5;0
Sirdal - Sinnes;SN42940;05.05.2022;8,4;4,8;0,8;5,1;0
Sirdal - Sinnes;SN42940;06.05.2022;8,1;5,4;0;3,4;0
Sirdal - Sinnes;SN42940;07.05.2022;7,6;4,6;8,3;6,5;0
Sirdal - Sinnes;SN42940;08.05.2022;11,4;5,1;0;6,3;0
Sirdal - Sinnes;SN42940;09.05.2022;13,7;6,3;0;7,4;0
Sirdal - Sinnes;SN42940;10.05.2022;9,7;6,9;5,7;5,1;0
Sirdal - Sinnes;SN42940;11.05.2022;7,6;5,8;10,1;5,8;0
Sirdal - Sinnes;SN42940;12.05.2022;7,1;4,7;15,7;4,9;0
Sirdal - Sinnes;SN42940;13.05.2022;7,2;5,3;4,2;5;0
Sirdal - Sinnes;SN42940;14.05.2022;7,1;5,2;11,4;6,1;0
Sirdal - Sinnes;SN42940;15.05.2022;12,3;7,4;4,2;5,5;0
Sirdal - Sinnes;SN42940;16.05.2022;16,7;9,1;0;4,3;0
Sirdal - Sinnes;SN42940;17.05.2022;16;9,4;0;5,4;0
Sirdal - Sinnes;SN42940;18.05.2022;13,3;8,7;0;6,2;0
Sirdal - Sinnes;SN42940;19.05.2022;12;7,4;5,6;3,3;0
Sirdal - Sinnes;SN42940;20.05.2022;14,9;9,5;0,1;3,8;0
Sirdal - Sinnes;SN42940;21.05.2022;12,7;8,5;0,1;5,6;0
Sirdal - Sinnes;SN42940;22.05.2022;15,3;10,1;0;5;0
Sirdal - Sinnes;SN42940;23.05.2022;13;9,9;0;6,7;0
Sirdal - Sinnes;SN42940;24.05.2022;11,3;9;0,7;7,4;0
Sirdal - Sinnes;SN42940;25.05.2022;10,4;7;1,6;6,5;0
Sirdal - Sinnes;SN42940;26.05.2022;9,8;6,3;15,1;6,2;0
Sirdal - Sinnes;SN42940;27.05.2022;8,7;5,3;4,4;5,5;0
Sirdal - Sinnes;SN42940;28.05.2022;13,1;8,5;0;9,1;0
Sirdal - Sinnes;SN42940;29.05.2022;11,3;5,8;0;5,5;0
Sirdal - Sinnes;SN42940;30.05.2022;11,6;7,2;0;4,6;0
Sirdal - Sinnes;SN42940;31.05.2022;12,6;8,1;0;4,8;0
Sirdal - Sinnes;SN42940;01.06.2022;15,6;10,2;5;4,4;0
Sirdal - Sinnes;SN42940;02.06.2022;12;9,1;0;4,7;0
Sirdal - Sinnes;SN42940;03.06.2022;14,1;9,9;0;6,7;0
Sirdal - Sinnes;SN42940;04.06.2022;17,8;11;0;5;0
Sirdal - Sinnes;SN42940;05.06.2022;21;12,7;0;5,1;0
Sirdal - Sinnes;SN42940;06.06.2022;21,1;13,5;0;5,5;0
Sirdal - Sinnes;SN42940;07.06.2022;17;11,8;0,2;4;0
Sirdal - Sinnes;SN42940;08.06.2022;15,7;10,8;4,6;4,2;0
Sirdal - Sinnes;SN42940;09.06.2022;17,4;11,7;0;4,6;0
Sirdal - Sinnes;SN42940;10.06.2022;12,6;10,8;0,1;4,9;0
Sirdal - Sinnes;SN42940;11.06.2022;12,7;10,2;0,1;5,3;0
Sirdal - Sinnes;SN42940;12.06.2022;11,4;8,9;21,1;5;0
Sirdal - Sinnes;SN42940;13.06.2022;11,1;8,1;5,9;4,7;0
Sirdal - Sinnes;SN42940;14.06.2022;13,7;9,7;1,1;4,3;0
Sirdal - Sinnes;SN42940;15.06.2022;16,5;11,1;0;4,8;0
Sirdal - Sinnes;SN42940;16.06.2022;17,8;12,3;0;5,1;0
Sirdal - Sinnes;SN42940;17.06.2022;15,1;10,2;0;4,8;0
Sirdal - Sinnes;SN42940;18.06.2022;11,9;8,7;22,6;6,3;0
Sirdal - Sinnes;SN42940;19.06.2022;12,4;8,5;1,5;4,4;0
Sirdal - Sinnes;SN42940;20.06.2022;19;11,5;2,2;4,9;0
Sirdal - Sinnes;SN42940;21.06.2022;15,2;10,5;0;4,7;0
Sirdal - Sinnes;SN42940;22.06.2022;15,9;11,9;1,8;5,2;0
Sirdal - Sinnes;SN42940;23.06.2022;16,1;12,4;0;4,9;0
Sirdal - Sinnes;SN42940;24.06.2022;23,7;16,7;0;6,1;0
Sirdal - Sinnes;SN42940;25.06.2022;22,3;17,4;0,2;5,4;0
Sirdal - Sinnes;SN42940;26.06.2022;21,4;15,7;0;6,3;0
Sirdal - Sinnes;SN42940;27.06.2022;16,2;11,8;17,2;3,9;0
Sirdal - Sinnes;SN42940;28.06.2022;17,3;11,9;2,1;4,4;0
Sirdal - Sinnes;SN42940;29.06.2022;21,8;13,3;0;4,4;0
Sirdal - Sinnes;SN42940;30.06.2022;23,4;15,7;0;4,2;0
Sirdal - Sinnes;SN42940;01.07.2022;22,8;15,1;0;4,7;0
Sirdal - Sinnes;SN42940;02.07.2022;15;11,7;4,6;5,8;0
Sirdal - Sinnes;SN42940;03.07.2022;14,9;11,7;6,4;5,2;0
Sirdal - Sinnes;SN42940;04.07.2022;14,6;9,3;0,4;4,2;0
Sirdal - Sinnes;SN42940;05.07.2022;13,4;9,4;9,7;5,3;0
Sirdal - Sinnes;SN42940;06.07.2022;11,6;9,8;0;5,7;0
Sirdal - Sinnes;SN42940;07.07.2022;16,3;12,4;1,3;6,5;0
Sirdal - Sinnes;SN42940;08.07.2022;14,4;11,2;0;4,8;0
Sirdal - Sinnes;SN42940;09.07.2022;12,8;9,3;0,1;6,3;0
Sirdal - Sinnes;SN42940;10.07.2022;16;11,6;0;6;0
Sirdal - Sinnes;SN42940;11.07.2022;23;15,7;0;4,3;0
Sirdal - Sinnes;SN42940;12.07.2022;19,4;14,8;0;4;0
Sirdal - Sinnes;SN42940;13.07.2022;16,8;11,2;0;6,2;0
Sirdal - Sinnes;SN42940;14.07.2022;11,6;9,2;4,3;7;0
Sirdal - Sinnes;SN42940;15.07.2022;13,5;8,7;0;4,9;0
Sirdal - Sinnes;SN42940;16.07.2022;14,6;10,5;0,7;6;-
Sirdal - Sinnes;SN42940;17.07.2022;13,6;11,1;0;3,5;-
Sirdal - Sinnes;SN42940;18.07.2022;20,4;14,9;1,8;4,6;-
Sirdal - Sinnes;SN42940;19.07.2022;24,6;16,7;0;4,6;-
Sirdal - Sinnes;SN42940;20.07.2022;30,1;20,9;0;5,7;-
Sirdal - Sinnes;SN42940;21.07.2022;23,5;17,2;0,1;5,7;-
Sirdal - Sinnes;SN42940;22.07.2022;24,7;17;0;5,2;-
Sirdal - Sinnes;SN42940;23.07.2022;18;13,8;0,1;4,8;-
Sirdal - Sinnes;SN42940;24.07.2022;15,1;11,2;0,6;4,8;-
Sirdal - Sinnes;SN42940;25.07.2022;16,8;13,7;14,5;5,4;-
Sirdal - Sinnes;SN42940;26.07.2022;13,3;9,7;11,3;6,3;-
Sirdal - Sinnes;SN42940;27.07.2022;14,7;10,1;0;6,6;-
Sirdal - Sinnes;SN42940;28.07.2022;20,6;12,7;0;4,3;-
Sirdal - Sinnes;SN42940;29.07.2022;19,7;12,2;0;4,3;-
Sirdal - Sinnes;SN42940;30.07.2022;17,7;12,8;0;6,4;-
Sirdal - Sinnes;SN42940;31.07.2022;18,2;13;0,6;3,8;-
Sirdal - Sinnes;SN42940;01.08.2022;14;10,1;5,6;6,1;-
Sirdal - Sinnes;SN42940;02.08.2022;14;11,2;0;5;-
Sirdal - Sinnes;SN42940;03.08.2022;17,3;14,2;6,7;6,2;-
Sirdal - Sinnes;SN42940;04.08.2022;16,7;13;6,4;5;-
Sirdal - Sinnes;SN42940;05.08.2022;13,3;9,3;0,1;5,7;-
Sirdal - Sinnes;SN42940;06.08.2022;11,7;9,2;0;5,3;-
Sirdal - Sinnes;SN42940;07.08.2022;12,2;10,1;0,4;3,4;-
Sirdal - Sinnes;SN42940;08.08.2022;17,1;12,3;2,3;4,3;-
Sirdal - Sinnes;SN42940;09.08.2022;20,8;13,7;0;4,3;-
Sirdal - Sinnes;SN42940;10.08.2022;20,5;14,4;0;5,1;-
Sirdal - Sinnes;SN42940;11.08.2022;22;14,3;0;4,8;-
Sirdal - Sinnes;SN42940;12.08.2022;23,5;14,8;0;3,5;-
Sirdal - Sinnes;SN42940;13.08.2022;24,4;15,6;0,1;3,2;-
Sirdal - Sinnes;SN42940;14.08.2022;24,9;16,4;0;4;-
Sirdal - Sinnes;SN42940;15.08.2022;23,6;18,7;2;4,8;-
Sirdal - Sinnes;SN42940;16.08.2022;21,5;16,3;2,9;5,4;-
Sirdal - Sinnes;SN42940;17.08.2022;17,2;13,2;12,8;4,6;-
Sirdal - Sinnes;SN42940;18.08.2022;19,9;11,4;0;5,5;-
Sirdal - Sinnes;SN42940;19.08.2022;15,7;11,8;0;4;-
Sirdal - Sinnes;SN42940;20.08.2022;17;11,6;6,1;5,1;-
Sirdal - Sinnes;SN42940;21.08.2022;15,3;11,1;16,3;5,7;-
Sirdal - Sinnes;SN42940;22.08.2022;17,4;10,4;2,9;2,9;-
Sirdal - Sinnes;SN42940;23.08.2022;17,2;12,9;0,1;4,9;-
Sirdal - Sinnes;SN42940;24.08.2022;17,7;15,5;0,6;5,6;-
Sirdal - Sinnes;SN42940;25.08.2022;18;15,7;0;5,2;-
Sirdal - Sinnes;SN42940;26.08.2022;17,5;14,6;3,6;5,8;-
Sirdal - Sinnes;SN42940;27.08.2022;17;12;24,9;4,5;-
Sirdal - Sinnes;SN42940;28.08.2022;21,4;12,4;0;4;-
Sirdal - Sinnes;SN42940;29.08.2022;19;13,2;0;3,6;-
Sirdal - Sinnes;SN42940;30.08.2022;19,4;12,5;0;3,8;-
Sirdal - Sinnes;SN42940;31.08.2022;18,8;12,4;0;3,9;-
Sirdal - Sinnes;SN42940;01.09.2022;19,5;11,5;0;4,1;-
Sirdal - Sinnes;SN42940;02.09.2022;18,3;11;0;4,2;-
Sirdal - Sinnes;SN42940;03.09.2022;18,6;11,3;0;4,4;-
Sirdal - Sinnes;SN42940;04.09.2022;16,9;11,3;19,8;4,4;-
Sirdal - Sinnes;SN42940;05.09.2022;16;12,7;0;4,5;-
Sirdal - Sinnes;SN42940;06.09.2022;17,1;11;0;4,6;0
Sirdal - Sinnes;SN42940;07.09.2022;15,1;10,4;0;4,4;0
Sirdal - Sinnes;SN42940;08.09.2022;14,2;11,3;0;5,4;0
Sirdal - Sinnes;SN42940;09.09.2022;11,2;9,8;0,3;4,7;0
Sirdal - Sinnes;SN42940;10.09.2022;15,4;11,8;0,5;4,1;-
Sirdal - Sinnes;SN42940;11.09.2022;15,8;11,1;0,6;3,3;-
Sirdal - Sinnes;SN42940;12.09.2022;13,2;11,5;0;5,8;-
Sirdal - Sinnes;SN42940;13.09.2022;14,2;10;29,2;5,8;-
Sirdal - Sinnes;SN42940;14.09.2022;12;9,2;0,2;5,8;-
Sirdal - Sinnes;SN42940;15.09.2022;9,5;7,8;1,1;8,2;-
Sirdal - Sinnes;SN42940;16.09.2022;14,1;8,1;0;5,6;-
Sirdal - Sinnes;SN42940;17.09.2022;11,5;8,2;0;6,6;-
Sirdal - Sinnes;SN42940;18.09.2022;13,5;7,8;0;4,7;-
Sirdal - Sinnes;SN42940;19.09.2022;13,7;5,9;0;4,2;-
Sirdal - Sinnes;SN42940;20.09.2022;12,5;4,3;0;4,6;-
Sirdal - Sinnes;SN42940;21.09.2022;15,6;7,2;0;2,7;-
Sirdal - Sinnes;SN42940;22.09.2022;11,2;9,5;0,6;5,2;-
Sirdal - Sinnes;SN42940;23.09.2022;13,6;9,1;8,2;5,8;-
Sirdal - Sinnes;SN42940;24.09.2022;13,4;5,8;4,9;3,7;-
Sirdal - Sinnes;SN42940;25.09.2022;9,1;5,2;0;3,4;-
Sirdal - Sinnes;SN42940;26.09.2022;10,9;7,3;9,4;5;-
Sirdal - Sinnes;SN42940;27.09.2022;10,3;7,2;5,6;3,6;-
Sirdal - Sinnes;SN42940;28.09.2022;10,8;9,4;10,6;6,7;-
Sirdal - Sinnes;SN42940;29.09.2022;11,4;6;0,7;6;-
Sirdal - Sinnes;SN42940;30.09.2022;8,9;4,2;0,1;4,9;-
Sirdal - Sinnes;SN42940;01.10.2022;13,1;8,1;11;6;-
Sirdal - Sinnes;SN42940;02.10.2022;11,3;6,8;1,7;3,8;-
Sirdal - Sinnes;SN42940;03.10.2022;11,8;7,6;0,2;5,2;-
Sirdal - Sinnes;SN42940;04.10.2022;11;8,1;0;5,5;-
Sirdal - Sinnes;SN42940;05.10.2022;12,1;9,5;6,7;6;-
Sirdal - Sinnes;SN42940;06.10.2022;9,2;7,1;31,7;5,4;-
Sirdal - Sinnes;SN42940;07.10.2022;10,3;7,7;28,7;5,9;-
Sirdal - Sinnes;SN42940;08.10.2022;8,6;4,4;28,1;4,6;-
Sirdal - Sinnes;SN42940;09.10.2022;8,8;6,6;1,8;5,8;-
Sirdal - Sinnes;SN42940;10.10.2022;9,1;6,7;1,5;7,6;-
Sirdal - Sinnes;SN42940;11.10.2022;6,8;4,4;13,9;4,8;-
Sirdal - Sinnes;SN42940;12.10.2022;7,7;6,4;0,9;5,3;-
Sirdal - Sinnes;SN42940;13.10.2022;9;5,5;6,8;4,6;-
Sirdal - Sinnes;SN42940;14.10.2022;7,4;4,2;1,3;3,5;-
Sirdal - Sinnes;SN42940;15.10.2022;8,6;4,9;29;7;-
Sirdal - Sinnes;SN42940;16.10.2022;7,2;5,8;15;7,5;-
Sirdal - Sinnes;SN42940;17.10.2022;6,6;4,8;11;4,2;-
Sirdal - Sinnes;SN42940;18.10.2022;10,5;6,1;21,4;3,9;-
Sirdal - Sinnes;SN42940;19.10.2022;7,2;1,2;0,2;2,5;-
Sirdal - Sinnes;SN42940;20.10.2022;6,5;2,6;0;3,9;-
Sirdal - Sinnes;SN42940;21.10.2022;5,6;4,6;0;5,1;-
Sirdal - Sinnes;SN42940;22.10.2022;9,2;6,1;0,4;4;-
Sirdal - Sinnes;SN42940;23.10.2022;10,3;7,2;3,6;2,5;-
Sirdal - Sinnes;SN42940;24.10.2022;8,3;7,5;2;6,4;-
Sirdal - Sinnes;SN42940;25.10.2022;9,6;7,5;3,5;4;-
Sirdal - Sinnes;SN42940;26.10.2022;9;7,7;2,1;3,2;-
Sirdal - Sinnes;SN42940;27.10.2022;10,1;9;6;3,7;-
Sirdal - Sinnes;SN42940;28.10.2022;11,1;9,6;2,9;3,3;-
Sirdal - Sinnes;SN42940;29.10.2022;11,5;6,8;13,2;5,1;-
Sirdal - Sinnes;SN42940;30.10.2022;10,1;6,5;0,1;3,7;-
Sirdal - Sinnes;SN42940;31.10.2022;10,1;8,8;5,2;4,8;-
Sirdal - Sinnes;SN42940;01.11.2022;10,2;8,8;0;8,2;-
Sirdal - Sinnes;SN42940;02.11.2022;8,7;5,4;16,1;5;-
Sirdal - Sinnes;SN42940;03.11.2022;8,7;7,4;27,2;6,7;-
Sirdal - Sinnes;SN42940;04.11.2022;9,3;7;12,9;6,9;-
Sirdal - Sinnes;SN42940;05.11.2022;6,9;4,8;7,5;4,3;-
Sirdal - Sinnes;SN42940;06.11.2022;8;5,5;7;4,8;-
Sirdal - Sinnes;SN42940;07.11.2022;8,3;6;12;4,4;-
Sirdal - Sinnes;SN42940;08.11.2022;10;7,8;5,9;5,7;-
Sirdal - Sinnes;SN42940;09.11.2022;8,2;6,7;27,7;5,5;-
Sirdal - Sinnes;SN42940;10.11.2022;9,3;7,5;7,1;4,8;-
Sirdal - Sinnes;SN42940;11.11.2022;10,4;10,2;17,8;6;-
Sirdal - Sinnes;SN42940;12.11.2022;11,1;7,3;4,5;5,5;-
Sirdal - Sinnes;SN42940;13.11.2022;8,5;6,8;0,1;3;-
Sirdal - Sinnes;SN42940;14.11.2022;7,6;6,1;0;4,3;-
Sirdal - Sinnes;SN42940;15.11.2022;6,3;4,4;0;7;-
Sirdal - Sinnes;SN42940;16.11.2022;3,7;2,1;1,5;8,6;-
Sirdal - Sinnes;SN42940;17.11.2022;2,2;0;0,3;8,7;-
Sirdal - Sinnes;SN42940;18.11.2022;0,2;-1,1;0,1;10,3;-
Sirdal - Sinnes;SN42940;19.11.2022;-0,7;-5,3;0;7,3;-
Sirdal - Sinnes;SN42940;20.11.2022;-3,3;-4,7;0;6,8;-
Sirdal - Sinnes;SN42940;21.11.2022;-1,9;-3,5;0;6,5;-
Sirdal - Sinnes;SN42940;22.11.2022;-0,5;-2,2;0;7,7;-
Sirdal - Sinnes;SN42940;23.11.2022;2,1;1,3;0;7,2;-
Sirdal - Sinnes;SN42940;24.11.2022;3,7;2,6;4,2;6,6;-
Sirdal - Sinnes;SN42940;25.11.2022;4,4;3,6;11,7;5,7;0
Sirdal - Sinnes;SN42940;26.11.2022;4,6;3,2;10,7;5,8;0
Sirdal - Sinnes;SN42940;27.11.2022;5,4;4,2;5,6;5,6;0
Sirdal - Sinnes;SN42940;28.11.2022;4,2;2,6;10,2;4,8;0
Sirdal - Sinnes;SN42940;29.11.2022;2,3;1,5;10,6;3,2;0
Sirdal - Sinnes;SN42940;30.11.2022;1,6;0,2;0,2;2,9;0
Sirdal - Sinnes;SN42940;01.12.2022;0,2;-0,6;1,9;2;0
Sirdal - Sinnes;SN42940;02.12.2022;0,6;-3,5;0;3,3;0
Sirdal - Sinnes;SN42940;03.12.2022;-0,6;-2;0;4,3;0
Sirdal - Sinnes;SN42940;04.12.2022;-3,3;-5,2;1,8;4,1;0
Sirdal - Sinnes;SN42940;05.12.2022;-5,5;-9,6;0;2;0
Sirdal - Sinnes;SN42940;06.12.2022;-2,9;-7,5;0;1,7;0
Sirdal - Sinnes;SN42940;07.12.2022;-8,5;-12,8;0;2,1;-
Sirdal - Sinnes;SN42940;08.12.2022;-5,4;-12;0;3,7;-
Sirdal - Sinnes;SN42940;09.12.2022;-5,5;-7,9;1,5;3,4;-
Sirdal - Sinnes;SN42940;10.12.2022;-6;-14,6;1;4,5;3
Sirdal - Sinnes;SN42940;11.12.2022;-7,8;-8,9;1,2;3,3;3
Sirdal - Sinnes;SN42940;12.12.2022;-7,8;-10,4;0,7;4,6;6
Sirdal - Sinnes;SN42940;13.12.2022;-6,5;-9,3;0;4,2;5
Sirdal - Sinnes;SN42940;14.12.2022;-6,4;-16,4;3,8;3,2;6
Sirdal - Sinnes;SN42940;15.12.2022;-14,2;-19,2;0;2,5;6
Sirdal - Sinnes;SN42940;16.12.2022;-5,7;-10,6;0;2,6;6
Sirdal - Sinnes;SN42940;17.12.2022;-0,2;-1,4;20,3;-;31
Sirdal - Sinnes;SN42940;18.12.2022;0;-2;18,7;-;56
Sirdal - Sinnes;SN42940;19.12.2022;0,4;-0,7;0;7,3;50
Sirdal - Sinnes;SN42940;20.12.2022;1,9;0,9;11,1;5,2;42
Sirdal - Sinnes;SN42940;21.12.2022;2;0,8;8,5;3,1;31
Sirdal - Sinnes;SN42940;22.12.2022;1,3;0;10,5;3,2;29
Sirdal - Sinnes;SN42940;23.12.2022;0,3;-10,4;3,7;2,8;27
Sirdal - Sinnes;SN42940;24.12.2022;-8;-10,9;0,1;4,3;25
Sirdal - Sinnes;SN42940;25.12.2022;2,7;0;0,6;8,9;27
Sirdal - Sinnes;SN42940;26.12.2022;3,9;1,1;20,2;4,8;29
Sirdal - Sinnes;SN42940;27.12.2022;0,3;-2,3;14,6;7,1;32
Sirdal - Sinnes;SN42940;28.12.2022;-1,5;-2,2;4,6;7,9;36
Sirdal - Sinnes;SN42940;29.12.2022;3,1;0,9;6,9;8,1;43
Sirdal - Sinnes;SN42940;30.12.2022;3,3;0,7;20,2;9,9;43
Sirdal - Sinnes;SN42940;31.12.2022;3,7;0;32,6;10,7;39
Sirdal - Sinnes;SN42940;01.01.2023;-1,4;-6,4;4,6;5,2;42
Sirdal - Sinnes;SN42940;02.01.2023;-0,9;-1,9;0,4;5,2;42
Sirdal - Sinnes;SN42940;03.01.2023;-0,1;-2;6,7;3;49
Sirdal - Sinnes;SN42940;04.01.2023;0,2;-1,8;4,4;14,2;55
Sirdal - Sinnes;SN42940;05.01.2023;-3,1;-3,8;7,6;7,9;43
Sirdal - Sinnes;SN42940;06.01.2023;0,1;-1,8;7,9;7,5;55
Sirdal - Sinnes;SN42940;07.01.2023;4,4;2,5;10,9;5,7;63
Sirdal - Sinnes;SN42940;08.01.2023;4,2;2,7;17,7;7,1;47
Sirdal - Sinnes;SN42940;09.01.2023;3,4;1,4;14,4;6,5;43
Sirdal - Sinnes;SN42940;10.01.2023;2,1;1;7,1;4,9;42
Sirdal - Sinnes;SN42940;11.01.2023;3,2;1,4;14,3;-;48
Sirdal - Sinnes;SN42940;12.01.2023;1,3;0,6;17,8;3,6;48
Sirdal - Sinnes;SN42940;13.01.2023;1,8;0,8;10,7;5,7;51
Sirdal - Sinnes;SN42940;14.01.2023;0,9;-1;2,9;5,5;50
Sirdal - Sinnes;SN42940;15.01.2023;0,5;-0,4;10,8;6,4;63
Sirdal - Sinnes;SN42940;16.01.2023;0,1;-3,6;3,1;4,6;63
Sirdal - Sinnes;SN42940;17.01.2023;0,7;-0,9;10,6;6,9;73
Sirdal - Sinnes;SN42940;18.01.2023;-0,2;-4,6;2,8;7,5;70
Sirdal - Sinnes;SN42940;19.01.2023;-4,2;-6,5;0,6;3,5;71
Sirdal - Sinnes;SN42940;20.01.2023;-4,1;-15,8;0,2;3,6;67
Sirdal - Sinnes;SN42940;21.01.2023;-12,4;-17,4;0;4,3;67
Sirdal - Sinnes;SN42940;22.01.2023;-8,3;-10,3;0;3,9;67
Sirdal - Sinnes;SN42940;23.01.2023;-1,3;-5,7;0;4,4;66
Sirdal - Sinnes;SN42940;24.01.2023;2;0,8;2,1;2,4;66
Sirdal - Sinnes;SN42940;25.01.2023;3,2;2,1;5,1;2,9;63
Sirdal - Sinnes;SN42940;26.01.2023;3,1;-3,8;5,1;5,9;62
Sirdal - Sinnes;SN42940;27.01.2023;0;-4,2;0,1;3,2;62
Sirdal - Sinnes;SN42940;28.01.2023;2,6;1;0,5;5,1;62
Sirdal - Sinnes;SN42940;29.01.2023;3,7;2,1;2,6;4,3;62
Sirdal - Sinnes;SN42940;30.01.2023;3,8;-0,6;23;8,1;62
Sirdal - Sinnes;SN42940;31.01.2023;0,8;-1;3,2;6,6;60
Sirdal - Sinnes;SN42940;01.02.2023;1,4;-0,1;17,1;8,1;71
Sirdal - Sinnes;SN42940;02.02.2023;0,6;-6,7;8;3,6;76
Sirdal - Sinnes;SN42940;03.02.2023;0;-3,7;27,1;4,5;110
Sirdal - Sinnes;SN42940;04.02.2023;-2,7;-5,8;1,6;4,7;103
Sirdal - Sinnes;SN42940;05.02.2023;2,6;-0,1;1;6,2;105
Sirdal - Sinnes;SN42940;06.02.2023;3,2;0;0,1;5,7;102
Sirdal - Sinnes;SN42940;07.02.2023;2,2;0,2;0;2,1;99
Sirdal - Sinnes;SN42940;08.02.2023;2,7;1,7;0,8;5,9;94
Sirdal - Sinnes;SN42940;09.02.2023;1,9;0,1;9,9;12,4;87
Sirdal - Sinnes;SN42940;10.02.2023;4,9;-0,7;7,7;8,6;92
Sirdal - Sinnes;SN42940;11.02.2023;5,6;3,6;13,8;7,8;87
Sirdal - Sinnes;SN42940;12.02.2023;5,1;4,2;0;4,7;81
Sirdal - Sinnes;SN42940;13.02.2023;5,3;2,9;0,3;5,1;78
Sirdal - Sinnes;SN42940;14.02.2023;2,3;-2;0;3,6;77
Sirdal - Sinnes;SN42940;15.02.2023;3,9;1,1;0;3,6;76
Sirdal - Sinnes;SN42940;16.02.2023;5,5;1,7;2;4,7;75
Sirdal - Sinnes;SN42940;17.02.2023;3,5;1,6;5,6;10,4;74
Sirdal - Sinnes;SN42940;18.02.2023;1,9;-0,8;14,6;9,4;72
Sirdal - Sinnes;SN42940;19.02.2023;2,5;0;0,2;4,5;71
Sirdal - Sinnes;SN42940;20.02.2023;5,9;2,7;32,6;8,6;74
Sirdal - Sinnes;SN42940;21.02.2023;3,7;2;13,7;8,6;73
Sirdal - Sinnes;SN42940;22.02.2023;2,2;0,9;0;5,1;72
Sirdal - Sinnes;SN42940;23.02.2023;1,4;-1,3;5;7,1;72
Sirdal - Sinnes;SN42940;24.02.2023;4,1;-1,9;10,1;6,1;88
Sirdal - Sinnes;SN42940;25.02.2023;0,5;-9,7;0;4,7;86
Sirdal - Sinnes;SN42940;26.02.2023;-0,7;-9,5;0;4,2;84
Sirdal - Sinnes;SN42940;27.02.2023;3,3;-7,7;0;3,8;81
Sirdal - Sinnes;SN42940;28.02.2023;8;-6,4;0;3,1;81
Sirdal - Sinnes;SN42940;01.03.2023;2,8;-7,2;0;3,6;81
Sirdal - Sinnes;SN42940;02.03.2023;4,3;-7,1;0;5,5;79
Sirdal - Sinnes;SN42940;03.03.2023;2,9;-4;0;6,9;80
Sirdal - Sinnes;SN42940;04.03.2023;2,7;-3,3;0;6,1;77
Sirdal - Sinnes;SN42940;05.03.2023;-2,9;-9,5;0;6,9;77
Sirdal - Sinnes;SN42940;06.03.2023;-5,2;-12,1;0;3,1;76
Sirdal - Sinnes;SN42940;07.03.2023;-3,7;-10,2;0;4,9;77
Sirdal - Sinnes;SN42940;08.03.2023;-3,8;-13,6;0;3,2;77
Sirdal - Sinnes;SN42940;09.03.2023;-4,3;-13,8;3,3;6,1;81
Sirdal - Sinnes;SN42940;10.03.2023;-4,5;-15,1;2,4;3,1;85
Sirdal - Sinnes;SN42940;11.03.2023;-2,8;-10,1;1,4;4,4;85
Sirdal - Sinnes;SN42940;12.03.2023;-2,2;-7;0,8;4,7;85
Sirdal - Sinnes;SN42940;13.03.2023;2,5;-0,2;8,2;5,1;95
Sirdal - Sinnes;SN42940;14.03.2023;1,6;-2,3;15,9;6;94
Sirdal - Sinnes;SN42940;15.03.2023;1,1;-5,9;3,4;4,5;98
Sirdal - Sinnes;SN42940;16.03.2023;-0,4;-4,6;0;6,7;96
Sirdal - Sinnes;SN42940;17.03.2023;3,7;1,5;14,8;5,9;99
Sirdal - Sinnes;SN42940;18.03.2023;8,8;2,5;14,3;2,3;94
Sirdal - Sinnes;SN42940;19.03.2023;3,9;1,8;1,3;2,5;90
Sirdal - Sinnes;SN42940;20.03.2023;4,7;0,4;5,6;5,5;87
Sirdal - Sinnes;SN42940;21.03.2023;1,7;-2,2;0;4,9;85
Sirdal - Sinnes;SN42940;22.03.2023;5,2;2,5;7,6;6,6;87
Sirdal - Sinnes;SN42940;23.03.2023;3,9;2,2;7,5;4,7;82
Sirdal - Sinnes;SN42940;24.03.2023;3,2;1,2;6,8;2,7;80
Sirdal - Sinnes;SN42940;25.03.2023;6,4;1,8;16,3;2;80
Sirdal - Sinnes;SN42940;26.03.2023;1,9;-2,4;0,3;5,7;78
Sirdal - Sinnes;SN42940;27.03.2023;0,5;-3,9;0;5,7;78
Sirdal - Sinnes;SN42940;28.03.2023;-0,8;-5,5;0,1;3,3;77
Sirdal - Sinnes;SN42940;29.03.2023;1,8;-1,6;6,6;4,6;84
Sirdal - Sinnes;SN42940;30.03.2023;0,1;-1,7;0,7;10;81
Sirdal - Sinnes;SN42940;31.03.2023;1,7;-0,2;4,8;7,9;80
Sirdal - Sinnes;SN42940;01.04.2023;3,8;-2,7;0;6,7;79
Sirdal - Sinnes;SN42940;02.04.2023;4,8;-5,6;0;2,6;79
Sirdal - Sinnes;SN42940;03.04.2023;5,3;-4,1;0;3;78
Sirdal - Sinnes;SN42940;04.04.2023;6,3;-2,8;0;2,6;77
Sirdal - Sinnes;SN42940;05.04.2023;6;-2,7;0;4,7;76
Sirdal - Sinnes;SN42940;06.04.2023;0,8;-2;0;4,6;73
Sirdal - Sinnes;SN42940;07.04.2023;5,5;1;0,1;5,6;73
Sirdal - Sinnes;SN42940;08.04.2023;9;1,7;0;6,4;68
Sirdal - Sinnes;SN42940;09.04.2023;4,9;2,2;0;4,8;64
Sirdal - Sinnes;SN42940;10.04.2023;3,8;2,8;4,3;6,8;60
Sirdal - Sinnes;SN42940;11.04.2023;4,5;3,1;17,6;5,8;54
Sirdal - Sinnes;SN42940;12.04.2023;4,1;2,6;1,2;7,3;50
Sirdal - Sinnes;SN42940;13.04.2023;4,6;3,3;0,9;8,2;46
Sirdal - Sinnes;SN42940;14.04.2023;7;4;16,8;5,6;39
Sirdal - Sinnes;SN42940;15.04.2023;4,1;2,5;0,5;3,8;33
Sirdal - Sinnes;SN42940;16.04.2023;7,9;2,9;11,4;2,2;29
Sirdal - Sinnes;SN42940;17.04.2023;9,5;3,4;0;3,6;27
Sirdal - Sinnes;SN42940;18.04.2023;9,5;3;0;3,5;19
Sirdal - Sinnes;SN42940;19.04.2023;10,8;4;0;4,2;10
Sirdal - Sinnes;SN42940;20.04.2023;12,6;4,1;0;4,1;0
Sirdal - Sinnes;SN42940;21.04.2023;11,7;4,1;0;3,2;0
Sirdal - Sinnes;SN42940;22.04.2023;11,6;4,8;0;3,7;0
Sirdal - Sinnes;SN42940;23.04.2023;8,2;4,2;9,8;3,5;0
Sirdal - Sinnes;SN42940;24.04.2023;8;3,6;6;4,5;0
Sirdal - Sinnes;SN42940;25.04.2023;4,7;1,9;0;5,4;0
Sirdal - Sinnes;SN42940;26.04.2023;2,7;0;0;5,4;0
Sirdal - Sinnes;SN42940;27.04.2023;4;0,2;1,8;5,2;0
Sirdal - Sinnes;SN42940;28.04.2023;5,9;0;0,3;3,7;0
Sirdal - Sinnes;SN42940;29.04.2023;3,2;0,7;1,1;5,9;0
Sirdal - Sinnes;SN42940;30.04.2023;3,9;0,9;0,6;6,8;0
Sirdal - Sinnes;SN42940;01.05.2023;6;2;13;4,5;3
Sirdal - Sinnes;SN42940;02.05.2023;5,6;1,5;2,4;5,6;0
Sirdal - Sinnes;SN42940;03.05.2023;7,4;2,1;0;4,2;0
Sirdal - Sinnes;SN42940;04.05.2023;6,5;3,1;0;6;0
Sirdal - Sinnes;SN42940;05.05.2023;6,1;3,4;0;6,4;0
Sirdal - Sinnes;SN42940;06.05.2023;8,7;4,1;0;5,7;0
Sirdal - Sinnes;SN42940;07.05.2023;10,1;4,7;0;3,8;0
Sirdal - Sinnes;SN42940;08.05.2023;9,5;6,5;0;6,1;0
Sirdal - Sinnes;SN42940;09.05.2023;8,2;6,5;0;8,1;0
Sirdal - Sinnes;SN42940;10.05.2023;10,2;7,6;18,3;6,4;0
Sirdal - Sinnes;SN42940;11.05.2023;11,3;7,7;1,9;4,6;0
Sirdal - Sinnes;SN42940;12.05.2023;15,1;8,1;0;4,2;0
Sirdal - Sinnes;SN42940;13.05.2023;15,4;7,7;0;5,6;0
Sirdal - Sinnes;SN42940;14.05.2023;14,3;8,8;0;5,7;0
Sirdal - Sinnes;SN42940;15.05.2023;15,2;7,3;0;5;0
Sirdal - Sinnes;SN42940;16.05.2023;9,7;5,2;0;5,7;0
Sirdal - Sinnes;SN42940;17.05.2023;6,4;3;0,1;9,1;0
Sirdal - Sinnes;SN42940;18.05.2023;11,2;6,4;0;4,9;0
Sirdal - Sinnes;SN42940;19.05.2023;13,6;7,7;0;3,7;0
Sirdal - Sinnes;SN42940;20.05.2023;16,5;9;0;3,3;0
Sirdal - Sinnes;SN42940;21.05.2023;18,7;10,5;0;4,1;0
Sirdal - Sinnes;SN42940;22.05.2023;19,8;11,4;0;4,7;0
Sirdal - Sinnes;SN42940;23.05.2023;10,8;7,2;11,7;6,5;0
Sirdal - Sinnes;SN42940;24.05.2023;12,3;7,3;0;4,8;0
Sirdal - Sinnes;SN42940;25.05.2023;8,4;6;0;5,4;0
Sirdal - Sinnes;SN42940;26.05.2023;9,1;6,2;1,9;4,8;0
Sirdal - Sinnes;SN42940;27.05.2023;12,8;7;0,3;6;0
Sirdal - Sinnes;SN42940;28.05.2023;8,8;5,6;2;5,9;0
Sirdal - Sinnes;SN42940;29.05.2023;8,5;5,9;0;5,8;0
Sirdal - Sinnes;SN42940;30.05.2023;17,2;10,8;0;4,7;0
Sirdal - Sinnes;SN42940;31.05.2023;13,4;8,4;0;7,9;0
Sirdal - Sinnes;SN42940;01.06.2023;14,1;8,7;0;6,5;0
Sirdal - Sinnes;SN42940;02.06.2023;14,8;7,8;0;5;0
Sirdal - Sinnes;SN42940;03.06.2023;15,6;9,4;0;5,8;0
Sirdal - Sinnes;SN42940;04.06.2023;20,5;11,5;0;4,9;0
Sirdal - Sinnes;SN42940;05.06.2023;19,3;11,7;0;5,4;0
Sirdal - Sinnes;SN42940;06.06.2023;17,9;12;0;5,7;0
Sirdal - Sinnes;SN42940;07.06.2023;21,4;13;0;4,2;0
Sirdal - Sinnes;SN42940;08.06.2023;22,3;13,3;0;4,5;0
Sirdal - Sinnes;SN42940;09.06.2023;19;13,1;0;5,6;0
Sirdal - Sinnes;SN42940;10.06.2023;19,5;12,6;0;5;0
Sirdal - Sinnes;SN42940;11.06.2023;20,8;13,4;0;5,1;0
Sirdal - Sinnes;SN42940;12.06.2023;22,3;15,1;0;4,2;0
Sirdal - Sinnes;SN42940;13.06.2023;24;17,3;0;4,5;0
Sirdal - Sinnes;SN42940;14.06.2023;23,6;15,7;0;6,2;0
Sirdal - Sinnes;SN42940;15.06.2023;26,2;16,6;22,4;5,9;0
Sirdal - Sinnes;SN42940;16.06.2023;26,8;16,1;0;5,4;0
Sirdal - Sinnes;SN42940;17.06.2023;25,4;15,4;2,7;4,4;0
Sirdal - Sinnes;SN42940;18.06.2023;23,7;14,1;0;5,4;0
Sirdal - Sinnes;SN42940;19.06.2023;18,4;14;5,2;3,7;0
Sirdal - Sinnes;SN42940;20.06.2023;22,1;16,9;1,6;3,5;0
Sirdal - Sinnes;SN42940;21.06.2023;19,6;14,7;0;5,2;0
Sirdal - Sinnes;SN42940;22.06.2023;16,9;13,3;1,7;5;0
Sirdal - Sinnes;SN42940;23.06.2023;19,3;14,3;0;5;0
Sirdal - Sinnes;SN42940;24.06.2023;22;15,5;0;4,8;0
Sirdal - Sinnes;SN42940;25.06.2023;25,2;17,2;0;4,7;0
Sirdal - Sinnes;SN42940;26.06.2023;21,8;14,7;0;5,8;0
Sirdal - Sinnes;SN42940;27.06.2023;15,5;12,5;21,4;5;0
Sirdal - Sinnes;SN42940;28.06.2023;22,1;14,4;0;4,4;0
Sirdal - Sinnes;SN42940;29.06.2023;18,3;14;1,4;3,7;0
Sirdal - Sinnes;SN42940;30.06.2023;14,2;11,2;19,6;5;0
Sirdal - Sinnes;SN42940;01.07.2023;15,6;11,2;0;3,8;0
Sirdal - Sinnes;SN42940;02.07.2023;16,7;11,6;10,3;4,5;0
Sirdal - Sinnes;SN42940;03.07.2023;11,9;9,3;0,6;4,3;0
Sirdal - Sinnes;SN42940;04.07.2023;14,8;10,3;12;4,9;0
Sirdal - Sinnes;SN42940;05.07.2023;18,4;11,2;0;4,3;0
Sirdal - Sinnes;SN42940;06.07.2023;13,9;10,7;1,4;3,9;0
Sirdal - Sinnes;SN42940;07.07.2023;17,8;11,3;0,1;3,9;0
Sirdal - Sinnes;SN42940;08.07.2023;24,5;16,6;0;3,8;0
Sirdal - Sinnes;SN42940;09.07.2023;25,2;18,4;0;4,2;0
Sirdal - Sinnes;SN42940;10.07.2023;21,4;13,9;5,4;4,5;0
Sirdal - Sinnes;SN42940;11.07.2023;14,5;11,6;14,2;5,8;0
Sirdal - Sinnes;SN42940;12.07.2023;16,4;12,8;25,9;5,3;0
Sirdal - Sinnes;SN42940;13.07.2023;14,3;11,2;0,5;4,4;0
Sirdal - Sinnes;SN42940;14.07.2023;15,9;11,7;1,7;4,4;0
Sirdal - Sinnes;SN42940;15.07.2023;15,4;12,7;0,7;5,7;0
Sirdal - Sinnes;SN42940;16.07.2023;14,9;12,3;20,8;6,9;0
Sirdal - Sinnes;SN42940;17.07.2023;13,5;10,7;31,2;5,9;0
Sirdal - Sinnes;SN42940;18.07.2023;13,1;9,9;7,7;5,1;0
Sirdal - Sinnes;SN42940;19.07.2023;10,7;8,7;0,8;4,7;0
Sirdal - Sinnes;SN42940;20.07.2023;13,3;9,9;1;4,1;0
Sirdal - Sinnes;SN42940;21.07.2023;14,6;10,3;0,3;4,2;0
Sirdal - Sinnes;SN42940;22.07.2023;14,2;10,5;0;4,3;0
Sirdal - Sinnes;SN42940;23.07.2023;18,1;11,6;0;4,1;0
Sirdal - Sinnes;SN42940;24.07.2023;16,3;11,3;0;3,9;0
Sirdal - Sinnes;SN42940;25.07.2023;14,1;10,4;3;4,5;0
Sirdal - Sinnes;SN42940;26.07.2023;17,1;11,8;6;5,1;0
Sirdal - Sinnes;SN42940;27.07.2023;19,7;12,7;0,2;4;0
Sirdal - Sinnes;SN42940;28.07.2023;20,2;13,1;0;4,4;0
Sirdal - Sinnes;SN42940;29.07.2023;19,7;13,4;0;4,8;0
Sirdal - Sinnes;SN42940;30.07.2023;16;12,4;8,8;4,8;0
Sirdal - Sinnes;SN42940;31.07.2023;18,6;12;0,2;4,7;0
Sirdal - Sinnes;SN42940;01.08.2023;19,4;13,4;0,5;3,5;0
Sirdal - Sinnes;SN42940;02.08.2023;20,6;13,4;0;3,5;0
Sirdal - Sinnes;SN42940;03.08.2023;21;14;1;4,6;0
Sirdal - Sinnes;SN42940;04.08.2023;17,3;12,6;0;5,5;0
Sirdal - Sinnes;SN42940;05.08.2023;17,5;11,6;0;5,4;0
Sirdal - Sinnes;SN42940;06.08.2023;17,4;12,4;0;3,4;0
Sirdal - Sinnes;SN42940;07.08.2023;14,5;11,1;0;5,7;0
Sirdal - Sinnes;SN42940;08.08.2023;11,2;9;18;6,3;0
Sirdal - Sinnes;SN42940;09.08.2023;11,3;8,9;1,5;6;0
Sirdal - Sinnes;SN42940;10.08.2023;10,7;8,9;0;6;0
Sirdal - Sinnes;SN42940;11.08.2023;19,4;13,1;0;4,8;-
Sirdal - Sinnes;SN42940;12.08.2023;19,7;14,2;0;5,1;-
Sirdal - Sinnes;SN42940;13.08.2023;15;12,7;0;4,3;-
Sirdal - Sinnes;SN42940;14.08.2023;14,3;12,4;8,7;2,5;-
Sirdal - Sinnes;SN42940;15.08.2023;16,7;12,9;20,1;4,2;-
Sirdal - Sinnes;SN42940;16.08.2023;17,7;12,5;28,7;4,7;-
Sirdal - Sinnes;SN42940;17.08.2023;20,1;13,4;0;4,2;-
Sirdal - Sinnes;SN42940;18.08.2023;20,7;15,3;0;4,7;-
Sirdal - Sinnes;SN42940;19.08.2023;16,5;15,3;0;7,5;-
Sirdal - Sinnes;SN42940;20.08.2023;19,1;15,6;10;4,4;-
Sirdal - Sinnes;SN42940;21.08.2023;17,9;13,9;4,1;4,9;-
Sirdal - Sinnes;SN42940;22.08.2023;17,6;13,1;0,8;4,5;-
Sirdal - Sinnes;SN42940;23.08.2023;16;12,5;3,5;3,2;-
Sirdal - Sinnes;SN42940;24.08.2023;17,3;11,1;2,6;3,5;-
Sirdal - Sinnes;SN42940;25.08.2023;13,5;11;17,1;3;-
Sirdal - Sinnes;SN42940;26.08.2023;17,4;12;8,8;4,7;-
Sirdal - Sinnes;SN42940;27.08.2023;16,1;10,9;1,6;4,2;-
Sirdal - Sinnes;SN42940;28.08.2023;14,4;10,3;0;4;-
Sirdal - Sinnes;SN42940;29.08.2023;14;9,8;0,7;5,3;-
Sirdal - Sinnes;SN42940;30.08.2023;14,5;11,3;0,2;3,9;-
Sirdal - Sinnes;SN42940;31.08.2023;17,6;12,6;0,3;3,5;-
Sirdal - Sinnes;SN42940;01.09.2023;20,1;12,2;0;3,8;-
Sirdal - Sinnes;SN42940;02.09.2023;15,8;9,8;0;5,8;-
Sirdal - Sinnes;SN42940;03.09.2023;14,1;10,9;1,6;4,4;-
Sirdal - Sinnes;SN42940;04.09.2023;20,1;14,1;3,9;4,7;-
Sirdal - Sinnes;SN42940;05.09.2023;17;11,8;0;4,9;-
Sirdal - Sinnes;SN42940;06.09.2023;21,8;12,4;0;3,6;-
Sirdal - Sinnes;SN42940;07.09.2023;22,6;14,5;0;4;-
Sirdal - Sinnes;SN42940;08.09.2023;23,3;16;0;4,2;-
Sirdal - Sinnes;SN42940;09.09.2023;20,8;15,3;0;3,6;-
Sirdal - Sinnes;SN42940;10.09.2023;21,5;16,4;0;4,1;-
Sirdal - Sinnes;SN42940;11.09.2023;17,9;15,6;1,7;4,8;-
Sirdal - Sinnes;SN42940;12.09.2023;15,5;10;13,9;6,3;-
Sirdal - Sinnes;SN42940;13.09.2023;12,4;6,4;0;5,7;-
Sirdal - Sinnes;SN42940;14.09.2023;10,9;8,1;0;5,1;-
Sirdal - Sinnes;SN42940;15.09.2023;12,2;10;10,2;3,1;-
Sirdal - Sinnes;SN42940;16.09.2023;12,2;10,3;24,9;3;-
Sirdal - Sinnes;SN42940;17.09.2023;14,9;8,4;2,6;4,4;-
Sirdal - Sinnes;SN42940;18.09.2023;14,2;12,5;7,9;6,3;-
Sirdal - Sinnes;SN42940;19.09.2023;14,1;8,3;35,9;5,7;-
Sirdal - Sinnes;SN42940;20.09.2023;14;10,9;5,9;5,8;-
Sirdal - Sinnes;SN42940;21.09.2023;14,2;11,3;62,5;6,5;-
Sirdal - Sinnes;SN42940;22.09.2023;14,5;9,6;10,4;5;-
Sirdal - Sinnes;SN42940;23.09.2023;11,3;8;0,9;4,1;-
Sirdal - Sinnes;SN42940;24.09.2023;11,2;8,8;0,1;4,5;-
Sirdal - Sinnes;SN42940;25.09.2023;14,3;11,9;12,5;7,9;-
Sirdal - Sinnes;SN42940;26.09.2023;14,6;12;7,3;4,9;-
Sirdal - Sinnes;SN42940;27.09.2023;15,3;11,8;2,5;5,5;-
Sirdal - Sinnes;SN42940;28.09.2023;14,4;12,2;1,6;7;-
Sirdal - Sinnes;SN42940;29.09.2023;12,3;10,1;6,9;4,3;-
Sirdal - Sinnes;SN42940;30.09.2023;10,7;8,8;12,3;6,2;-
Sirdal - Sinnes;SN42940;01.10.2023;11,2;8,2;0,7;3,7;-
Sirdal - Sinnes;SN42940;02.10.2023;13;8,6;3,8;4,8;-
Sirdal - Sinnes;SN42940;03.10.2023;11,7;8,1;0;3,7;-
Sirdal - Sinnes;SN42940;04.10.2023;9,8;7,4;11,7;6,1;-
Sirdal - Sinnes;SN42940;05.10.2023;11,5;6,9;12,5;3,8;-
Sirdal - Sinnes;SN42940;06.10.2023;11,8;8,4;9,7;7,6;-
Sirdal - Sinnes;SN42940;07.10.2023;10;3,1;2,7;6,2;-
Sirdal - Sinnes;SN42940;08.10.2023;8,4;1,9;0;2,6;-
Sirdal - Sinnes;SN42940;09.10.2023;9,4;1,6;0;4,1;-
Sirdal - Sinnes;SN42940;10.10.2023;11,5;5;0;4,1;0
Sirdal - Sinnes;SN42940;11.10.2023;11,8;6,3;18,3;8;0
Sirdal - Sinnes;SN42940;12.10.2023;6,7;4,4;22,6;6,7;0
Sirdal - Sinnes;SN42940;13.10.2023;9;6;0,9;4,7;0
Sirdal - Sinnes;SN42940;14.10.2023;6,1;3,6;20,6;5,8;0
Sirdal - Sinnes;SN42940;15.10.2023;4,7;2,6;15,4;7,1;0
Sirdal - Sinnes;SN42940;16.10.2023;4,4;2,1;1,1;8,2;0
Sirdal - Sinnes;SN42940;17.10.2023;8,4;4,8;0,2;4,9;0
Sirdal - Sinnes;SN42940;18.10.2023;7,5;2,5;1,1;5,8;0
Sirdal - Sinnes;SN42940;19.10.2023;5,3;0,6;0;7,6;0
Sirdal - Sinnes;SN42940;20.10.2023;0,7;-0,5;0;10,2;0
Sirdal - Sinnes;SN42940;21.10.2023;2;0,8;0,2;12,6;0
Sirdal - Sinnes;SN42940;22.10.2023;4,6;3,1;5;9,9;0
Sirdal - Sinnes;SN42940;23.10.2023;9,4;3,5;0,4;4,1;0
Sirdal - Sinnes;SN42940;24.10.2023;6,6;3,4;0,6;6,3;0
Sirdal - Sinnes;SN42940;25.10.2023;4,3;1,4;0,2;7,9;0
Sirdal - Sinnes;SN42940;26.10.2023;1,6;-0,2;0;7,4;0
Sirdal - Sinnes;SN42940;27.10.2023;1,1;-0,3;0;4;0
Sirdal - Sinnes;SN42940;28.10.2023;0,3;-1;0;4,1;0
Sirdal - Sinnes;SN42940;29.10.2023;1,9;0,1;0,1;6,8;0
Sirdal - Sinnes;SN42940;30.10.2023;1;-1,2;0,5;7,4;0
Sirdal - Sinnes;SN42940;31.10.2023;0,6;-5,3;0,3;3,7;0
Sirdal - Sinnes;SN42940;01.11.2023;-1,7;-3,3;0;6,8;0
Sirdal - Sinnes;SN42940;02.11.2023;3,5;1,5;13,5;12,4;0
Sirdal - Sinnes;SN42940;03.11.2023;4,9;4,1;20,7;9,7;0
Sirdal - Sinnes;SN42940;04.11.2023;6,5;5;26,8;4,9;0
Sirdal - Sinnes;SN42940;05.11.2023;4,4;3,7;3,1;6,6;0
Sirdal - Sinnes;SN42940;06.11.2023;6,8;2,8;0,6;4,2;0
Sirdal - Sinnes;SN42940;07.11.2023;5,8;-0,3;0;2,9;0
Sirdal - Sinnes;SN42940;08.11.2023;2,4;-1,9;0;6,5;0
Sirdal - Sinnes;SN42940;09.11.2023;2,2;-0,5;1,5;7,1;0
Sirdal - Sinnes;SN42940;10.11.2023;3,4;1,8;0,1;4,5;0
Sirdal - Sinnes;SN42940;11.11.2023;2,1;-2,3;1;4,2;0
Sirdal - Sinnes;SN42940;12.11.2023;2,6;0,3;0;4;0
Sirdal - Sinnes;SN42940;13.11.2023;2,2;0,3;0,8;5;0
Sirdal - Sinnes;SN42940;14.11.2023;0,2;-1,3;0;6,4;0
Sirdal - Sinnes;SN42940;15.11.2023;-0,4;-4,6;0;2,8;0
Sirdal - Sinnes;SN42940;16.11.2023;-2,8;-5,9;6,7;3;6
Sirdal - Sinnes;SN42940;17.11.2023;-5,2;-12,2;2,3;3,3;2
Sirdal - Sinnes;SN42940;18.11.2023;-0,4;-5;0;4,2;0
Sirdal - Sinnes;SN42940;19.11.2023;-0,1;-1;0;7;0
Sirdal - Sinnes;SN42940;20.11.2023;0,5;-0,5;1,5;4,3;0
Sirdal - Sinnes;SN42940;21.11.2023;0,1;-3,2;0;1,5;0
Sirdal - Sinnes;SN42940;22.11.2023;5,2;1,3;1,6;5,3;0
Sirdal - Sinnes;SN42940;23.11.2023;5;1,3;36,5;8,6;0
Sirdal - Sinnes;SN42940;24.11.2023;0,4;-1,8;10,6;8,9;0
Sirdal - Sinnes;SN42940;25.11.2023;-0,4;-6,9;1,2;5,1;0
Sirdal - Sinnes;SN42940;26.11.2023;-2,4;-5,7;0;2;0
Sirdal - Sinnes;SN42940;27.11.2023;-1,8;-5,5;0;4,5;0
Sirdal - Sinnes;SN42940;28.11.2023;-6,4;-10,8;0;7,4;0
Sirdal - Sinnes;SN42940;29.11.2023;-3,6;-6,9;0;7,3;0
Sirdal - Sinnes;SN42940;30.11.2023;-4,7;-6,5;0;6,4;0
Sirdal - Sinnes;SN42940;01.12.2023;-6,8;-14,7;0;1,8;0
Sirdal - Sinnes;SN42940;02.12.2023;-5,9;-9,2;0,3;2,1;0
Sirdal - Sinnes;SN42940;03.12.2023;-4,6;-5,9;3,8;3,6;9
Sirdal - Sinnes;SN42940;04.12.2023;-5,5;-8,2;1;4,6;10
Sirdal - Sinnes;SN42940;05.12.2023;-5,2;-6,3;0,3;3,3;10
Sirdal - Sinnes;SN42940;06.12.2023;-4,1;-;0;3;9
Sirdal - Sinnes;SN42940;07.12.2023;-4,2;-8,1;0,9;3,5;9
Sirdal - Sinnes;SN42940;08.12.2023;-3,4;-3,7;0,1;8,2;7
Sirdal - Sinnes;SN42940;09.12.2023;0,4;-0,6;0;8,5;6
Sirdal - Sinnes;SN42940;10.12.2023;0,6;-1,2;3,1;7,5;5
Sirdal - Sinnes;SN42940;11.12.2023;-1,2;-1,7;0;6,9;4
Sirdal - Sinnes;SN42940;12.12.2023;-1,4;-2,8;0;4,9;4
Sirdal - Sinnes;SN42940;13.12.2023;-3,5;-9,3;0;4,2;4
Sirdal - Sinnes;SN42940;14.12.2023;-8;-11;0;4;5
Sirdal - Sinnes;SN42940;15.12.2023;4,3;0,9;8,5;3,2;10
Sirdal - Sinnes;SN42940;16.12.2023;6,7;4;9,1;3,3;5
Sirdal - Sinnes;SN42940;17.12.2023;6,6;3,8;26,4;3,7;0
Sirdal - Sinnes;SN42940;18.12.2023;5,2;2;21;2,5;0
Sirdal - Sinnes;SN42940;19.12.2023;4,7;0,9;12,4;5,4;0
Sirdal - Sinnes;SN42940;20.12.2023;0,7;-1,1;10,9;4;15
Sirdal - Sinnes;SN42940;21.12.2023;1,9;-1,3;24,1;10,9;35
Sirdal - Sinnes;SN42940;22.12.2023;-0,8;-6,7;54,9;8,6;43
Sirdal - Sinnes;SN42940;23.12.2023;-1,3;-8,4;8,6;6;50
Sirdal - Sinnes;SN42940;24.12.2023;-2,1;-4;2,7;4;50
Sirdal - Sinnes;SN42940;25.12.2023;3,1;-0,7;16;7,5;51
Sirdal - Sinnes;SN42940;26.12.2023;-0,8;-5,9;4,5;3,5;48
Sirdal - Sinnes;SN42940;27.12.2023;-0,5;-6,6;1,8;6,1;48
Sirdal - Sinnes;SN42940;28.12.2023;-2,8;-2,9;2;8,2;56
Sirdal - Sinnes;SN42940;29.12.2023;1,3;0,2;8;7,6;64
Sirdal - Sinnes;SN42940;30.12.2023;0,3;-4,4;8;4,4;62
Sirdal - Sinnes;SN42940;31.12.2023;-1,7;-2,6;1;11,7;58
Sirdal - Sinnes;SN42940;01.01.2024;-2,7;-4,5;0;15,7;56
Sirdal - Sinnes;SN42940;02.01.2024;-5,2;-8,4;0;14;55
Sirdal - Sinnes;SN42940;03.01.2024;-10;-11;0;13,9;54
Sirdal - Sinnes;SN42940;04.01.2024;-11,6;-14,7;0;11,5;53
Sirdal - Sinnes;SN42940;05.01.2024;-13,7;-22,8;0;2,2;52
Sirdal - Sinnes;SN42940;06.01.2024;-18,5;-23,6;0;2,8;52
Sirdal - Sinnes;SN42940;07.01.2024;-16,3;-22,5;0;2,1;52
Sirdal - Sinnes;SN42940;08.01.2024;-15,7;-21,4;0;2,2;51
Sirdal - Sinnes;SN42940;09.01.2024;-9,7;-15,2;0;1,7;51
Sirdal - Sinnes;SN42940;10.01.2024;-10,1;-14,4;0;2,3;51
Sirdal - Sinnes;SN42940;11.01.2024;0;-11;0;4,3;51
Sirdal - Sinnes;SN42940;12.01.2024;0,4;-5,5;0;6,6;51
Sirdal - Sinnes;SN42940;13.01.2024;2,8;-0,4;5,1;6,8;57
Sirdal - Sinnes;SN42940;14.01.2024;-0,5;-3,7;4,1;5,4;56
Sirdal - Sinnes;SN42940;15.01.2024;-3,5;-14,1;2,5;5,8;56
Sirdal - Sinnes;SN42940;16.01.2024;-9,2;-13,3;0;4,1;55
Sirdal - Sinnes;SN42940;17.01.2024;-4,1;-9,6;7,8;4,1;69
Sirdal - Sinnes;SN42940;18.01.2024;-5,6;-12,4;1;3,6;68
Sirdal - Sinnes;SN42940;19.01.2024;-2,7;-6,4;7;4,5;77
Sirdal - Sinnes;SN42940;20.01.2024;-3,7;-8,7;6,2;3,3;78
Sirdal - Sinnes;SN42940;21.01.2024;1,2;-0,1;7,9;8,1;86
Sirdal - Sinnes;SN42940;22.01.2024;4,5;2,6;32,1;10,2;80
Sirdal - Sinnes;SN42940;23.01.2024;2,9;1,1;46,1;7,4;76
Sirdal - Sinnes;SN42940;24.01.2024;4,6;2,4;17,7;7;82
Sirdal - Sinnes;SN42940;25.01.2024;4,3;-0,2;26;6,5;75
Sirdal - Sinnes;SN42940;26.01.2024;2,5;1,4;0,2;7,8;75
Sirdal - Sinnes;SN42940;27.01.2024;3;2,1;10,5;5,7;76
Sirdal - Sinnes;SN42940;28.01.2024;2,8;1,9;2,7;6,5;71
Sirdal - Sinnes;SN42940;29.01.2024;3,5;1,2;0,6;4,4;68
Sirdal - Sinnes;SN42940;30.01.2024;1,1;-0,6;3,5;4,5;65
Sirdal - Sinnes;SN42940;31.01.2024;1,6;-0,7;21,1;6,5;68
Sirdal - Sinnes;SN42940;01.02.2024;1,1;-0,4;-;10;100
Sirdal - Sinnes;SN42940;02.02.2024;6,8;3,7;-;6,2;101
Sirdal - Sinnes;SN42940;03.02.2024;6;1,6;-;9,7;88
Sirdal - Sinnes;SN42940;04.02.2024;1,9;0,6;-;8,7;98
Sirdal - Sinnes;SN42940;05.02.2024;0,5;-2,7;-;8,1;93
Sirdal - Sinnes;SN42940;06.02.2024;-4;-7,4;-;5,7;93
Sirdal - Sinnes;SN42940;07.02.2024;-2,2;-9,2;-;2,1;104
Sirdal - Sinnes;SN42940;08.02.2024;-2;-10,8;-;3,2;100
Sirdal - Sinnes;SN42940;09.02.2024;-7,5;-11,2;-;8,7;101
Sirdal - Sinnes;SN42940;10.02.2024;-6,2;-7,6;-;14,4;90
Sirdal - Sinnes;SN42940;11.02.2024;0,3;-3,8;-;12,6;91
Sirdal - Sinnes;SN42940;12.02.2024;-2;-4,6;-;12,4;88
Sirdal - Sinnes;SN42940;13.02.2024;-2;-3,9;-;7,9;94
Sirdal - Sinnes;SN42940;14.02.2024;1,1;-1,9;-;3;99
Sirdal - Sinnes;SN42940;15.02.2024;3,1;0,5;-;8,7;98
Sirdal - Sinnes;SN42940;16.02.2024;3,5;1,7;-;5,8;97
Sirdal - Sinnes;SN42940;17.02.2024;4,5;-4;-;4,5;93
Sirdal - Sinnes;SN42940;18.02.2024;1,2;-2,2;-;5,6;94
Sirdal - Sinnes;SN42940;19.02.2024;5,6;1,1;-;4,2;96
Sirdal - Sinnes;SN42940;20.02.2024;4;2;-;3,2;92
Sirdal - Sinnes;SN42940;21.02.2024;4,9;1,6;-;5,4;90
Sirdal - Sinnes;SN42940;22.02.2024;4,3;2,1;-;8,8;90
Sirdal - Sinnes;SN42940;23.02.2024;3,1;0,9;-;6,9;89
Sirdal - Sinnes;SN42940;24.02.2024;2,6;0,6;-;5,5;93
Sirdal - Sinnes;SN42940;25.02.2024;2,9;-0,4;-;2,6;101
Sirdal - Sinnes;SN42940;26.02.2024;0;-8,3;-;3;95
Sirdal - Sinnes;SN42940;27.02.2024;0,3;-5,9;-;5,8;95
Sirdal - Sinnes;SN42940;28.02.2024;3,4;1,3;-;4,6;104
Sirdal - Sinnes;SN42940;29.02.2024;3,6;2,4;-;7,2;97
Sirdal - Sinnes;SN42940;01.03.2024;3,3;2,3;4,2;6,5;92
Sirdal - Sinnes;SN42940;02.03.2024;4;3,3;2;6,2;91
Sirdal - Sinnes;SN42940;03.03.2024;6,2;4,4;0;8;86
Sirdal - Sinnes;SN42940;04.03.2024;5;2,4;1;11,1;79
Sirdal - Sinnes;SN42940;05.03.2024;3,5;0,5;0;8,2;78
Sirdal - Sinnes;SN42940;06.03.2024;1,3;-1,1;0;7,6;77
Sirdal - Sinnes;SN42940;07.03.2024;5,7;-0,6;0;3,6;77
Sirdal - Sinnes;SN42940;08.03.2024;5,1;-2,9;0;3,7;77
Sirdal - Sinnes;SN42940;09.03.2024;1,9;-0,8;0;5,4;76
Sirdal - Sinnes;SN42940;10.03.2024;-1,7;-3,6;0;7;75
Sirdal - Sinnes;SN42940;11.03.2024;3,9;-0,2;0;9,4;74
Sirdal - Sinnes;SN42940;12.03.2024;3,7;1,7;0;8,5;73
Sirdal - Sinnes;SN42940;13.03.2024;3,5;1,7;0;6,7;72
Sirdal - Sinnes;SN42940;14.03.2024;3,4;2,2;18;3,5;69
Sirdal - Sinnes;SN42940;15.03.2024;4,7;1,8;3,8;2,8;68
Sirdal - Sinnes;SN42940;16.03.2024;2,3;0,4;14,2;8,4;67
Sirdal - Sinnes;SN42940;17.03.2024;0,1;-3,8;0,2;8;67
Sirdal - Sinnes;SN42940;18.03.2024;-0,7;-2,2;0;7,3;66
Sirdal - Sinnes;SN42940;19.03.2024;0,9;-0,3;0;8,3;66
Sirdal - Sinnes;SN42940;20.03.2024;4,3;0,9;2,4;4,4;65
Sirdal - Sinnes;SN42940;21.03.2024;3;-1,6;0;4,9;65
Sirdal - Sinnes;SN42940;22.03.2024;4,2;1,6;11,3;5,7;69
Sirdal - Sinnes;SN42940;23.03.2024;2,9;1,2;15;6,6;70
Sirdal - Sinnes;SN42940;24.03.2024;6;1,4;6,8;5,2;68
Sirdal - Sinnes;SN42940;25.03.2024;4,4;-0,5;0,2;2,8;69
Sirdal - Sinnes;SN42940;26.03.2024;1,5;-0,9;3,6;4,4;69
Sirdal - Sinnes;SN42940;27.03.2024;3,9;2,5;0,9;8,2;70
Sirdal - Sinnes;SN42940;28.03.2024;6,4;4,1;1,2;8,6;64
Sirdal - Sinnes;SN42940;29.03.2024;4,8;2,6;7,4;6,4;59
Sirdal - Sinnes;SN42940;30.03.2024;5,1;3,8;4;5,4;54
Sirdal - Sinnes;SN42940;31.03.2024;6,1;2,8;12,6;6;51
Sirdal - Sinnes;SN42940;01.04.2024;7,9;2;-;5,6;46
Sirdal - Sinnes;SN42940;02.04.2024;7,9;2,6;-;7,3;42
Sirdal - Sinnes;SN42940;03.04.2024;2,7;-1,5;-;4,9;39
Sirdal - Sinnes;SN42940;04.04.2024;0,3;-4,7;-;10,2;37
Sirdal - Sinnes;SN42940;05.04.2024;1,6;-1,2;-;6,5;38
Sirdal - Sinnes;SN42940;06.04.2024;4,5;2,3;-;5,8;41
Sirdal - Sinnes;SN42940;07.04.2024;5,3;4,1;-;5,6;33
Sirdal - Sinnes;SN42940;08.04.2024;8,1;5,1;-;4,4;28
Sirdal - Sinnes;SN42940;09.04.2024;7,8;4,7;-;5,9;22
Sirdal - Sinnes;SN42940;10.04.2024;5,1;2,8;-;8,1;17
Sirdal - Sinnes;SN42940;11.04.2024;8,8;4,5;-;4,9;12
Sirdal - Sinnes;SN42940;12.04.2024;10;4,1;-;5,7;7
Sirdal - Sinnes;SN42940;13.04.2024;8,1;4,7;-;4,2;2
Sirdal - Sinnes;SN42940;14.04.2024;4,5;1,9;-;6;0
Sirdal - Sinnes;SN42940;15.04.2024;4,3;1,5;-;6,2;0
Sirdal - Sinnes;SN42940;16.04.2024;7,8;2,4;-;4,5;0
Sirdal - Sinnes;SN42940;17.04.2024;8,6;1,9;-;5,3;0
Sirdal - Sinnes;SN42940;18.04.2024;4,4;-0,3;-;5,7;0
Sirdal - Sinnes;SN42940;19.04.2024;3,9;0,8;-;4,4;0
Sirdal - Sinnes;SN42940;20.04.2024;4,2;0,4;-;9,6;0
Sirdal - Sinnes;SN42940;21.04.2024;5,5;0,2;-;4,2;0
Sirdal - Sinnes;SN42940;22.04.2024;7;0,8;-;3,3;0
Sirdal - Sinnes;SN42940;23.04.2024;4,7;1,5;-;5,5;0
Sirdal - Sinnes;SN42940;24.04.2024;6,7;1,6;-;3,8;0
Sirdal - Sinnes;SN42940;25.04.2024;4,6;1,7;-;4,5;0
Sirdal - Sinnes;SN42940;26.04.2024;6,4;2,3;-;4,2;0
Sirdal - Sinnes;SN42940;27.04.2024;7,8;2,9;-;4,1;0
Sirdal - Sinnes;SN42940;28.04.2024;9,2;5;-;6,4;0
Sirdal - Sinnes;SN42940;29.04.2024;9;5,1;-;7,7;0
Sirdal - Sinnes;SN42940;30.04.2024;10,5;7;-;7,4;0
Sirdal - Sinnes;SN42940;01.05.2024;15;11,6;-;10,8;0
Sirdal - Sinnes;SN42940;02.05.2024;16,6;11,9;-;7,2;0
Sirdal - Sinnes;SN42940;03.05.2024;17;12,9;-;6,3;0
Sirdal - Sinnes;SN42940;04.05.2024;19,2;12,5;-;5,1;0
Sirdal - Sinnes;SN42940;05.05.2024;12,6;8,2;-;3,6;0
Sirdal - Sinnes;SN42940;06.05.2024;9,9;7,6;-;3,9;0
Sirdal - Sinnes;SN42940;07.05.2024;13,8;8,1;-;4,2;0
Sirdal - Sinnes;SN42940;08.05.2024;12,7;7,8;-;4,8;0
Sirdal - Sinnes;SN42940;09.05.2024;12,2;7,4;-;4,3;0
Sirdal - Sinnes;SN42940;10.05.2024;13,5;8,3;-;5,5;0
Sirdal - Sinnes;SN42940;11.05.2024;18,4;11,1;-;3,3;0
Sirdal - Sinnes;SN42940;12.05.2024;19,6;11,8;-;4,9;0
Sirdal - Sinnes;SN42940;13.05.2024;16,7;11,2;-;6,2;0
Sirdal - Sinnes;SN42940;14.05.2024;18,9;12,9;-;6,1;0
Sirdal - Sinnes;SN42940;15.05.2024;20,5;13,3;-;5,7;0
Sirdal - Sinnes;SN42940;16.05.2024;18,8;12,5;-;6,5;0
Sirdal - Sinnes;SN42940;17.05.2024;19,4;12,4;-;6,3;0
Sirdal - Sinnes;SN42940;18.05.2024;21,6;12,5;-;4,4;0
Sirdal - Sinnes;SN42940;19.05.2024;20;12,3;-;4,4;0
Sirdal - Sinnes;SN42940;20.05.2024;22,1;14;-;4,4;0
Sirdal - Sinnes;SN42940;21.05.2024;21,4;14,4;-;4,9;0
Sirdal - Sinnes;SN42940;22.05.2024;19,5;15,5;-;6,3;0
Sirdal - Sinnes;SN42940;23.05.2024;20,9;15,9;-;6,6;0
Sirdal - Sinnes;SN42940;24.05.2024;17,6;13,2;-;6,3;0
Sirdal - Sinnes;SN42940;25.05.2024;19;15,1;-;3,9;0
Sirdal - Sinnes;SN42940;26.05.2024;19,1;14,9;-;6,3;0
Sirdal - Sinnes;SN42940;27.05.2024;16,8;12,8;-;5,2;0
Sirdal - Sinnes;SN42940;28.05.2024;13;9,8;-;4,3;0
Sirdal - Sinnes;SN42940;29.05.2024;12,7;10,2;-;4,1;0
Sirdal - Sinnes;SN42940;30.05.2024;16,4;12,4;-;6;0
Sirdal - Sinnes;SN42940;31.05.2024;20,1;13,1;-;4,2;0
Sirdal - Sinnes;SN42940;01.06.2024;21,5;14,6;-;4,4;0
Sirdal - Sinnes;SN42940;02.06.2024;20,6;13,8;-;5,2;0
Sirdal - Sinnes;SN42940;03.06.2024;13,9;9,9;-;5,6;0
Sirdal - Sinnes;SN42940;04.06.2024;13;9,6;-;7,1;0
Sirdal - Sinnes;SN42940;05.06.2024;9,8;6;-;6,5;0
Sirdal - Sinnes;SN42940;06.06.2024;9,4;5,1;-;4,9;0
Sirdal - Sinnes;SN42940;07.06.2024;8,7;6;-;5,3;0
Sirdal - Sinnes;SN42940;08.06.2024;8,4;5,3;-;5,4;0
Sirdal - Sinnes;SN42940;09.06.2024;8,6;5,5;-;4,8;0
Sirdal - Sinnes;SN42940;10.06.2024;13,2;9,3;-;5,5;0
Sirdal - Sinnes;SN42940;11.06.2024;14,9;9,2;-;4,8;0
Sirdal - Sinnes;SN42940;12.06.2024;13,5;8,5;-;5,6;0
Sirdal - Sinnes;SN42940;13.06.2024;12;7,9;-;4,7;0
Sirdal - Sinnes;SN42940;14.06.2024;11,8;8,7;-;5,1;0
Sirdal - Sinnes;SN42940;15.06.2024;12,9;10,7;-;8;0
Sirdal - Sinnes;SN42940;16.06.2024;14,2;10,3;-;7,8;0
Sirdal - Sinnes;SN42940;17.06.2024;13,7;9,7;-;6;0
Sirdal - Sinnes;SN42940;18.06.2024;12,3;9,4;-;4,3;0
Sirdal - Sinnes;SN42940;19.06.2024;13,6;9,8;-;4,6;0
Sirdal - Sinnes;SN42940;20.06.2024;15,1;9,5;-;5,5;0
Sirdal - Sinnes;SN42940;21.06.2024;19,8;12,6;-;4,7;0
Sirdal - Sinnes;SN42940;22.06.2024;18,1;11,3;-;3,3;0
Sirdal - Sinnes;SN42940;23.06.2024;17;12;-;3,8;0
Sirdal - Sinnes;SN42940;24.06.2024;23;15,1;-;4,6;0
Sirdal - Sinnes;SN42940;25.06.2024;23,8;15,4;-;4,7;0
Sirdal - Sinnes;SN42940;26.06.2024;25,7;18,6;-;4,2;0
Sirdal - Sinnes;SN42940;27.06.2024;22,9;18;-;5,6;0
Sirdal - Sinnes;SN42940;28.06.2024;19,1;12;-;6;0
Sirdal - Sinnes;SN42940;29.06.2024;12,5;9;-;5,8;0
Sirdal - Sinnes;SN42940;30.06.2024;14,8;10;-;4,7;0
Sirdal - Sinnes;SN42940;01.07.2024;12,1;9,5;-;4,6;0
Sirdal - Sinnes;SN42940;02.07.2024;12,9;10,3;-;6,1;0
Sirdal - Sinnes;SN42940;03.07.2024;15,4;10,2;-;4,4;0
Sirdal - Sinnes;SN42940;04.07.2024;11,9;7,7;-;5,1;0
Sirdal - Sinnes;SN42940;05.07.2024;9,6;7,1;-;4;0
Sirdal - Sinnes;SN42940;06.07.2024;13,1;9,9;-;2,7;0
Sirdal - Sinnes;SN42940;07.07.2024;11,1;8,9;-;5,9;0
Sirdal - Sinnes;SN42940;08.07.2024;13,7;9,3;-;4,4;0
Sirdal - Sinnes;SN42940;09.07.2024;18,6;11,6;-;4,3;0
Sirdal - Sinnes;SN42940;10.07.2024;16,6;12,6;-;7;0
Sirdal - Sinnes;SN42940;11.07.2024;17,1;13,5;-;3,9;0
Sirdal - Sinnes;SN42940;12.07.2024;17,5;13,1;-;3,7;0
Sirdal - Sinnes;SN42940;13.07.2024;21,2;16;-;4,8;0
Sirdal - Sinnes;SN42940;14.07.2024;19,5;13,1;-;5,3;0
Sirdal - Sinnes;SN42940;15.07.2024;18,4;13,2;-;3,9;0
Sirdal - Sinnes;SN42940;16.07.2024;15,3;13,3;-;4,3;0
Sirdal - Sinnes;SN42940;17.07.2024;17,4;13,4;-;3,9;0
Sirdal - Sinnes;SN42940;18.07.2024;17,1;13,1;-;5,1;0
Sirdal - Sinnes;SN42940;19.07.2024;19;13,9;-;3,9;0
Sirdal - Sinnes;SN42940;20.07.2024;24,6;17;-;4,3;0
Sirdal - Sinnes;SN42940;21.07.2024;22;16,1;0;5,3;0
Sirdal - Sinnes;SN42940;22.07.2024;19,1;14,7;9;4;0
Sirdal - Sinnes;SN42940;23.07.2024;21;14;0;4,4;0
Sirdal - Sinnes;SN42940;24.07.2024;19,1;13,8;0;4,3;0
Sirdal - Sinnes;SN42940;25.07.2024;16,7;12,5;0;4,9;0
Sirdal - Sinnes;SN42940;26.07.2024;18,9;14,3;5,3;4,3;0
Sirdal - Sinnes;SN42940;27.07.2024;17,4;12,2;1,9;4,3;0
Sirdal - Sinnes;SN42940;28.07.2024;16;11,4;0,1;6,3;0
Sirdal - Sinnes;SN42940;29.07.2024;18,8;12,6;0;3,8;0
Sirdal - Sinnes;SN42940;30.07.2024;17,7;13,1;0;4,6;0
Sirdal - Sinnes;SN42940;31.07.2024;17,1;12;0;5,5;0
Sirdal - Sinnes;SN42940;01.08.2024;20,5;13,4;0;4;0
Sirdal - Sinnes;SN42940;02.08.2024;21,7;14,5;0;3,5;0
Sirdal - Sinnes;SN42940;03.08.2024;18,4;13,2;0;3,6;-
Sirdal - Sinnes;SN42940;04.08.2024;14,4;12;3,2;4,8;-
Sirdal - Sinnes;SN42940;05.08.2024;17,8;12,5;0,1;4,2;-
Sirdal - Sinnes;SN42940;06.08.2024;18,1;14,8;0,3;4,5;-
Sirdal - Sinnes;SN42940;07.08.2024;18,8;14,7;9,8;5,5;-
Sirdal - Sinnes;SN42940;08.08.2024;15,7;11,9;11,9;5;-
Sirdal - Sinnes;SN42940;09.08.2024;16,1;12,3;4,2;5,8;-
Sirdal - Sinnes;SN42940;10.08.2024;13,9;10,7;25,1;5,3;-
Sirdal - Sinnes;SN42940;11.08.2024;14,5;10,9;9,5;5;-
Sirdal - Sinnes;SN42940;12.08.2024;20,7;13,1;0;3,3;-
Sirdal - Sinnes;SN42940;13.08.2024;18;14,7;0;5,9;-
Sirdal - Sinnes;SN42940;14.08.2024;16,8;15,2;0;7,9;-
Sirdal - Sinnes;SN42940;15.08.2024;15,7;12,7;1,1;5,8;-
Sirdal - Sinnes;SN42940;16.08.2024;15,6;11,2;11,9;4,7;-
Sirdal - Sinnes;SN42940;17.08.2024;13,1;10,7;1,5;4,5;-
Sirdal - Sinnes;SN42940;18.08.2024;12,1;9,9;3,6;4,2;-
Sirdal - Sinnes;SN42940;19.08.2024;15,3;10,8;6,6;5,1;-
Sirdal - Sinnes;SN42940;20.08.2024;15,5;13,5;2,2;6,7;-
Sirdal - Sinnes;SN42940;21.08.2024;15,7;11,1;7,6;5;-
Sirdal - Sinnes;SN42940;22.08.2024;13,8;11,3;1,2;6,2;-
Sirdal - Sinnes;SN42940;23.08.2024;13,3;9,3;12,9;4,2;-
Sirdal - Sinnes;SN42940;24.08.2024;12,1;9,5;12;5,2;-
Sirdal - Sinnes;SN42940;25.08.2024;12,6;9,4;10,6;5,8;-
Sirdal - Sinnes;SN42940;26.08.2024;13,7;9,7;22,9;5,6;-
Sirdal - Sinnes;SN42940;27.08.2024;14,5;9,8;1,8;5,4;-
Sirdal - Sinnes;SN42940;28.08.2024;19,6;15,5;1,4;4,7;-
Sirdal - Sinnes;SN42940;29.08.2024;17,7;13,5;0;5,9;-
Sirdal - Sinnes;SN42940;30.08.2024;12,1;9,4;8,8;3,8;-
Sirdal - Sinnes;SN42940;31.08.2024;18,1;11;2,1;3,8;-
Sirdal - Sinnes;SN42940;01.09.2024;19,9;11,3;0;3,7;-
Sirdal - Sinnes;SN42940;02.09.2024;18,1;11,4;0;3,6;-
Sirdal - Sinnes;SN42940;03.09.2024;16,2;14,4;4,7;5,4;-
Sirdal - Sinnes;SN42940;04.09.2024;17;15,8;5;4,6;-
Sirdal - Sinnes;SN42940;05.09.2024;24,3;19,2;3,2;6,4;-
Sirdal - Sinnes;SN42940;06.09.2024;23,3;17,4;0;4;-
Sirdal - Sinnes;SN42940;07.09.2024;22,5;15,6;0,2;4;-
Sirdal - Sinnes;SN42940;08.09.2024;20,6;16,8;0;6;-
Sirdal - Sinnes;SN42940;09.09.2024;17,9;13,4;12,2;4,4;-
Sirdal - Sinnes;SN42940;10.09.2024;10,8;7,3;0,3;5,7;-
Sirdal - Sinnes;SN42940;11.09.2024;9;6;36,2;7,3;-
Sirdal - Sinnes;SN42940;12.09.2024;10,4;6,5;11,5;4,3;-
Sirdal - Sinnes;SN42940;13.09.2024;10,1;5,6;0,2;4,5;-
Sirdal - Sinnes;SN42940;14.09.2024;11,9;6,7;0;4,2;-
Sirdal - Sinnes;SN42940;15.09.2024;11,8;9,9;0,7;4,1;-
Sirdal - Sinnes;SN42940;16.09.2024;15,1;10;3,7;4,1;-
Sirdal - Sinnes;SN42940;17.09.2024;20;9,9;0,4;3,3;-
Sirdal - Sinnes;SN42940;18.09.2024;22,4;12,3;0;3,6;-
Sirdal - Sinnes;SN42940;19.09.2024;21,8;12,3;0;3,3;-
Sirdal - Sinnes;SN42940;20.09.2024;21;11,5;0;3;-
Sirdal - Sinnes;SN42940;21.09.2024;21,1;10,9;0;3,7;-
Sirdal - Sinnes;SN42940;22.09.2024;17,3;9,7;0;2,5;-
Sirdal - Sinnes;SN42940;23.09.2024;14,6;9;0;3,3;-
Sirdal - Sinnes;SN42940;24.09.2024;12,1;10,3;6;4,5;-
Sirdal - Sinnes;SN42940;25.09.2024;10,9;7,4;14,3;4,7;-
Sirdal - Sinnes;SN42940;26.09.2024;11,8;5,2;1,7;3,9;-
Sirdal - Sinnes;SN42940;27.09.2024;11,6;4,9;0;3,6;-
Sirdal - Sinnes;SN42940;28.09.2024;6,5;2,7;0,1;7,1;-
Sirdal - Sinnes;SN42940;29.09.2024;5,3;3,3;1,9;3,8;-
Sirdal - Sinnes;SN42940;30.09.2024;9,9;7,6;3,6;5,1;-
Sirdal - Sinnes;SN42940;01.10.2024;10,2;6,8;0;5,9;-
Sirdal - Sinnes;SN42940;02.10.2024;13,1;4,9;0;3,4;-
Sirdal - Sinnes;SN42940;03.10.2024;13,6;3,8;0;3,3;-
Sirdal - Sinnes;SN42940;04.10.2024;13,9;4,1;0;3,8;-
Sirdal - Sinnes;SN42940;05.10.2024;9,2;6,1;0;3,6;-
Sirdal - Sinnes;SN42940;06.10.2024;9,6;7,8;0,1;4,9;-
Sirdal - Sinnes;SN42940;07.10.2024;8;7,5;0;5,1;-
Sirdal - Sinnes;SN42940;08.10.2024;12,5;9,8;6,1;4,9;-
Sirdal - Sinnes;SN42940;09.10.2024;10,7;9,1;9,8;5,9;-
Sirdal - Sinnes;SN42940;10.10.2024;8,4;5,1;0,1;5,5;-
Sirdal - Sinnes;SN42940;11.10.2024;3,5;2,1;0,5;5,1;-
Sirdal - Sinnes;SN42940;12.10.2024;5,9;3,5;4,2;5,7;-
Sirdal - Sinnes;SN42940;13.10.2024;8,1;5,8;11,9;4,2;-
Sirdal - Sinnes;SN42940;14.10.2024;5,3;2,1;1,6;5,2;-
Sirdal - Sinnes;SN42940;15.10.2024;6,4;2,5;0;2,5;-
Sirdal - Sinnes;SN42940;16.10.2024;7,2;5,2;0;6,6;-
Sirdal - Sinnes;SN42940;17.10.2024;8,9;8;0;6;-
Sirdal - Sinnes;SN42940;18.10.2024;11,4;8,9;4;3,3;-
Sirdal - Sinnes;SN42940;19.10.2024;12,2;10,5;2;5,7;-
Sirdal - Sinnes;SN42940;20.10.2024;11,3;9,4;14,7;8,8;-
Sirdal - Sinnes;SN42940;21.10.2024;10,1;7,6;21;8,5;-
Sirdal - Sinnes;SN42940;22.10.2024;8,6;6,4;8;5,5;-
Sirdal - Sinnes;SN42940;23.10.2024;8,3;7;7,1;5,5;-
Sirdal - Sinnes;SN42940;24.10.2024;9,1;7,9;0,3;4,2;-
Sirdal - Sinnes;SN42940;25.10.2024;8,6;5,3;0,2;3,6;-
Sirdal - Sinnes;SN42940;26.10.2024;10,7;7,4;0,1;4,9;-
Sirdal - Sinnes;SN42940;27.10.2024;8,3;5;28,8;5,6;-
Sirdal - Sinnes;SN42940;28.10.2024;7,9;4,9;5,6;4,1;-
Sirdal - Sinnes;SN42940;29.10.2024;6,7;2,6;0,6;2,3;-
Sirdal - Sinnes;SN42940;30.10.2024;8,5;6,1;0;6,1;-
Sirdal - Sinnes;SN42940;31.10.2024;10,7;9;0,1;6,3;-
Sirdal - Sinnes;SN42940;01.11.2024;10,3;4;6;7,3;-
Sirdal - Sinnes;SN42940;02.11.2024;2,3;-0,1;3,7;7,5;-
Sirdal - Sinnes;SN42940;03.11.2024;9,6;7,1;2,6;3,9;-
Sirdal - Sinnes;SN42940;04.11.2024;9,5;2,6;0;5,1;-
Sirdal - Sinnes;SN42940;05.11.2024;8;0,4;0;2,9;-
Sirdal - Sinnes;SN42940;06.11.2024;5,6;1,9;0;3,7;-
Sirdal - Sinnes;SN42940;07.11.2024;10,5;2,8;0;4,2;-
Sirdal - Sinnes;SN42940;08.11.2024;5;1,6;0;2,6;-
Sirdal - Sinnes;SN42940;09.11.2024;5,4;3;0;4,1;-
Sirdal - Sinnes;SN42940;10.11.2024;4,5;3,4;0;3,5;-
Sirdal - Sinnes;SN42940;11.11.2024;6,3;2;0,6;3,7;-
Sirdal - Sinnes;SN42940;12.11.2024;5,7;1,8;0,1;3,5;-
Sirdal - Sinnes;SN42940;13.11.2024;8,2;6;0;6,9;-
Sirdal - Sinnes;SN42940;14.11.2024;5,5;4,2;0;7,3;-
Sirdal - Sinnes;SN42940;15.11.2024;7,3;5,2;0;4,3;-
Sirdal - Sinnes;SN42940;16.11.2024;8,3;2;12,2;7;-
Sirdal - Sinnes;SN42940;17.11.2024;2,8;1,1;19,8;6,4;-
Sirdal - Sinnes;SN42940;18.11.2024;1;-4,6;0,7;4,1;-
Sirdal - Sinnes;SN42940;19.11.2024;-3,8;-8,5;0;2,2;-
Sirdal - Sinnes;SN42940;20.11.2024;-3,9;-9,1;0;2,4;-
Sirdal - Sinnes;SN42940;21.11.2024;-7,1;-13;0;2,8;-
Sirdal - Sinnes;SN42940;22.11.2024;-7,7;-13,3;0;1,8;-
Sirdal - Sinnes;SN42940;23.11.2024;-2,4;-6;0,9;3,1;-
Sirdal - Sinnes;SN42940;24.11.2024;4,1;2;1,3;5,7;-
Sirdal - Sinnes;SN42940;25.11.2024;5,6;3,9;33;6,3;-
Sirdal - Sinnes;SN42940;26.11.2024;4,4;3,1;44;7,4;-
Sirdal - Sinnes;SN42940;27.11.2024;2,7;0,5;1,6;1,9;3
Sirdal - Sinnes;SN42940;28.11.2024;-0,4;-4,3;0;3,6;3
Sirdal - Sinnes;SN42940;29.11.2024;3,2;-1,2;0;3,3;2
Sirdal - Sinnes;SN42940;30.11.2024;5,7;4,6;6,9;4,5;0
Sirdal - Sinnes;SN42940;01.12.2024;8;5,6;8,2;7,1;0
Sirdal - Sinnes;SN42940;02.12.2024;6,1;3,6;27,8;3,9;0
Sirdal - Sinnes;SN42940;03.12.2024;1,6;-1,7;5,7;4;0
Sirdal - Sinnes;SN42940;04.12.2024;-1,7;-3,9;0;7,4;0
Sirdal - Sinnes;SN42940;05.12.2024;1,8;0,8;0,5;7,8;0
Sirdal - Sinnes;SN42940;06.12.2024;2,6;1,1;7;6,4;5
Sirdal - Sinnes;SN42940;07.12.2024;1,6;0,8;1,4;8,6;4
Sirdal - Sinnes;SN42940;08.12.2024;1,8;0,2;1,8;6,7;6
Sirdal - Sinnes;SN42940;09.12.2024;2,7;-7,5;0;4,6;7
Sirdal - Sinnes;SN42940;10.12.2024;-5;-9;0;2,3;6
Sirdal - Sinnes;SN42940;11.12.2024;-1,5;-3,9;0;2,3;7
Sirdal - Sinnes;SN42940;12.12.2024;2,1;-;0;2,3;7
Sirdal - Sinnes;SN42940;13.12.2024;1,9;0,3;0,5;1,9;6
Sirdal - Sinnes;SN42940;14.12.2024;2,2;0,2;8;4,8;5
Sirdal - Sinnes;SN42940;15.12.2024;6,7;2,8;2;6;6
Sirdal - Sinnes;SN42940;16.12.2024;7,7;2,8;47,4;10,3;0
Sirdal - Sinnes;SN42940;17.12.2024;3,3;2,2;19,3;4,3;0
Sirdal - Sinnes;SN42940;18.12.2024;6,5;4,7;14;6;0
Sirdal - Sinnes;SN42940;19.12.2024;5,7;0,9;14,6;5,5;0
Sirdal - Sinnes;SN42940;20.12.2024;1,1;-0,7;6;9,1;4
Sirdal - Sinnes;SN42940;21.12.2024;1,8;1;12,5;4;12
Sirdal - Sinnes;SN42940;22.12.2024;2,2;0,7;22,6;4,6;11
Sirdal - Sinnes;SN42940;23.12.2024;1,8;-3,4;20,3;5,3;20
Sirdal - Sinnes;SN42940;24.12.2024;0,3;-2,2;1,4;2,1;21
Sirdal - Sinnes;SN42940;25.12.2024;1,8;0,8;8,5;2,5;22
Sirdal - Sinnes;SN42940;26.12.2024;2,6;1;0,8;1,8;15
Sirdal - Sinnes;SN42940;27.12.2024;1,9;0,7;1,5;2,2;16
Sirdal - Sinnes;SN42940;28.12.2024;2,7;1,2;0,5;2;15
Sirdal - Sinnes;SN42940;29.12.2024;4,7;2,9;4,3;6;13
Sirdal - Sinnes;SN42940;30.12.2024;3,4;-1,9;19,4;4,4;9
Sirdal - Sinnes;SN42940;31.12.2024;-2;-4;0;5,4;10
Sirdal - Sinnes;SN42940;01.01.2025;1,4;-3,1;22,4;3,3;19
Sirdal - Sinnes;SN42940;02.01.2025;-5;-10,7;3,2;5,6;18
Sirdal - Sinnes;SN42940;03.01.2025;-5;-8,7;6,8;6,4;30
Sirdal - Sinnes;SN42940;04.01.2025;-7,3;-11,8;0;4,5;27
Sirdal - Sinnes;SN42940;05.01.2025;-2,3;-4,4;8,6;4,8;40
Sirdal - Sinnes;SN42940;06.01.2025;-2,1;-3,6;2,2;14,3;41
Sirdal - Sinnes;SN42940;07.01.2025;0,1;-2,4;18,1;15,3;23
Sirdal - Sinnes;SN42940;08.01.2025;-1,4;-6,5;1,4;3,5;24
Sirdal - Sinnes;SN42940;09.01.2025;-1,8;-5,9;0,3;4,2;23
Sirdal - Sinnes;SN42940;10.01.2025;-7;-12,8;0;2,3;22
Sirdal - Sinnes;SN42940;11.01.2025;-12,9;-18,8;0;2,1;22
Sirdal - Sinnes;SN42940;12.01.2025;-11,1;-16,7;0;2,3;22
Sirdal - Sinnes;SN42940;13.01.2025;2,7;-0,4;0,8;4,2;24
Sirdal - Sinnes;SN42940;14.01.2025;5,5;3,8;9,3;5,4;18
Sirdal - Sinnes;SN42940;15.01.2025;4,8;1,6;6,7;7,1;16
Sirdal - Sinnes;SN42940;16.01.2025;3,4;1;0;2,3;15
Sirdal - Sinnes;SN42940;17.01.2025;1,8;-1,4;0;3,7;14
Sirdal - Sinnes;SN42940;18.01.2025;3;1,1;0,1;4,4;14
Sirdal - Sinnes;SN42940;19.01.2025;0,6;-4;0,1;4,1;13
Sirdal - Sinnes;SN42940;20.01.2025;2,1;-4,6;0;3,7;12
Sirdal - Sinnes;SN42940;21.01.2025;-0,4;-1,4;0;5,9;12
Sirdal - Sinnes;SN42940;22.01.2025;-1,7;-2,3;2,1;2,9;14
Sirdal - Sinnes;SN42940;23.01.2025;0;-1,6;0;3,8;15
Sirdal - Sinnes;SN42940;24.01.2025;2,8;0,3;2,6;9,8;18
Sirdal - Sinnes;SN42940;25.01.2025;2,4;0,9;31,4;10,1;21
Sirdal - Sinnes;SN42940;26.01.2025;1,4;-0,6;9,4;6,1;29
Sirdal - Sinnes;SN42940;27.01.2025;0,4;-0,4;1,3;8;29
Sirdal - Sinnes;SN42940;28.01.2025;2,9;1,9;10,3;5,4;38
Sirdal - Sinnes;SN42940;29.01.2025;3,7;0,8;1,5;5,9;34
Sirdal - Sinnes;SN42940;30.01.2025;-0,6;-4,2;0;2,9;33
Sirdal - Sinnes;SN42940;31.01.2025;-2,6;-9,8;0;3;32
Sirdal - Sinnes;SN42940;01.02.2025;-4,6;-8,9;0;3,7;33
Sirdal - Sinnes;SN42940;02.02.2025;1;-1,4;0,4;4,1;33
Sirdal - Sinnes;SN42940;03.02.2025;1,6;0,3;3,1;5,3;35
Sirdal - Sinnes;SN42940;04.02.2025;3;2,1;1,2;4,9;34
Sirdal - Sinnes;SN42940;05.02.2025;3,2;1,3;12,3;4,6;30
Sirdal - Sinnes;SN42940;06.02.2025;2,3;-4,5;2,9;3,1;29
Sirdal - Sinnes;SN42940;07.02.2025;0,7;-5,6;0;4,3;29
Sirdal - Sinnes;SN42940;08.02.2025;-0,4;-2,4;0;6,1;31
Sirdal - Sinnes;SN42940;09.02.2025;-1,7;-7,8;0,3;3,9;32
Sirdal - Sinnes;SN42940;10.02.2025;2;-1,4;0;7,9;32
Sirdal - Sinnes;SN42940;11.02.2025;2,7;0,1;0;10,4;29
Sirdal - Sinnes;SN42940;12.02.2025;1,3;-2,2;0;6,3;29
Sirdal - Sinnes;SN42940;13.02.2025;0;-6,1;0;5,5;29
Sirdal - Sinnes;SN42940;14.02.2025;-1,7;-5,8;0;2,7;29
Sirdal - Sinnes;SN42940;15.02.2025;-1,1;-4,9;4,4;7,7;36
Sirdal - Sinnes;SN42940;16.02.2025;-7,3;-18,5;0,5;5;33
Sirdal - Sinnes;SN42940;17.02.2025;-1,9;-15,9;0;4,1;32
Sirdal - Sinnes;SN42940;18.02.2025;-3,7;-15,3;0;2,8;33
Sirdal - Sinnes;SN42940;19.02.2025;-2,7;-9,9;0;4,3;33
Sirdal - Sinnes;SN42940;20.02.2025;-1,5;-2,9;0;11,1;33
Sirdal - Sinnes;SN42940;21.02.2025;5,3;2,2;12,3;10,3;39
Sirdal - Sinnes;SN42940;22.02.2025;6,3;3;31,2;5,8;29
Sirdal - Sinnes;SN42940;23.02.2025;4,5;2,7;19,7;6,2;27
Sirdal - Sinnes;SN42940;24.02.2025;4,1;2,8;24,1;7,5;24
Sirdal - Sinnes;SN42940;25.02.2025;3,1;1,5;9,6;4,7;21
Sirdal - Sinnes;SN42940;26.02.2025;2,9;0,9;7,8;3;22
Sirdal - Sinnes;SN42940;27.02.2025;5,3;-0,6;2,2;2,7;21
Sirdal - Sinnes;SN42940;28.02.2025;3,6;-2,7;0;3;22
Sirdal - Sinnes;SN42940;01.03.2025;3,5;-0,6;0;4,1;23
Sirdal - Sinnes;SN42940;02.03.2025;5;2,7;1,9;4,9;22
Sirdal - Sinnes;SN42940;03.03.2025;4,6;3;3,3;5,8;20
Sirdal - Sinnes;SN42940;04.03.2025;5,2;3,6;4,8;8,1;16
Sirdal - Sinnes;SN42940;05.03.2025;5,8;4,5;21,8;5,1;11
Sirdal - Sinnes;SN42940;06.03.2025;5,8;4,1;6,5;3;7
Sirdal - Sinnes;SN42940;07.03.2025;3,7;1;0,6;2,3;6
Sirdal - Sinnes;SN42940;08.03.2025;4,3;1,5;2,9;2,9;6
Sirdal - Sinnes;SN42940;09.03.2025;8;1,6;1,6;2,9;4
Sirdal - Sinnes;SN42940;10.03.2025;10,2;2,3;0;5,2;4
Sirdal - Sinnes;SN42940;11.03.2025;3,7;-0,9;1,5;4,6;2
Sirdal - Sinnes;SN42940;12.03.2025;-0,5;-2,2;2,9;6,2;5
Sirdal - Sinnes;SN42940;13.03.2025;0,2;-5,3;0;4;4
Sirdal - Sinnes;SN42940;14.03.2025;3,8;-6,1;0;3,3;3
Sirdal - Sinnes;SN42940;15.03.2025;1,7;-1,4;0;4,6;3
Sirdal - Sinnes;SN42940;16.03.2025;3,5;0,4;0,4;6,2;0
Sirdal - Sinnes;SN42940;17.03.2025;3,4;-0,9;0;4,3;0
Sirdal - Sinnes;SN42940;18.03.2025;4,7;1,6;0;6,2;0
Sirdal - Sinnes;SN42940;19.03.2025;6,5;0;0;4,4;0
Sirdal - Sinnes;SN42940;20.03.2025;6,1;-1,8;0;4,3;0
Sirdal - Sinnes;SN42940;21.03.2025;6,8;0,7;0;4,4;0
Sirdal - Sinnes;SN42940;22.03.2025;3,8;2,2;0;6,2;0
Sirdal - Sinnes;SN42940;23.03.2025;6;3,6;0;6,4;0
Sirdal - Sinnes;SN42940;24.03.2025;7,6;2,5;0;5,6;0
Sirdal - Sinnes;SN42940;25.03.2025;8,5;4,4;0,6;5,2;0
Sirdal - Sinnes;SN42940;26.03.2025;7,2;3,9;0;6,8;0
Sirdal - Sinnes;SN42940;27.03.2025;7,2;4,6;0;4,2;0
Sirdal - Sinnes;SN42940;28.03.2025;5,8;4,2;13,4;5,4;0
Sirdal - Sinnes;SN42940;29.03.2025;4,6;2,1;13,3;5,7;0
Sirdal - Sinnes;SN42940;30.03.2025;6,5;1,9;4,3;5,5;2
Sirdal - Sinnes;SN42940;31.03.2025;8,9;2,3;3;4;0
Sirdal - Sinnes;SN42940;01.04.2025;14,2;5,1;0;3,4;0
Sirdal - Sinnes;SN42940;02.04.2025;15,2;5,4;0;3,9;0
Sirdal - Sinnes;SN42940;03.04.2025;13,6;4,9;0;3,9;0
Sirdal - Sinnes;SN42940;04.04.2025;9,6;3,4;0;4,9;0
Sirdal - Sinnes;SN42940;05.04.2025;9,2;2,3;0;4,7;0
Sirdal - Sinnes;SN42940;06.04.2025;7,9;1,8;0;5,7;0
Sirdal - Sinnes;SN42940;07.04.2025;12,8;3,7;0;3,7;0
Sirdal - Sinnes;SN42940;08.04.2025;10,7;3,3;0;5;0
Sirdal - Sinnes;SN42940;09.04.2025;12,9;5,1;0;5,2;0
Sirdal - Sinnes;SN42940;10.04.2025;8,4;2,4;0;6,8;0
Sirdal - Sinnes;SN42940;11.04.2025;9,7;6,4;0;4,4;0
Sirdal - Sinnes;SN42940;12.04.2025;13;7,3;0;4,2;0
Sirdal - Sinnes;SN42940;13.04.2025;11,5;5;0;5,6;0
Sirdal - Sinnes;SN42940;14.04.2025;9,4;3,7;6,8;5,3;0
Sirdal - Sinnes;SN42940;15.04.2025;9,2;5,9;0;6,7;0
Sirdal - Sinnes;SN42940;16.04.2025;13,5;9,9;2,5;6,3;0
Sirdal - Sinnes;SN42940;17.04.2025;10,9;5,4;12,6;4,3;0
Sirdal - Sinnes;SN42940;18.04.2025;9,8;5;2,4;6;0
Sirdal - Sinnes;SN42940;19.04.2025;15,2;7,2;0;5,3;0
Sirdal - Sinnes;SN42940;20.04.2025;10,2;6,7;0;5,6;0
Sirdal - Sinnes;SN42940;21.04.2025;8,8;6,4;0;4,1;0
Sirdal - Sinnes;SN42940;22.04.2025;9,1;6,3;0;3,4;0
Sirdal - Sinnes;SN42940;23.04.2025;11,6;7;0,2;4,4;0
Sirdal - Sinnes;SN42940;24.04.2025;11,7;6,1;0,1;5,2;0
Sirdal - Sinnes;SN42940;25.04.2025;10,9;5,2;0;4,5;0
Sirdal - Sinnes;SN42940;26.04.2025;14,1;5,6;0;5,3;0
Sirdal - Sinnes;SN42940;27.04.2025;12,4;6,2;0;6,4;0
Sirdal - Sinnes;SN42940;28.04.2025;10,5;7,7;1,7;4,7;0
Sirdal - Sinnes;SN42940;29.04.2025;13,3;7,4;1,5;5,5;0
Sirdal - Sinnes;SN42940;30.04.2025;14,3;9,7;0,2;5,1;0
Sirdal - Sinnes;SN42940;01.05.2025;16,7;8,9;0;7,3;0
Sirdal - Sinnes;SN42940;02.05.2025;11,8;4,7;5,4;5,8;0
Sirdal - Sinnes;SN42940;03.05.2025;8,9;5,3;5,7;5,9;0
Sirdal - Sinnes;SN42940;04.05.2025;8,8;4,4;1;5,9;0
Sirdal - Sinnes;SN42940;05.05.2025;9,4;3,8;0,4;6,4;0
Sirdal - Sinnes;SN42940;06.05.2025;13;6,8;0;6,9;0
Sirdal - Sinnes;SN42940;07.05.2025;15,2;7,3;0;4,7;0
Sirdal - Sinnes;SN42940;08.05.2025;18;10,6;0;4,5;0
Sirdal - Sinnes;SN42940;09.05.2025;15,3;9,8;0;6,2;0
Sirdal - Sinnes;SN42940;10.05.2025;19,4;11;0;4,2;0
Sirdal - Sinnes;SN42940;11.05.2025;17,5;10,5;0;4,5;0
Sirdal - Sinnes;SN42940;12.05.2025;16,7;10,7;0;4,4;0
Sirdal - Sinnes;SN42940;13.05.2025;15,7;10;0,1;5,6;0
Sirdal - Sinnes;SN42940;14.05.2025;16,2;10,6;0,1;5,5;0
Sirdal - Sinnes;SN42940;15.05.2025;16,9;10,4;0;7,9;0
Sirdal - Sinnes;SN42940;16.05.2025;20,4;12,4;0;6,5;0
Sirdal - Sinnes;SN42940;17.05.2025;20,1;11,6;0;6,5;0
Sirdal - Sinnes;SN42940;18.05.2025;17,2;10,1;0;5,5;0
Sirdal - Sinnes;SN42940;19.05.2025;20,1;11,8;0;5,5;0
Sirdal - Sinnes;SN42940;20.05.2025;22;13,6;0;5,3;0
Sirdal - Sinnes;SN42940;21.05.2025;18,4;7,6;0;9,6;0
Sirdal - Sinnes;SN42940;22.05.2025;9,8;4,2;2,7;7,4;0
Sirdal - Sinnes;SN42940;23.05.2025;10,5;5,2;0,1;5;0
Sirdal - Sinnes;SN42940;24.05.2025;11;5,6;0;5,4;0
Sirdal - Sinnes;SN42940;25.05.2025;12,3;9,1;2,3;4,8;0
Sirdal - Sinnes;SN42940;26.05.2025;9,7;5,8;9,5;6,7;0
Sirdal - Sinnes;SN42940;27.05.2025;10;6,7;12,7;6,3;0
Sirdal - Sinnes;SN42940;28.05.2025;11,5;7;11;4,7;0
Sirdal - Sinnes;SN42940;29.05.2025;12,1;7,4;0,6;6,4;0
Sirdal - Sinnes;SN42940;30.05.2025;10,4;8,1;5,4;4,9;0
Sirdal - Sinnes;SN42940;31.05.2025;15,6;9,2;0;4,1;0
Sirdal - Sinnes;SN42940;01.06.2025;13,1;9,8;3,1;5,7;0
Sirdal - Sinnes;SN42940;02.06.2025;10,3;6,8;5,9;4,8;0
Sirdal - Sinnes;SN42940;03.06.2025;11,2;7,2;0,2;9,2;0
Sirdal - Sinnes;SN42940;04.06.2025;11;7,3;13,6;6,7;0
Sirdal - Sinnes;SN42940;05.06.2025;10,7;7;21,5;5,6;0
Sirdal - Sinnes;SN42940;06.06.2025;8,5;6,3;6;3,9;0
Sirdal - Sinnes;SN42940;07.06.2025;12,6;8,1;12,6;4,4;0
Sirdal - Sinnes;SN42940;08.06.2025;12,7;7;0;5,5;0
Sirdal - Sinnes;SN42940;09.06.2025;11,5;7,5;0;4,6;0
Sirdal - Sinnes;SN42940;10.06.2025;12,2;7,9;0,8;4,9;0
Sirdal - Sinnes;SN42940;11.06.2025;13,2;9;1,3;5,1;0
Sirdal - Sinnes;SN42940;12.06.2025;20;12,3;0;4,7;0
Sirdal - Sinnes;SN42940;13.06.2025;19,7;13,7;0;6,3;0
Sirdal - Sinnes;SN42940;14.06.2025;21,3;15,1;0;5,2;0
Sirdal - Sinnes;SN42940;15.06.2025;19;14,8;0;5,7;0
Sirdal - Sinnes;SN42940;16.06.2025;14,4;10,9;1,9;5;0
Sirdal - Sinnes;SN42940;17.06.2025;13,4;11,1;0,9;4,6;0
Sirdal - Sinnes;SN42940;18.06.2025;12,1;9,4;0,7;5,3;0
Sirdal - Sinnes;SN42940;19.06.2025;12,8;9,6;0,6;6,8;0
Sirdal - Sinnes;SN42940;20.06.2025;17,9;11,4;0;5,3;0
Sirdal - Sinnes;SN42940;21.06.2025;21,8;15,1;0;4,4;0
Sirdal - Sinnes;SN42940;22.06.2025;19,8;13,4;0,1;5,5;0
Sirdal - Sinnes;SN42940;23.06.2025;15,5;10,2;11,7;5,1;0
Sirdal - Sinnes;SN42940;24.06.2025;11,1;9,4;6,2;4,8;0
Sirdal - Sinnes;SN42940;25.06.2025;17,3;12,2;1;4,9;0
Sirdal - Sinnes;SN42940;26.06.2025;16,5;11,9;0;4;0
Sirdal - Sinnes;SN42940;27.06.2025;15,8;11,5;9,2;5,7;0
Sirdal - Sinnes;SN42940;28.06.2025;17,1;13,4;7;5,3;0
Sirdal - Sinnes;SN42940;29.06.2025;13,6;10,3;0,8;7,4;0
Sirdal - Sinnes;SN42940;30.06.2025;20,3;13,8;2;4,3;0
Sirdal - Sinnes;SN42940;01.07.2025;17,6;14,3;0;3,9;0
Sirdal - Sinnes;SN42940;02.07.2025;20,4;15;3,1;4,3;0
Sirdal - Sinnes;SN42940;03.07.2025;14,1;10;0;6,7;0
Sirdal - Sinnes;SN42940;04.07.2025;12,5;8,4;2,8;4,3;-
Sirdal - Sinnes;SN42940;05.07.2025;14,6;11,8;31,5;4,3;-
Sirdal - Sinnes;SN42940;06.07.2025;15,2;12;4,8;4,1;-
Sirdal - Sinnes;SN42940;07.07.2025;18;13,2;18,9;4,2;-
Sirdal - Sinnes;SN42940;08.07.2025;20,3;14,2;3,3;4,3;-
Sirdal - Sinnes;SN42940;09.07.2025;19,5;13,5;0;4,6;-
Sirdal - Sinnes;SN42940;10.07.2025;23;15,7;0;4,7;-
Sirdal - Sinnes;SN42940;11.07.2025;27,2;18,7;0;3,8;-
Sirdal - Sinnes;SN42940;12.07.2025;27,8;20,4;0;6,2;-
Sirdal - Sinnes;SN42940;13.07.2025;26,2;17,5;0;5,8;-
Sirdal - Sinnes;SN42940;14.07.2025;23,8;17,1;0;4,5;-
Sirdal - Sinnes;SN42940;15.07.2025;19,8;15;8;3,6;-
Sirdal - Sinnes;SN42940;16.07.2025;22,5;16;20,8;5,5;-
Sirdal - Sinnes;SN42940;17.07.2025;26,9;18,9;2,3;4,6;-
Sirdal - Sinnes;SN42940;18.07.2025;25,9;18,1;0;4,7;-
Sirdal - Sinnes;SN42940;19.07.2025;26,1;18,4;0;3,7;-
Sirdal - Sinnes;SN42940;20.07.2025;25,8;18,7;0;5,7;-
Sirdal - Sinnes;SN42940;21.07.2025;22,9;17;0;4,6;-
Sirdal - Sinnes;SN42940;22.07.2025;23,5;17,7;8,3;4,5;-
Sirdal - Sinnes;SN42940;23.07.2025;25,3;18,9;0;4,8;-
Sirdal - Sinnes;SN42940;24.07.2025;24,4;17,1;0,9;4,1;-
Sirdal - Sinnes;SN42940;25.07.2025;21;16,5;3;5,1;-
Sirdal - Sinnes;SN42940;26.07.2025;18,4;14,1;0;5;-
Sirdal - Sinnes;SN42940;27.07.2025;18,4;13,8;0;5,5;-
Sirdal - Sinnes;SN42940;28.07.2025;17,4;12,6;0;4,7;-
Sirdal - Sinnes;SN42940;29.07.2025;17,3;12,7;0;5,4;-
Sirdal - Sinnes;SN42940;30.07.2025;21,5;14,9;8;4,6;-
Sirdal - Sinnes;SN42940;31.07.2025;21,6;13,9;0;3,6;-
Sirdal - Sinnes;SN42940;01.08.2025;20,5;14,5;3;3,9;-
Sirdal - Sinnes;SN42940;02.08.2025;23,1;16,9;3;5,4;-
Sirdal - Sinnes;SN42940;03.08.2025;17,2;14,3;1,4;3,3;-
Sirdal - Sinnes;SN42940;04.08.2025;15,1;11,9;13,3;4,9;-
Sirdal - Sinnes;SN42940;05.08.2025;12,1;9,6;37;7,1;-
Sirdal - Sinnes;SN42940;06.08.2025;13,1;10,3;37,5;5,1;-
Sirdal - Sinnes;SN42940;07.08.2025;11,9;10,2;3,6;3,8;-
Sirdal - Sinnes;SN42940;08.08.2025;15,2;11,4;6,7;5,7;-
Sirdal - Sinnes;SN42940;09.08.2025;14;11;1,2;4,6;-
Sirdal - Sinnes;SN42940;10.08.2025;14,2;10,4;8,4;5,1;-
Sirdal - Sinnes;SN42940;11.08.2025;13,1;9,6;0,4;2,5;-
Sirdal - Sinnes;SN42940;12.08.2025;16,5;11;1,8;4,2;-
Sirdal - Sinnes;SN42940;13.08.2025;23,7;16,6;1,1;4,8;-
Sirdal - Sinnes;SN42940;14.08.2025;21,6;14,7;0;5,2;-
Sirdal - Sinnes;SN42940;15.08.2025;17,6;14;7;6,2;-
Sirdal - Sinnes;SN42940;16.08.2025;14,9;10,9;0;6,2;-
Sirdal - Sinnes;SN42940;17.08.2025;23,6;14,3;0;5,3;-
Sirdal - Sinnes;SN42940;18.08.2025;24,5;15,5;0;4,5;-
Sirdal - Sinnes;SN42940;19.08.2025;20,3;14,1;0;5;-
Sirdal - Sinnes;SN42940;20.08.2025;15,7;10,1;0;5,9;-
Sirdal - Sinnes;SN42940;21.08.2025;15,8;9,6;0;4,7;-
Sirdal - Sinnes;SN42940;22.08.2025;12,4;8,7;0;5,9;-
Sirdal - Sinnes;SN42940;23.08.2025;15,1;8,8;0;4,6;-
Sirdal - Sinnes;SN42940;24.08.2025;15,8;9,9;0;4,9;-
Sirdal - Sinnes;SN42940;25.08.2025;18,5;10,4;0;4,1;-
Sirdal - Sinnes;SN42940;26.08.2025;17,1;10,7;0;3,7;-
Sirdal - Sinnes;SN42940;27.08.2025;15,5;13,7;0;3,7;-
Sirdal - Sinnes;SN42940;28.08.2025;18,1;13,9;0;4,7;-
Sirdal - Sinnes;SN42940;29.08.2025;17,5;12,9;16,1;5;-
Sirdal - Sinnes;SN42940;30.08.2025;16,2;12,8;0,3;4,7;-
Sirdal - Sinnes;SN42940;31.08.2025;14,3;13,1;1,8;5;-
Sirdal - Sinnes;SN42940;01.09.2025;15,4;13,2;6,1;3,9;-
Sirdal - Sinnes;SN42940;02.09.2025;14,7;12,5;19,4;5,4;-
Sirdal - Sinnes;SN42940;03.09.2025;14,5;12,4;20,2;4,8;-
Sirdal - Sinnes;SN42940;04.09.2025;14,7;13,1;41,1;6;-
Sirdal - Sinnes;SN42940;05.09.2025;15;11,6;3,7;4,2;-
Sirdal - Sinnes;SN42940;07.09.2025;17,5;10,7;0;4,6;-
Sirdal - Sinnes;SN42940;08.09.2025;16,8;12,7;0;5,3;-
Sirdal - Sinnes;SN42940;09.09.2025;15,4;13,1;0,9;5,6;-
Sirdal - Sinnes;SN42940;10.09.2025;16,3;14;8,3;5,3;-
Sirdal - Sinnes;SN42940;11.09.2025;14,9;11,5;27;5,4;-
Sirdal - Sinnes;SN42940;12.09.2025;12,7;9;4,7;5,8;-
Sirdal - Sinnes;SN42940;13.09.2025;12,9;8,8;20,6;5,2;-
Sirdal - Sinnes;SN42940;14.09.2025;14,6;9,2;31,3;4,4;-
Sirdal - Sinnes;SN42940;15.09.2025;12,2;9,2;1,5;5,4;-
Sirdal - Sinnes;SN42940;16.09.2025;12,9;9,6;24,6;4,9;-
Sirdal - Sinnes;SN42940;17.09.2025;13,9;9,5;1,4;4,9;-
Sirdal - Sinnes;SN42940;18.09.2025;12,6;9,6;1,5;4,8;-
Sirdal - Sinnes;SN42940;19.09.2025;13,9;11,8;2;4,1;-
Sirdal - Sinnes;SN42940;20.09.2025;13,2;9,6;15,4;3;-
Sirdal - Sinnes;SN42940;21.09.2025;9,2;6,9;10,2;6,6;-
Sirdal - Sinnes;SN42940;22.09.2025;7,1;4,5;1;5,4;-
Sirdal - Sinnes;SN42940;23.09.2025;12;4;0;4,4;-
Sirdal - Sinnes;SN42940;24.09.2025;14;4,4;0;3,6;-
Sirdal - Sinnes;SN42940;25.09.2025;15,6;5,2;0;1,9;-
Sirdal - Sinnes;SN42940;26.09.2025;14,1;7;0;4,4;-
Sirdal - Sinnes;SN42940;27.09.2025;13,1;9,9;0;6;-
Sirdal - Sinnes;SN42940;28.09.2025;13,8;10,4;0;6,1;-
Sirdal - Sinnes;SN42940;29.09.2025;11,7;9,5;0;5,7;-
Sirdal - Sinnes;SN42940;30.09.2025;9,9;7,3;0,1;4;-
Sirdal - Sinnes;SN42940;01.10.2025;9,6;7,2;0,1;5,4;-
Sirdal - Sinnes;SN42940;02.10.2025;8,6;7,6;0,9;5;-
Sirdal - Sinnes;SN42940;03.10.2025;9,4;7,7;0,6;7,4;-
Sirdal - Sinnes;SN42940;04.10.2025;8,9;7;41,4;9,1;-
Sirdal - Sinnes;SN42940;05.10.2025;11,1;8,5;27,6;6,5;-
Sirdal - Sinnes;SN42940;06.10.2025;10,6;8,1;11,1;5,7;-
Sirdal - Sinnes;SN42940;07.10.2025;11,7;10;5,7;4,3;-
Sirdal - Sinnes;SN42940;08.10.2025;9,9;6,9;1,5;4,8;-
Sirdal - Sinnes;SN42940;09.10.2025;9,3;7,7;1,8;6,3;-
Sirdal - Sinnes;SN42940;10.10.2025;10,7;8,7;2,8;6;-
Sirdal - Sinnes;SN42940;11.10.2025;10,5;9,1;0,9;5,4;-
Sirdal - Sinnes;SN42940;12.10.2025;13,4;9,6;0;5,6;-
Sirdal - Sinnes;SN42940;13.10.2025;14,2;7,7;0;5,3;-
Sirdal - Sinnes;SN42940;14.10.2025;16,5;7,4;0;4,3;-
Sirdal - Sinnes;SN42940;15.10.2025;10,6;8,7;0;7,5;-
Sirdal - Sinnes;SN42940;16.10.2025;9,5;6,7;0;7,1;-
Sirdal - Sinnes;SN42940;17.10.2025;7,8;1,6;0;4,7;-
Sirdal - Sinnes;SN42940;18.10.2025;6,1;0,5;0;3,4;-
Sirdal - Sinnes;SN42940;19.10.2025;6,8;3,4;0;3,7;-
Sirdal - Sinnes;SN42940;20.10.2025;6,5;5,2;0;7,4;-
Sirdal - Sinnes;SN42940;21.10.2025;8,7;7,7;1,6;7,4;-
Sirdal - Sinnes;SN42940;22.10.2025;10,1;7,9;8,3;4,5;-
Sirdal - Sinnes;SN42940;23.10.2025;7,6;5,9;8,9;5,9;-
Sirdal - Sinnes;SN42940;24.10.2025;10,6;8,3;5,6;7,9;-
Sirdal - Sinnes;SN42940;25.10.2025;9,1;6,8;1,2;4;-
Sirdal - Sinnes;SN42940;26.10.2025;7,7;4,2;0,3;4,1;-
Sirdal - Sinnes;SN42940;27.10.2025;6,5;4;3,8;3,9;-
Sirdal - Sinnes;SN42940;28.10.2025;5,6;1,3;0,2;5,4;-
Sirdal - Sinnes;SN42940;29.10.2025;3,9;0,4;0,1;4,7;-
Sirdal - Sinnes;SN42940;30.10.2025;7,4;1,7;1,8;4,2;-
Sirdal - Sinnes;SN42940;31.10.2025;4;1,7;0;5,2;-
Sirdal - Sinnes;SN42940;01.11.2025;8,9;6,7;9;9,1;0
Sirdal - Sinnes;SN42940;02.11.2025;7,6;4,9;37,2;5,2;0
Sirdal - Sinnes;SN42940;03.11.2025;6,2;5,3;5,7;5,9;0
Sirdal - Sinnes;SN42940;04.11.2025;10,5;8,6;13;4;0
Sirdal - Sinnes;SN42940;05.11.2025;9,6;8,8;18,9;3;0
Sirdal - Sinnes;SN42940;06.11.2025;10,7;8,8;12,2;2,3;0
Sirdal - Sinnes;SN42940;07.11.2025;12,6;6,2;4,7;5,1;0
Sirdal - Sinnes;SN42940;08.11.2025;6,6;4,3;0;3,7;0
Sirdal - Sinnes;SN42940;09.11.2025;7,5;6,5;0;2,9;0
Sirdal - Sinnes;SN42940;10.11.2025;7,2;6,3;2,6;3,8;0
Sirdal - Sinnes;SN42940;11.11.2025;7,3;6;1,3;4,2;0
Sirdal - Sinnes;SN42940;12.11.2025;9,5;8;18,5;6,3;0
Sirdal - Sinnes;SN42940;13.11.2025;7,3;2,3;13,1;4,8;0
Sirdal - Sinnes;SN42940;14.11.2025;0,8;-3,8;3,1;3;5
Sirdal - Sinnes;SN42940;15.11.2025;0,1;-5;0;2,5;5
Sirdal - Sinnes;SN42940;16.11.2025;2,9;0,6;0,2;5,1;5
Sirdal - Sinnes;SN42940;17.11.2025;1,4;-1,7;0,7;5,4;2
Sirdal - Sinnes;SN42940;18.11.2025;-0,4;-2,8;0;5,3;3
Sirdal - Sinnes;SN42940;19.11.2025;-3,1;-9;0,1;2,6;0
Sirdal - Sinnes;SN42940;20.11.2025;-3,7;-10,5;0;1,9;0
Sirdal - Sinnes;SN42940;21.11.2025;-4,8;-8,7;0;2,5;0
Sirdal - Sinnes;SN42940;22.11.2025;2,6;1,2;2,8;3,7;7
Sirdal - Sinnes;SN42940;23.11.2025;3,1;1,1;11;4,7;0
Sirdal - Sinnes;SN42940;24.11.2025;2,1;-1,4;0,3;6,1;0
Sirdal - Sinnes;SN42940;25.11.2025;-2,8;-7,3;0;4;0
Sirdal - Sinnes;SN42940;26.11.2025;-0,4;-2;0;2,7;0
Sirdal - Sinnes;SN42940;27.11.2025;2;1,4;4,3;4,4;3
Sirdal - Sinnes;SN42940;28.11.2025;6,1;3,9;10,3;6,4;0
Sirdal - Sinnes;SN42940;29.11.2025;4,2;0,1;28,4;5,8;0
Sirdal - Sinnes;SN42940;30.11.2025;2,6;1;4,6;7,2;3
Sirdal - Sinnes;SN42940;01.12.2025;3,6;1,7;5,9;4,9;2
Sirdal - Sinnes;SN42940;02.12.2025;6,8;5,1;22,7;6,6;0
Sirdal - Sinnes;SN42940;03.12.2025;4,2;3,4;11,7;4,9;0
Sirdal - Sinnes;SN42940;04.12.2025;4,1;3;3,2;4,1;0
Sirdal - Sinnes;SN42940;05.12.2025;3,7;3;1,3;5,1;0
Sirdal - Sinnes;SN42940;06.12.2025;3,5;2;0,3;7,3;0
Sirdal - Sinnes;SN42940;07.12.2025;3,2;2,6;0,1;6;0
Sirdal - Sinnes;SN42940;08.12.2025;4,4;3,1;7,3;9,1;0
Sirdal - Sinnes;SN42940;09.12.2025;4,2;2;6,4;5,5;0
Sirdal - Sinnes;SN42940;10.12.2025;6,3;4,9;10,6;7,7;0
Sirdal - Sinnes;SN42940;11.12.2025;6,9;5,7;23;4,5;0
Sirdal - Sinnes;SN42940;12.12.2025;5,6;4,2;12,1;2,3;0
Sirdal - Sinnes;SN42940;13.12.2025;5,2;3,2;4,2;4,7;0
Sirdal - Sinnes;SN42940;14.12.2025;6,7;5,9;13,4;4,2;0
Sirdal - Sinnes;SN42940;15.12.2025;6,8;6,3;15,9;5,3;0
Sirdal - Sinnes;SN42940;16.12.2025;6,6;5,2;11,9;5;0
Sirdal - Sinnes;SN42940;17.12.2025;4,2;1,6;8;4,1;0
Sirdal - Sinnes;SN42940;18.12.2025;6,7;4,8;17,7;7,8;0
Sirdal - Sinnes;SN42940;19.12.2025;7,4;4,2;25,4;7,6;0
Sirdal - Sinnes;SN42940;20.12.2025;4,6;2,5;29,4;4,9;0
Sirdal - Sinnes;SN42940;21.12.2025;1,6;-1,6;0,3;3;0
Sirdal - Sinnes;SN42940;22.12.2025;3,2;0,7;0;3,4;0
Sirdal - Sinnes;SN42940;23.12.2025;0,8;-4,4;0;3,5;0
Sirdal - Sinnes;SN42940;24.12.2025;-3,9;-7,4;0;1,6;0
Sirdal - Sinnes;SN42940;25.12.2025;-2,8;-4,8;0;1,7;0
Sirdal - Sinnes;SN42940;26.12.2025;0,4;-2,8;0;2,1;0
Sirdal - Sinnes;SN42940;27.12.2025;4;-0,8;0;6,5;0
Sirdal - Sinnes;SN42940;28.12.2025;3,6;-2,5;0;5,3;0
Sirdal - Sinnes;SN42940;29.12.2025;2,5;-2,2;0;4,1;0
Sirdal - Sinnes;SN42940;30.12.2025;-3,4;-6,8;0;3,9;0
Sirdal - Sinnes;SN42940;31.12.2025;1,2;-0,9;0,2;3,6;0
Sirdal - Sinnes;SN42940;25.04.2022;-;3,3;0;4,3;0
Sirdal - Sinnes;SN42940;06.09.2025;-;10,2;5;2,8;-
Sirdal - Sinnes;SN42940;23.01.2021;-;-;30;-;-
Sirdal - Sinnes;SN42940;03.06.2021;-;-;0;-;0
Sirdal - Sinnes;SN42940;27.06.2021;-;-;0,1;-;0
Sirdal - Sinnes;SN42940;29.06.2021;-;-;0;-;0
Sirdal - Sinnes;SN42940;30.06.2021;-;-;0;-;0
Data er gyldig per 28.09.2026 (CC BY 4.0), Meteorologisk institutt (MET);;;;;;;